101.000 0.084
103.000 0.098
104.000 0.081
105.000 0.071
106.000 0.102
107.000 0.067
108.000 0.048
109.000 0.065
110.000 0.048
111.000 0.082
112.000 0.087
113.000 0.074
114.000 0.104
115.000 0.056
116.000 0.093
117.000 0.093
118.000 0.089
119.000 0.082
120.000 0.073
121.000 0.081
122.000 0.076
123.000 0.088
124.000 0.101
125.000 0.058
126.000 0.123
127.000 0.081
128.000 0.090
129.000 0.088
130.000 0.071
131.000 0.065
132.000 0.080
133.000 0.111
134.000 0.080
135.000 0.082
136.000 0.084
137.000 0.074
138.000 0.122
139.000 0.065
140.000 0.102
141.000 0.064
142.000 0.097
143.000 0.103
144.000 0.086
145.000 0.081
146.000 0.091
147.000 0.080
148.000 0.090
149.000 0.104
150.000 0.093
151.000 0.112
152.000 0.078
153.000 0.069
154.000 0.075
155.000 0.076
156.000 0.087
157.000 0.074
158.000 0.145
159.000 0.073
160.000 0.095
161.000 0.105
162.000 0.090
163.000 0.092
164.000 0.110
165.000 0.108
166.000 0.086
167.000 0.095
168.000 0.083
169.000 0.074
170.000 0.116
171.000 0.117
172.000 0.099
173.000 0.097
174.000 0.100
175.000 0.105
176.000 0.086
177.000 0.088
178.000 0.089
179.000 0.086
180.000 0.087
181.000 0.118
182.000 0.111
183.000 0.108
184.000 0.096
185.000 0.102
186.000 0.099
187.000 0.086
188.000 0.106
189.000 0.109
190.000 0.109
191.000 0.110
192.000 0.098
193.000 0.103
194.000 0.092
195.000 0.095
196.000 0.093
197.000 0.093
198.000 0.090
199.000 0.086
200.000 0.096
201.000 0.098
202.000 0.088
203.000 0.108
204.000 0.093
205.000 0.096
206.000 0.105
207.000 0.114
208.000 0.101
209.000 0.086
210.000 0.108
211.000 0.097
212.000 0.090
213.000 0.093
214.000 0.102
215.000 0.096
216.000 0.104
217.000 0.103
218.000 0.104
219.000 0.108
220.000 0.098
221.000 0.106
222.000 0.095
223.000 0.101
224.000 0.104
225.000 0.108
226.000 0.110
227.000 0.116
228.000 0.106
229.000 0.091
230.000 0.109
231.000 0.122
232.000 0.110
233.000 0.126
234.000 0.107
235.000 0.111
236.000 0.106
237.000 0.107
238.000 0.112
239.000 0.103
240.000 0.105
241.000 0.105
242.000 0.105
243.000 0.097
244.000 0.101
245.000 0.109
246.000 0.106
247.000 0.102
248.000 0.110
249.000 0.102
250.000 0.115
251.000 0.109
252.000 0.104
253.000 0.113
254.000 0.105
255.000 0.114
256.000 0.103
257.000 0.115
258.000 0.118
259.000 0.101
260.000 0.100
261.000 0.112
262.000 0.105
263.000 0.115
264.000 0.114
265.000 0.126
266.000 0.093
267.000 0.123
268.000 0.108
269.000 0.130
270.000 0.101
271.000 0.106
272.000 0.125
273.000 0.128
274.000 0.115
275.000 0.113
276.000 0.105
277.000 0.117
278.000 0.111
279.000 0.121
280.000 0.112
281.000 0.117
282.000 0.110
283.000 0.124
284.000 0.120
285.000 0.114
286.000 0.120
287.000 0.110
288.000 0.116
289.000 0.114
290.000 0.119
291.000 0.105
292.000 0.119
293.000 0.125
294.000 0.112
295.000 0.127
296.000 0.122
297.000 0.117
298.000 0.118
299.000 0.128
300.000 0.122
301.000 0.121
302.000 0.130
303.000 0.114
304.000 0.114
305.000 0.125
306.000 0.125
307.000 0.114
308.000 0.124
309.000 0.122
310.000 0.115
311.000 0.123
312.000 0.120
313.000 0.122
314.000 0.118
315.000 0.125
316.000 0.132
317.000 0.125
318.000 0.129
319.000 0.125
320.000 0.118
321.000 0.119
322.000 0.121
323.000 0.126
324.000 0.123
325.000 0.127
326.000 0.130
327.000 0.123
328.000 0.129
329.000 0.123
330.000 0.127
331.000 0.132
332.000 0.129
333.000 0.130
334.000 0.124
335.000 0.132
336.000 0.123
337.000 0.121
338.000 0.130
339.000 0.132
340.000 0.127
341.000 0.129
342.000 0.132
343.000 0.130
344.000 0.138
345.000 0.133
346.000 0.136
347.000 0.135
348.000 0.131
349.000 0.127
350.000 0.126
351.000 0.143
352.000 0.137
353.000 0.146
354.000 0.141
355.000 0.134
356.000 0.129
357.000 0.140
358.000 0.130
359.000 0.136
360.000 0.139
361.000 0.137
362.000 0.137
363.000 0.137
364.000 0.139
365.000 0.136
366.000 0.140
367.000 0.135
368.000 0.138
369.000 0.145
370.000 0.141
371.000 0.136
372.000 0.144
373.000 0.138
374.000 0.144
375.000 0.144
376.000 0.141
377.000 0.149
378.000 0.150
379.000 0.144
380.000 0.155
381.000 0.150
382.000 0.150
383.000 0.152
384.000 0.148
385.000 0.156
386.000 0.161
387.000 0.151
388.000 0.148
389.000 0.155
390.000 0.155
391.000 0.152
392.000 0.160
393.000 0.149
394.000 0.154
395.000 0.154
396.000 0.166
397.000 0.164
398.000 0.168
399.000 0.163
400.000 0.171
401.000 0.166
402.000 0.163
403.000 0.164
404.000 0.165
405.000 0.173
406.000 0.167
407.000 0.165
408.000 0.175
409.000 0.172
410.000 0.174
411.000 0.176
412.000 0.171
413.000 0.172
414.000 0.172
415.000 0.177
416.000 0.177
417.000 0.180
418.000 0.182
419.000 0.188
420.000 0.182
421.000 0.190
422.000 0.186
423.000 0.185
424.000 0.186
425.000 0.190
426.000 0.189
427.000 0.189
428.000 0.189
429.000 0.192
430.000 0.199
431.000 0.200
432.000 0.198
433.000 0.197
434.000 0.202
435.000 0.207
436.000 0.211
437.000 0.208
438.000 0.211
439.000 0.207
440.000 0.212
441.000 0.225
442.000 0.219
443.000 0.217
444.000 0.216
445.000 0.215
446.000 0.222
447.000 0.224
448.000 0.232
449.000 0.229
450.000 0.228
451.000 0.229
452.000 0.229
453.000 0.231
454.000 0.236
455.000 0.242
456.000 0.244
457.000 0.237
458.000 0.239
459.000 0.236
460.000 0.249
461.000 0.249
462.000 0.251
463.000 0.254
464.000 0.245
465.000 0.254
466.000 0.260
467.000 0.255
468.000 0.262
469.000 0.261
470.000 0.261
471.000 0.268
472.000 0.265
473.000 0.264
474.000 0.270
475.000 0.268
476.000 0.273
477.000 0.275
478.000 0.281
479.000 0.277
480.000 0.276
481.000 0.273
482.000 0.275
483.000 0.283
484.000 0.278
485.000 0.284
486.000 0.285
487.000 0.286
488.000 0.281
489.000 0.285
490.000 0.285
491.000 0.286
492.000 0.285
493.000 0.284
494.000 0.290
495.000 0.278
496.000 0.288
497.000 0.285
498.000 0.282
499.000 0.275
500.000 0.276
501.000 0.276
502.000 0.278
503.000 0.275
504.000 0.281
505.000 0.285
506.000 0.269
507.000 0.268
508.000 0.265
509.000 0.266
510.000 0.266
511.000 0.257
512.000 0.252
513.000 0.252
514.000 0.254
515.000 0.252
516.000 0.248
517.000 0.245
518.000 0.239
519.000 0.246
520.000 0.237
521.000 0.235
522.000 0.231
523.000 0.231
524.000 0.226
525.000 0.224
526.000 0.231
527.000 0.220
528.000 0.216
529.000 0.214
530.000 0.209
531.000 0.211
532.000 0.207
533.000 0.211
534.000 0.200
535.000 0.200
536.000 0.200
537.000 0.190
538.000 0.185
539.000 0.188
540.000 0.190
541.000 0.185
542.000 0.181
543.000 0.177
544.000 0.175
545.000 0.175
546.000 0.170
547.000 0.169
548.000 0.164
549.000 0.165
550.000 0.167
551.000 0.164
552.000 0.165
553.000 0.157
554.000 0.154
555.000 0.149
556.000 0.154
557.000 0.150
558.000 0.154
559.000 0.149
560.000 0.142
561.000 0.141
562.000 0.143
563.000 0.137
564.000 0.133
565.000 0.132
566.000 0.138
567.000 0.127
568.000 0.133
569.000 0.132
570.000 0.129
571.000 0.123
572.000 0.123
573.000 0.127
574.000 0.121
575.000 0.117
576.000 0.131
577.000 0.119
578.000 0.117
579.000 0.116
580.000 0.115
581.000 0.107
582.000 0.107
583.000 0.107
584.000 0.109
585.000 0.110
586.000 0.106
587.000 0.101
588.000 0.104
589.000 0.105
590.000 0.099
591.000 0.098
592.000 0.100
593.000 0.098
594.000 0.098
595.000 0.095
596.000 0.092
597.000 0.094
598.000 0.092
599.000 0.089
600.000 0.090
601.000 0.090
602.000 0.088
603.000 0.087
604.000 0.086
605.000 0.091
606.000 0.086
607.000 0.089
608.000 0.080
609.000 0.080
610.000 0.084
611.000 0.082
612.000 0.080
613.000 0.078
614.000 0.077
615.000 0.078
616.000 0.082
617.000 0.080
618.000 0.078
619.000 0.075
620.000 0.082
621.000 0.079
622.000 0.071
623.000 0.071
624.000 0.073
625.000 0.071
626.000 0.068
627.000 0.070
628.000 0.078
629.000 0.069
630.000 0.068
631.000 0.070
632.000 0.065
633.000 0.071
634.000 0.070
635.000 0.062
636.000 0.063
637.000 0.064
638.000 0.074
639.000 0.068
640.000 0.067
641.000 0.063
642.000 0.062
643.000 0.064
644.000 0.060
645.000 0.060
646.000 0.058
647.000 0.059
648.000 0.056
649.000 0.056
650.000 0.062
651.000 0.064
652.000 0.056
653.000 0.058
654.000 0.058
655.000 0.053
656.000 0.056
657.000 0.059
658.000 0.058
659.000 0.053
660.000 0.052
661.000 0.048
662.000 0.061
663.000 0.056
664.000 0.051
665.000 0.053
666.000 0.050
667.000 0.052
668.000 0.058
669.000 0.052
670.000 0.053
671.000 0.053
672.000 0.051
673.000 0.050
674.000 0.051
675.000 0.053
676.000 0.049
677.000 0.047
678.000 0.053
679.000 0.049
680.000 0.044
681.000 0.046
682.000 0.049
683.000 0.048
684.000 0.048
685.000 0.048
686.000 0.047
687.000 0.046
688.000 0.047
689.000 0.046
690.000 0.042
691.000 0.049
692.000 0.041
693.000 0.044
694.000 0.044
695.000 0.050
696.000 0.044
697.000 0.046
698.000 0.042
699.000 0.045
700.000 0.043
701.000 0.044
702.000 0.038
703.000 0.041
704.000 0.042
705.000 0.047
706.000 0.044
707.000 0.040
708.000 0.039
709.000 0.042
710.000 0.045
711.000 0.042
712.000 0.038
713.000 0.045
714.000 0.042
715.000 0.041
716.000 0.040
717.000 0.038
718.000 0.042
719.000 0.040
720.000 0.038
721.000 0.039
722.000 0.039
723.000 0.038
724.000 0.029
725.000 0.047
726.000 0.040
727.000 0.039
728.000 0.043
729.000 0.036
730.000 0.037
731.000 0.039
732.000 0.036
733.000 0.040
734.000 0.037
735.000 0.038
736.000 0.034
737.000 0.036
738.000 0.036
739.000 0.042
740.000 0.039
741.000 0.037
742.000 0.033
743.000 0.036
744.000 0.037
745.000 0.037
746.000 0.036
747.000 0.034
748.000 0.037
749.000 0.036
750.000 0.035
751.000 0.037
752.000 0.046
753.000 0.043
754.000 0.032
755.000 0.037
756.000 0.035
757.000 0.035
758.000 0.036
759.000 0.042
760.000 0.038
761.000 0.036
762.000 0.039
763.000 0.034
764.000 0.040
765.000 0.036
766.000 0.038
767.000 0.038
768.000 0.035
769.000 0.034
770.000 0.041
771.000 0.039
772.000 0.037
773.000 0.043
774.000 0.035
775.000 0.037
776.000 0.035
777.000 0.036
778.000 0.042
779.000 0.040
780.000 0.035
781.000 0.040
782.000 0.039
783.000 0.034
784.000 0.033
785.000 0.034
786.000 0.039
787.000 0.038
788.000 0.033
789.000 0.037
790.000 0.033
791.000 0.035
792.000 0.038
793.000 0.041
794.000 0.035
795.000 0.036
796.000 0.038
797.000 0.034
798.000 0.033
799.000 0.034
800.000 0.042
801.000 0.036
802.000 0.035
803.000 0.038
804.000 0.036
805.000 0.034
806.000 0.038
807.000 0.035
808.000 0.038
809.000 0.038
810.000 0.033
811.000 0.034
812.000 0.037
813.000 0.038
814.000 0.035
815.000 0.033
816.000 0.034
817.000 0.039
818.000 0.042
819.000 0.035
820.000 0.037
821.000 0.035
822.000 0.034
823.000 0.031
824.000 0.037
825.000 0.035
826.000 0.039
827.000 0.039
828.000 0.034
829.000 0.037
830.000 0.035
831.000 0.039
832.000 0.040
833.000 0.039
834.000 0.042
835.000 0.037
836.000 0.038
837.000 0.042
838.000 0.038
839.000 0.040
840.000 0.038
841.000 0.036
842.000 0.037
843.000 0.036
844.000 0.041
845.000 0.040
846.000 0.039
847.000 0.035
848.000 0.037
849.000 0.036
850.000 0.039
851.000 0.039
852.000 0.042
853.000 0.040
854.000 0.043
855.000 0.036
856.000 0.039
857.000 0.036
858.000 0.041
859.000 0.041
860.000 0.040
861.000 0.039
862.000 0.044
863.000 0.043
864.000 0.042
865.000 0.036
866.000 0.036
867.000 0.039
868.000 0.045
869.000 0.040
870.000 0.039
871.000 0.037
872.000 0.039
873.000 0.038
874.000 0.039
875.000 0.045
876.000 0.041
877.000 0.039
878.000 0.039
879.000 0.042
880.000 0.042
881.000 0.040
882.000 0.045
883.000 0.044
884.000 0.043
885.000 0.041
886.000 0.041
887.000 0.042
888.000 0.040
889.000 0.044
890.000 0.042
891.000 0.044
892.000 0.039
893.000 0.044
894.000 0.042
895.000 0.041
896.000 0.040
897.000 0.040
898.000 0.044
899.000 0.044
900.000 0.042
901.000 0.042
902.000 0.043
903.000 0.044
904.000 0.045
905.000 0.043
906.000 0.041
907.000 0.043
908.000 0.044
909.000 0.042
910.000 0.049
911.000 0.046
912.000 0.047
913.000 0.044
914.000 0.049
915.000 0.048
916.000 0.045
917.000 0.045
918.000 0.044
919.000 0.046
920.000 0.043
921.000 0.044
922.000 0.048
923.000 0.044
924.000 0.046
925.000 0.048
926.000 0.050
927.000 0.048
928.000 0.046
929.000 0.047
930.000 0.044
931.000 0.045
932.000 0.048
933.000 0.047
934.000 0.049
935.000 0.048
936.000 0.050
937.000 0.048
938.000 0.047
939.000 0.049
940.000 0.050
941.000 0.047
942.000 0.051
943.000 0.051
944.000 0.052
945.000 0.051
946.000 0.050
947.000 0.051
948.000 0.052
949.000 0.050
950.000 0.052
951.000 0.051
952.000 0.049
953.000 0.050
954.000 0.047
955.000 0.052
956.000 0.050
957.000 0.053
958.000 0.048
959.000 0.051
960.000 0.053
961.000 0.050
962.000 0.052
963.000 0.055
964.000 0.052
965.000 0.049
966.000 0.052
967.000 0.054
968.000 0.054
969.000 0.056
970.000 0.054
971.000 0.053
972.000 0.054
973.000 0.056
974.000 0.051
975.000 0.053
976.000 0.051
977.000 0.055
978.000 0.050
979.000 0.054
980.000 0.056
981.000 0.055
982.000 0.057
983.000 0.057
984.000 0.054
985.000 0.056
986.000 0.055
987.000 0.055
988.000 0.055
989.000 0.055
990.000 0.056
991.000 0.056
992.000 0.057
993.000 0.057
994.000 0.055
995.000 0.055
996.000 0.059
997.000 0.056
998.000 0.057
999.000 0.059
1000.000 0.057
1001.000 0.063
1002.000 0.058
1003.000 0.058
1004.000 0.057
1005.000 0.062
1006.000 0.059
1007.000 0.059
1008.000 0.056
1009.000 0.059
1010.000 0.059
1011.000 0.057
1012.000 0.059
1013.000 0.059
1014.000 0.058
1015.000 0.058
1016.000 0.057
1017.000 0.060
1018.000 0.061
1019.000 0.058
1020.000 0.060
1021.000 0.058
1022.000 0.061
1023.000 0.059
1024.000 0.061
1025.000 0.065
1026.000 0.062
1027.000 0.064
1028.000 0.061
1029.000 0.062
1030.000 0.059
1031.000 0.060
1032.000 0.059
1033.000 0.060
1034.000 0.060
1035.000 0.060
1036.000 0.059
1037.000 0.064
1038.000 0.059
1039.000 0.059
1040.000 0.060
1041.000 0.061
1042.000 0.060
1043.000 0.061
1044.000 0.060
1045.000 0.058
1046.000 0.059
1047.000 0.062
1048.000 0.060
1049.000 0.060
1050.000 0.062
1051.000 0.058
1052.000 0.059
1053.000 0.061
1054.000 0.060
1055.000 0.060
1056.000 0.058
1057.000 0.056
1058.000 0.060
1059.000 0.065
1060.000 0.062
1061.000 0.062
1062.000 0.060
1063.000 0.064
1064.000 0.056
1065.000 0.061
1066.000 0.062
1067.000 0.061
1068.000 0.063
1069.000 0.058
1070.000 0.058
1071.000 0.061
1072.000 0.062
1073.000 0.061
1074.000 0.063
1075.000 0.063
1076.000 0.065
1077.000 0.064
1078.000 0.065
1079.000 0.063
1080.000 0.064
1081.000 0.064
1082.000 0.067
1083.000 0.064
1084.000 0.067
1085.000 0.068
1086.000 0.068
1087.000 0.069
1088.000 0.067
1089.000 0.071
1090.000 0.073
1091.000 0.067
1092.000 0.073
1093.000 0.074
1094.000 0.073
1095.000 0.076
1096.000 0.074
1097.000 0.077
1098.000 0.081
1099.000 0.077
1100.000 0.081
1101.000 0.081
1102.000 0.086
1103.000 0.086
1104.000 0.083
1105.000 0.087
1106.000 0.087
1107.000 0.086
1108.000 0.088
1109.000 0.090
1110.000 0.089
1111.000 0.090
1112.000 0.093
1113.000 0.094
1114.000 0.093
1115.000 0.094
1116.000 0.096
1117.000 0.100
1118.000 0.096
1119.000 0.096
1120.000 0.098
1121.000 0.096
1122.000 0.100
1123.000 0.099
1124.000 0.099
1125.000 0.102
1126.000 0.101
1127.000 0.103
1128.000 0.102
1129.000 0.101
1130.000 0.104
1131.000 0.103
1132.000 0.104
1133.000 0.104
1134.000 0.107
1135.000 0.106
1136.000 0.107
1137.000 0.105
1138.000 0.106
1139.000 0.105
1140.000 0.105
1141.000 0.105
1142.000 0.102
1143.000 0.107
1144.000 0.107
1145.000 0.109
1146.000 0.108
1147.000 0.111
1148.000 0.107
1149.000 0.108
1150.000 0.105
1151.000 0.107
1152.000 0.108
1153.000 0.106
1154.000 0.108
1155.000 0.107
1156.000 0.108
1157.000 0.107
1158.000 0.108
1159.000 0.111
1160.000 0.108
1161.000 0.110
1162.000 0.107
1163.000 0.108
1164.000 0.111
1165.000 0.108
1166.000 0.110
1167.000 0.110
1168.000 0.110
1169.000 0.111
1170.000 0.108
1171.000 0.106
1172.000 0.107
1173.000 0.110
1174.000 0.108
1175.000 0.107
1176.000 0.109
1177.000 0.109
1178.000 0.111
1179.000 0.109
1180.000 0.111
1181.000 0.107
1182.000 0.108
1183.000 0.108
1184.000 0.108
1185.000 0.107
1186.000 0.106
1187.000 0.107
1188.000 0.106
1189.000 0.114
1190.000 0.107
1191.000 0.108
1192.000 0.108
1193.000 0.106
1194.000 0.109
1195.000 0.107
1196.000 0.106
1197.000 0.106
1198.000 0.109
1199.000 0.104
1200.000 0.110
1201.000 0.107
1202.000 0.104
1203.000 0.106
1204.000 0.109
1205.000 0.106
1206.000 0.105
1207.000 0.109
1208.000 0.106
1209.000 0.103
1210.000 0.104
1211.000 0.102
1212.000 0.103
1213.000 0.104
1214.000 0.105
1215.000 0.102
1216.000 0.106
1217.000 0.104
1218.000 0.104
1219.000 0.103
1220.000 0.105
1221.000 0.101
1222.000 0.104
1223.000 0.103
1224.000 0.104
1225.000 0.102
1226.000 0.101
1227.000 0.103
1228.000 0.102
1229.000 0.101
1230.000 0.101
1231.000 0.102
1232.000 0.101
1233.000 0.102
1234.000 0.103
1235.000 0.102
1236.000 0.101
1237.000 0.099
1238.000 0.101
1239.000 0.100
1240.000 0.099
1241.000 0.097
1242.000 0.098
1243.000 0.096
1244.000 0.098
1245.000 0.096
1246.000 0.100
1247.000 0.098
1248.000 0.105
1249.000 0.098
1250.000 0.097
1251.000 0.098
1252.000 0.096
1253.000 0.097
1254.000 0.098
1255.000 0.092
1256.000 0.096
1257.000 0.096
1258.000 0.100
1259.000 0.094
1260.000 0.094
1261.000 0.098
1262.000 0.095
1263.000 0.095
1264.000 0.095
1265.000 0.092
1266.000 0.095
1267.000 0.094
1268.000 0.095
1269.000 0.094
1270.000 0.096
1271.000 0.093
1272.000 0.092
1273.000 0.093
1274.000 0.092
1275.000 0.089
1276.000 0.091
1277.000 0.090
1278.000 0.096
1279.000 0.091
1280.000 0.094
1281.000 0.090
1282.000 0.092
1283.000 0.089
1284.000 0.088
1285.000 0.093
1286.000 0.088
1287.000 0.089
1288.000 0.089
1289.000 0.087
1290.000 0.090
1291.000 0.088
1292.000 0.087
1293.000 0.090
1294.000 0.088
1295.000 0.086
1296.000 0.088
1297.000 0.089
1298.000 0.086
1299.000 0.090
1300.000 0.085
1301.000 0.086
1302.000 0.086
1303.000 0.083
1304.000 0.084
1305.000 0.086
1306.000 0.085
1307.000 0.086
1308.000 0.085
1309.000 0.086
1310.000 0.085
1311.000 0.084
1312.000 0.083
1313.000 0.084
1314.000 0.089
1315.000 0.086
1316.000 0.087
1317.000 0.082
1318.000 0.082
1319.000 0.085
1320.000 0.083
1321.000 0.084
1322.000 0.084
1323.000 0.082
1324.000 0.084
1325.000 0.083
1326.000 0.081
1327.000 0.080
1328.000 0.081
1329.000 0.079
1330.000 0.081
1331.000 0.087
1332.000 0.081
1333.000 0.083
1334.000 0.081
1335.000 0.081
1336.000 0.079
1337.000 0.079
1338.000 0.080
1339.000 0.079
1340.000 0.076
1341.000 0.079
1342.000 0.081
1343.000 0.079
1344.000 0.077
1345.000 0.078
1346.000 0.078
1347.000 0.078
1348.000 0.078
1349.000 0.077
1350.000 0.077
1351.000 0.076
1352.000 0.077
1353.000 0.077
1354.000 0.078
1355.000 0.078
1356.000 0.075
1357.000 0.079
1358.000 0.076
1359.000 0.076
1360.000 0.076
1361.000 0.075
1362.000 0.075
1363.000 0.076
1364.000 0.073
1365.000 0.073
1366.000 0.074
1367.000 0.077
1368.000 0.071
1369.000 0.074
1370.000 0.073
1371.000 0.073
1372.000 0.073
1373.000 0.074
1374.000 0.073
1375.000 0.072
1376.000 0.073
1377.000 0.075
1378.000 0.076
1379.000 0.073
1380.000 0.074
1381.000 0.072
1382.000 0.073
1383.000 0.071
1384.000 0.071
1385.000 0.074
1386.000 0.071
1387.000 0.072
1388.000 0.070
1389.000 0.071
1390.000 0.072
1391.000 0.072
1392.000 0.073
1393.000 0.074
1394.000 0.070
1395.000 0.071
1396.000 0.070
1397.000 0.069
1398.000 0.070
1399.000 0.069
1400.000 0.069
1401.000 0.068
1402.000 0.071
1403.000 0.072
1404.000 0.069
1405.000 0.068
1406.000 0.067
1407.000 0.068
1408.000 0.071
1409.000 0.071
1410.000 0.070
1411.000 0.069
1412.000 0.069
1413.000 0.066
1414.000 0.068
1415.000 0.068
1416.000 0.068
1417.000 0.067
1418.000 0.065
1419.000 0.066
1420.000 0.068
1421.000 0.065
1422.000 0.066
1423.000 0.066
1424.000 0.066
1425.000 0.065
1426.000 0.067
1427.000 0.068
1428.000 0.064
1429.000 0.067
1430.000 0.065
1431.000 0.065
1432.000 0.066
1433.000 0.066
1434.000 0.066
1435.000 0.066
1436.000 0.062
1437.000 0.066
1438.000 0.062
1439.000 0.064
1440.000 0.065
1441.000 0.062
1442.000 0.064
1443.000 0.065
1444.000 0.065
1445.000 0.064
1446.000 0.062
1447.000 0.063
1448.000 0.064
1449.000 0.063
1450.000 0.063
1451.000 0.062
1452.000 0.065
1453.000 0.064
1454.000 0.065
1455.000 0.061
1456.000 0.063
1457.000 0.061
1458.000 0.062
1459.000 0.063
1460.000 0.060
1461.000 0.061
1462.000 0.063
1463.000 0.062
1464.000 0.061
1465.000 0.060
1466.000 0.061
1467.000 0.062
1468.000 0.062
1469.000 0.061
1470.000 0.062
1471.000 0.063
1472.000 0.060
1473.000 0.062
1474.000 0.060
1475.000 0.062
1476.000 0.059
1477.000 0.060
1478.000 0.062
1479.000 0.059
1480.000 0.062
1481.000 0.060
1482.000 0.060
1483.000 0.061
1484.000 0.059
1485.000 0.058
1486.000 0.060
1487.000 0.060
1488.000 0.058
1489.000 0.060
1490.000 0.059
1491.000 0.060
1492.000 0.058
1493.000 0.060
1494.000 0.059
1495.000 0.059
1496.000 0.059
1497.000 0.058
1498.000 0.058
1499.000 0.056
1500.000 0.060
1501.000 0.058
1502.000 0.060
1503.000 0.057
1504.000 0.057
1505.000 0.060
1506.000 0.058
1507.000 0.061
1508.000 0.058
1509.000 0.054
1510.000 0.058
1511.000 0.056
1512.000 0.061
1513.000 0.057
1514.000 0.055
1515.000 0.056
1516.000 0.058
1517.000 0.058
1518.000 0.054
1519.000 0.055
1520.000 0.058
1521.000 0.058
1522.000 0.056
1523.000 0.057
1524.000 0.057
1525.000 0.058
1526.000 0.056
1527.000 0.054
1528.000 0.054
1529.000 0.057
1530.000 0.058
1531.000 0.058
1532.000 0.054
1533.000 0.057
1534.000 0.056
1535.000 0.059
1536.000 0.056
1537.000 0.054
1538.000 0.056
1539.000 0.052
1540.000 0.054
1541.000 0.053
1542.000 0.056
1543.000 0.058
1544.000 0.055
1545.000 0.054
1546.000 0.056
1547.000 0.056
1548.000 0.052
1549.000 0.054
1550.000 0.053
1551.000 0.053
1552.000 0.056
1553.000 0.053
1554.000 0.053
1555.000 0.053
1556.000 0.054
1557.000 0.054
1558.000 0.055
1559.000 0.053
1560.000 0.055
1561.000 0.054
1562.000 0.053
1563.000 0.055
1564.000 0.056
1565.000 0.053
1566.000 0.052
1567.000 0.055
1568.000 0.052
1569.000 0.052
1570.000 0.054
1571.000 0.052
1572.000 0.052
1573.000 0.052
1574.000 0.053
1575.000 0.055
1576.000 0.053
1577.000 0.051
1578.000 0.051
1579.000 0.051
1580.000 0.052
1581.000 0.050
1582.000 0.055
1583.000 0.050
1584.000 0.051
1585.000 0.052
1586.000 0.053
1587.000 0.051
1588.000 0.050
1589.000 0.051
1590.000 0.053
1591.000 0.052
1592.000 0.051
1593.000 0.051
1594.000 0.052
1595.000 0.047
1596.000 0.052
1597.000 0.050
1598.000 0.052
1599.000 0.052
1600.000 0.052
1601.000 0.051
1602.000 0.051
1603.000 0.050
1604.000 0.051
1605.000 0.053
1606.000 0.052
1607.000 0.051
1608.000 0.048
1609.000 0.049
1610.000 0.053
1611.000 0.049
1612.000 0.053
1613.000 0.051
1614.000 0.053
1615.000 0.051
1616.000 0.052
1617.000 0.050
1618.000 0.052
1619.000 0.049
1620.000 0.052
1621.000 0.051
1622.000 0.051
1623.000 0.050
1624.000 0.052
1625.000 0.050
1626.000 0.051
1627.000 0.051
1628.000 0.050
1629.000 0.048
1630.000 0.051
1631.000 0.052
1632.000 0.051
1633.000 0.051
1634.000 0.049
1635.000 0.048
1636.000 0.050
1637.000 0.049
1638.000 0.049
1639.000 0.050
1640.000 0.051
1641.000 0.050
1642.000 0.050
1643.000 0.049
1644.000 0.049
1645.000 0.050
1646.000 0.050
1647.000 0.048
1648.000 0.048
1649.000 0.048
1650.000 0.050
1651.000 0.047
1652.000 0.049
1653.000 0.050
1654.000 0.049
1655.000 0.047
1656.000 0.048
1657.000 0.047
1658.000 0.049
1659.000 0.049
1660.000 0.047
1661.000 0.048
1662.000 0.050
1663.000 0.048
1664.000 0.050
1665.000 0.047
1666.000 0.049
1667.000 0.047
1668.000 0.049
1669.000 0.047
1670.000 0.049
1671.000 0.049
1672.000 0.049
1673.000 0.050
1674.000 0.046
1675.000 0.048
1676.000 0.047
1677.000 0.048
1678.000 0.047
1679.000 0.045
1680.000 0.049
1681.000 0.049
1682.000 0.048
1683.000 0.049
1684.000 0.048
1685.000 0.046
1686.000 0.049
1687.000 0.048
1688.000 0.047
1689.000 0.047
1690.000 0.048
1691.000 0.045
1692.000 0.048
1693.000 0.048
1694.000 0.049
1695.000 0.049
1696.000 0.047
1697.000 0.048
1698.000 0.047
1699.000 0.047
1700.000 0.046
1701.000 0.048
1702.000 0.048
1703.000 0.049
1704.000 0.046
1705.000 0.049
1706.000 0.051
1707.000 0.047
1708.000 0.048
1709.000 0.048
1710.000 0.049
1711.000 0.046
1712.000 0.047
1713.000 0.049
1714.000 0.048
1715.000 0.047
1716.000 0.048
1717.000 0.046
1718.000 0.046
1719.000 0.046
1720.000 0.045
1721.000 0.049
1722.000 0.045
1723.000 0.048
1724.000 0.045
1725.000 0.047
1726.000 0.046
1727.000 0.048
1728.000 0.047
1729.000 0.046
1730.000 0.046
1731.000 0.046
1732.000 0.047
1733.000 0.045
1734.000 0.046
1735.000 0.048
1736.000 0.048
1737.000 0.047
1738.000 0.046
1739.000 0.049
1740.000 0.043
1741.000 0.047
1742.000 0.048
1743.000 0.048
1744.000 0.045
1745.000 0.046
1746.000 0.048
1747.000 0.044
1748.000 0.045
1749.000 0.047
1750.000 0.048
1751.000 0.046
1752.000 0.046
1753.000 0.046
1754.000 0.045
1755.000 0.046
1756.000 0.047
1757.000 0.047
1758.000 0.045
1759.000 0.045
1760.000 0.048
1761.000 0.046
1762.000 0.046
1763.000 0.048
1764.000 0.045
1765.000 0.045
1766.000 0.046
1767.000 0.048
1768.000 0.046
1769.000 0.045
1770.000 0.048
1771.000 0.047
1772.000 0.045
1773.000 0.047
1774.000 0.046
1775.000 0.047
1776.000 0.046
1777.000 0.045
1778.000 0.045
1779.000 0.045
1780.000 0.044
1781.000 0.045
1782.000 0.046
1783.000 0.047
1784.000 0.045
1785.000 0.048
1786.000 0.048
1787.000 0.047
1788.000 0.045
1789.000 0.046
1790.000 0.047
1791.000 0.046
1792.000 0.044
1793.000 0.046
1794.000 0.046
1795.000 0.045
1796.000 0.044
1797.000 0.045
1798.000 0.046
1799.000 0.046
1800.000 0.045
1801.000 0.047
1802.000 0.045
1803.000 0.048
1804.000 0.048
1805.000 0.044
1806.000 0.045
1807.000 0.045
1808.000 0.046
1809.000 0.046
1810.000 0.045
1811.000 0.046
1812.000 0.046
1813.000 0.047
1814.000 0.045
1815.000 0.048
1816.000 0.045
1817.000 0.045
1818.000 0.045
1819.000 0.044
1820.000 0.047
1821.000 0.046
1822.000 0.045
1823.000 0.044
1824.000 0.045
1825.000 0.044
1826.000 0.046
1827.000 0.046
1828.000 0.045
1829.000 0.045
1830.000 0.046
1831.000 0.045
1832.000 0.045
1833.000 0.046
1834.000 0.046
1835.000 0.045
1836.000 0.047
1837.000 0.046
1838.000 0.048
1839.000 0.046
1840.000 0.045
1841.000 0.046
1842.000 0.047
1843.000 0.047
1844.000 0.045
1845.000 0.047
1846.000 0.045
1847.000 0.045
1848.000 0.045
1849.000 0.045
1850.000 0.045
1851.000 0.046
1852.000 0.046
1853.000 0.045
1854.000 0.047
1855.000 0.044
1856.000 0.047
1857.000 0.044
1858.000 0.045
1859.000 0.047
1860.000 0.046
1861.000 0.046
1862.000 0.045
1863.000 0.047
1864.000 0.045
1865.000 0.046
1866.000 0.046
1867.000 0.047
1868.000 0.045
1869.000 0.046
1870.000 0.047
1871.000 0.044
1872.000 0.045
1873.000 0.046
1874.000 0.045
1875.000 0.045
1876.000 0.046
1877.000 0.045
1878.000 0.050
1879.000 0.046
1880.000 0.047
1881.000 0.047
1882.000 0.047
1883.000 0.047
1884.000 0.045
1885.000 0.047
1886.000 0.045
1887.000 0.047
1888.000 0.046
1889.000 0.049
1890.000 0.045
1891.000 0.045
1892.000 0.046
1893.000 0.048
1894.000 0.045
1895.000 0.046
1896.000 0.046
1897.000 0.046
1898.000 0.046
1899.000 0.047
1900.000 0.044
1901.000 0.045
1902.000 0.046
1903.000 0.047
1904.000 0.046
1905.000 0.045
1906.000 0.046
1907.000 0.048
1908.000 0.048
1909.000 0.048
1910.000 0.045
1911.000 0.047
1912.000 0.046
1913.000 0.047
1914.000 0.048
1915.000 0.049
1916.000 0.047
1917.000 0.046
1918.000 0.049
1919.000 0.045
1920.000 0.048
1921.000 0.046
1922.000 0.045
1923.000 0.045
1924.000 0.047
1925.000 0.046
1926.000 0.045
1927.000 0.048
1928.000 0.045
1929.000 0.046
1930.000 0.046
1931.000 0.047
1932.000 0.047
1933.000 0.046
1934.000 0.047
1935.000 0.047
1936.000 0.047
1937.000 0.052
1938.000 0.047
1939.000 0.049
1940.000 0.047
1941.000 0.045
1942.000 0.046
1943.000 0.047
1944.000 0.047
1945.000 0.047
1946.000 0.049
1947.000 0.048
1948.000 0.045
1949.000 0.047
1950.000 0.047
1951.000 0.045
1952.000 0.048
1953.000 0.046
1954.000 0.049
1955.000 0.047
1956.000 0.047
1957.000 0.047
1958.000 0.049
1959.000 0.045
1960.000 0.050
1961.000 0.049
1962.000 0.047
1963.000 0.046
1964.000 0.048
1965.000 0.048
1966.000 0.047
1967.000 0.047
1968.000 0.047
1969.000 0.048
1970.000 0.047
1971.000 0.048
1972.000 0.048
1973.000 0.047
1974.000 0.049
1975.000 0.048
1976.000 0.047
1977.000 0.048
1978.000 0.048
1979.000 0.047
1980.000 0.049
1981.000 0.049
1982.000 0.048
1983.000 0.048
1984.000 0.048
1985.000 0.050
1986.000 0.048
1987.000 0.048
1988.000 0.049
1989.000 0.049
1990.000 0.049
1991.000 0.048
1992.000 0.046
1993.000 0.051
1994.000 0.051
1995.000 0.049
1996.000 0.048
1997.000 0.051
1998.000 0.050
1999.000 0.050
2000.000 0.049
2001.000 0.050
2002.000 0.049
2003.000 0.048
2004.000 0.051
2005.000 0.051
2006.000 0.048
2007.000 0.051
2008.000 0.050
2009.000 0.049
2010.000 0.047
2011.000 0.050
2012.000 0.052
2013.000 0.048
2014.000 0.051
2015.000 0.052
2016.000 0.051
2017.000 0.052
2018.000 0.050
2019.000 0.052
2020.000 0.050
2021.000 0.049
2022.000 0.051
2023.000 0.050
2024.000 0.052
2025.000 0.051
2026.000 0.053
2027.000 0.051
2028.000 0.050
2029.000 0.051
2030.000 0.050
2031.000 0.050
2032.000 0.051
2033.000 0.052
2034.000 0.051
2035.000 0.049
2036.000 0.051
2037.000 0.053
2038.000 0.052
2039.000 0.050
2040.000 0.053
2041.000 0.053
2042.000 0.050
2043.000 0.049
2044.000 0.052
2045.000 0.052
2046.000 0.050
2047.000 0.051
2048.000 0.051
2049.000 0.050
2050.000 0.055
2051.000 0.054
2052.000 0.051
2053.000 0.054
2054.000 0.054
2055.000 0.053
2056.000 0.053
2057.000 0.053
2058.000 0.053
2059.000 0.054
2060.000 0.053
2061.000 0.053
2062.000 0.054
2063.000 0.055
2064.000 0.053
2065.000 0.054
2066.000 0.055
2067.000 0.054
2068.000 0.054
2069.000 0.052
2070.000 0.055
2071.000 0.055
2072.000 0.054
2073.000 0.054
2074.000 0.055
2075.000 0.054
2076.000 0.056
2077.000 0.056
2078.000 0.054
2079.000 0.056
2080.000 0.057
2081.000 0.054
2082.000 0.055
2083.000 0.056
2084.000 0.057
2085.000 0.055
2086.000 0.056
2087.000 0.058
2088.000 0.056
2089.000 0.056
2090.000 0.055
2091.000 0.056
2092.000 0.056
2093.000 0.054
2094.000 0.056
2095.000 0.056
2096.000 0.058
2097.000 0.054
2098.000 0.057
2099.000 0.058
2100.000 0.056
2101.000 0.058
2102.000 0.058
2103.000 0.057
2104.000 0.057
2105.000 0.060
2106.000 0.059
2107.000 0.058
2108.000 0.060
2109.000 0.058
2110.000 0.058
2111.000 0.058
2112.000 0.059
2113.000 0.059
2114.000 0.057
2115.000 0.059
2116.000 0.060
2117.000 0.060
2118.000 0.056
2119.000 0.059
2120.000 0.058
2121.000 0.062
2122.000 0.059
2123.000 0.059
2124.000 0.063
2125.000 0.062
2126.000 0.061
2127.000 0.061
2128.000 0.060
2129.000 0.063
2130.000 0.063
2131.000 0.060
2132.000 0.062
2133.000 0.064
2134.000 0.062
2135.000 0.061
2136.000 0.061
2137.000 0.062
2138.000 0.062
2139.000 0.063
2140.000 0.064
2141.000 0.062
2142.000 0.062
2143.000 0.063
2144.000 0.063
2145.000 0.064
2146.000 0.066
2147.000 0.065
2148.000 0.063
2149.000 0.064
2150.000 0.064
2151.000 0.065
2152.000 0.066
2153.000 0.065
2154.000 0.066
2155.000 0.068
2156.000 0.064
2157.000 0.068
2158.000 0.065
2159.000 0.069
2160.000 0.068
2161.000 0.068
2162.000 0.066
2163.000 0.067
2164.000 0.068
2165.000 0.071
2166.000 0.068
2167.000 0.069
2168.000 0.069
2169.000 0.068
2170.000 0.066
2171.000 0.071
2172.000 0.070
2173.000 0.069
2174.000 0.069
2175.000 0.070
2176.000 0.070
2177.000 0.071
2178.000 0.072
2179.000 0.073
2180.000 0.072
2181.000 0.073
2182.000 0.072
2183.000 0.072
2184.000 0.074
2185.000 0.075
2186.000 0.073
2187.000 0.074
2188.000 0.074
2189.000 0.074
2190.000 0.076
2191.000 0.078
2192.000 0.075
2193.000 0.076
2194.000 0.076
2195.000 0.077
2196.000 0.077
2197.000 0.077
2198.000 0.078
2199.000 0.079
2200.000 0.079
2201.000 0.079
2202.000 0.079
2203.000 0.079
2204.000 0.080
2205.000 0.079
2206.000 0.081
2207.000 0.081
2208.000 0.081
2209.000 0.080
2210.000 0.082
2211.000 0.083
2212.000 0.084
2213.000 0.083
2214.000 0.085
2215.000 0.086
2216.000 0.084
2217.000 0.087
2218.000 0.086
2219.000 0.085
2220.000 0.085
2221.000 0.087
2222.000 0.089
2223.000 0.091
2224.000 0.090
2225.000 0.089
2226.000 0.087
2227.000 0.089
2228.000 0.089
2229.000 0.090
2230.000 0.091
2231.000 0.090
2232.000 0.093
2233.000 0.094
2234.000 0.093
2235.000 0.096
2236.000 0.095
2237.000 0.095
2238.000 0.097
2239.000 0.097
2240.000 0.097
2241.000 0.097
2242.000 0.099
2243.000 0.099
2244.000 0.097
2245.000 0.099
2246.000 0.100
2247.000 0.102
2248.000 0.103
2249.000 0.103
2250.000 0.105
2251.000 0.105
2252.000 0.105
2253.000 0.104
2254.000 0.106
2255.000 0.108
2256.000 0.109
2257.000 0.108
2258.000 0.107
2259.000 0.112
2260.000 0.111
2261.000 0.111
2262.000 0.113
2263.000 0.115
2264.000 0.115
2265.000 0.117
2266.000 0.118
2267.000 0.118
2268.000 0.119
2269.000 0.118
2270.000 0.123
2271.000 0.122
2272.000 0.124
2273.000 0.124
2274.000 0.123
2275.000 0.124
2276.000 0.129
2277.000 0.129
2278.000 0.129
2279.000 0.129
2280.000 0.132
2281.000 0.132
2282.000 0.135
2283.000 0.135
2284.000 0.135
2285.000 0.140
2286.000 0.138
2287.000 0.139
2288.000 0.143
2289.000 0.142
2290.000 0.145
2291.000 0.145
2292.000 0.147
2293.000 0.146
2294.000 0.151
2295.000 0.152
2296.000 0.153
2297.000 0.157
2298.000 0.156
2299.000 0.157
2300.000 0.158
2301.000 0.159
2302.000 0.162
2303.000 0.162
2304.000 0.163
2305.000 0.165
2306.000 0.167
2307.000 0.167
2308.000 0.168
2309.000 0.172
2310.000 0.173
2311.000 0.173
2312.000 0.173
2313.000 0.177
2314.000 0.177
2315.000 0.180
2316.000 0.180
2317.000 0.180
2318.000 0.181
2319.000 0.182
2320.000 0.183
2321.000 0.184
2322.000 0.187
2323.000 0.186
2324.000 0.185
2325.000 0.189
2326.000 0.188
2327.000 0.187
2328.000 0.191
2329.000 0.189
2330.000 0.190
2331.000 0.188
2332.000 0.187
2333.000 0.189
2334.000 0.187
2335.000 0.186
2336.000 0.188
2337.000 0.188
2338.000 0.184
2339.000 0.183
2340.000 0.183
2341.000 0.183
2342.000 0.180
2343.000 0.179
2344.000 0.179
2345.000 0.176
2346.000 0.176
2347.000 0.174
2348.000 0.173
2349.000 0.170
2350.000 0.170
2351.000 0.168
2352.000 0.166
2353.000 0.166
2354.000 0.164
2355.000 0.164
2356.000 0.160
2357.000 0.157
2358.000 0.153
2359.000 0.152
2360.000 0.153
2361.000 0.150
2362.000 0.149
2363.000 0.146
2364.000 0.141
2365.000 0.143
2366.000 0.143
2367.000 0.138
2368.000 0.138
2369.000 0.135
2370.000 0.134
2371.000 0.131
2372.000 0.129
2373.000 0.130
2374.000 0.126
2375.000 0.124
2376.000 0.122
2377.000 0.119
2378.000 0.121
2379.000 0.117
2380.000 0.117
2381.000 0.113
2382.000 0.115
2383.000 0.111
2384.000 0.110
2385.000 0.108
2386.000 0.108
2387.000 0.106
2388.000 0.105
2389.000 0.100
2390.000 0.103
2391.000 0.100
2392.000 0.098
2393.000 0.097
2394.000 0.097
2395.000 0.094
2396.000 0.093
2397.000 0.095
2398.000 0.090
2399.000 0.087
2400.000 0.088
2401.000 0.087
2402.000 0.087
2403.000 0.085
2404.000 0.083
2405.000 0.084
2406.000 0.083
2407.000 0.083
2408.000 0.080
2409.000 0.079
2410.000 0.077
2411.000 0.077
2412.000 0.078
2413.000 0.076
2414.000 0.075
2415.000 0.074
2416.000 0.074
2417.000 0.071
2418.000 0.070
2419.000 0.071
2420.000 0.068
2421.000 0.069
2422.000 0.069
2423.000 0.068
2424.000 0.066
2425.000 0.064
2426.000 0.066
2427.000 0.067
2428.000 0.063
2429.000 0.063
2430.000 0.062
2431.000 0.062
2432.000 0.059
2433.000 0.058
2434.000 0.057
2435.000 0.059
2436.000 0.058
2437.000 0.059
2438.000 0.057
2439.000 0.059
2440.000 0.056
2441.000 0.056
2442.000 0.055
2443.000 0.054
2444.000 0.053
2445.000 0.052
2446.000 0.050
2447.000 0.051
2448.000 0.054
2449.000 0.050
2450.000 0.050
2451.000 0.050
2452.000 0.049
2453.000 0.048
2454.000 0.049
2455.000 0.049
2456.000 0.049
2457.000 0.047
2458.000 0.045
2459.000 0.046
2460.000 0.046
2461.000 0.044
2462.000 0.045
2463.000 0.044
2464.000 0.046
2465.000 0.043
2466.000 0.043
2467.000 0.043
2468.000 0.043
2469.000 0.043
2470.000 0.041
2471.000 0.041
2472.000 0.044
2473.000 0.041
2474.000 0.039
2475.000 0.040
2476.000 0.039
2477.000 0.038
2478.000 0.039
2479.000 0.041
2480.000 0.039
2481.000 0.038
2482.000 0.038
2483.000 0.038
2484.000 0.035
2485.000 0.037
2486.000 0.037
2487.000 0.036
2488.000 0.033
2489.000 0.037
2490.000 0.036
2491.000 0.035
2492.000 0.035
2493.000 0.035
2494.000 0.034
2495.000 0.034
2496.000 0.034
2497.000 0.035
2498.000 0.035
2499.000 0.033
2500.000 0.032
2501.000 0.032
2502.000 0.033
2503.000 0.030
2504.000 0.035
2505.000 0.031
2506.000 0.030
2507.000 0.033
2508.000 0.030
2509.000 0.031
2510.000 0.029
2511.000 0.031
2512.000 0.030
2513.000 0.030
2514.000 0.029
2515.000 0.030
2516.000 0.030
2517.000 0.030
2518.000 0.028
2519.000 0.028
2520.000 0.028
2521.000 0.029
2522.000 0.028
2523.000 0.026
2524.000 0.030
2525.000 0.028
2526.000 0.028
2527.000 0.026
2528.000 0.028
2529.000 0.026
2530.000 0.027
2531.000 0.026
2532.000 0.027
2533.000 0.025
2534.000 0.027
2535.000 0.027
2536.000 0.024
2537.000 0.025
2538.000 0.026
2539.000 0.026
2540.000 0.025
2541.000 0.023
2542.000 0.023
2543.000 0.023
2544.000 0.024
2545.000 0.023
2546.000 0.023
2547.000 0.025
2548.000 0.024
2549.000 0.023
2550.000 0.023
2551.000 0.025
2552.000 0.023
2553.000 0.022
2554.000 0.025
2555.000 0.023
2556.000 0.024
2557.000 0.024
2558.000 0.024
2559.000 0.023
2560.000 0.023
2561.000 0.022
2562.000 0.022
2563.000 0.022
2564.000 0.021
2565.000 0.022
2566.000 0.024
2567.000 0.024
2568.000 0.020
2569.000 0.021
2570.000 0.020
2571.000 0.022
2572.000 0.019
2573.000 0.022
2574.000 0.020
2575.000 0.021
2576.000 0.020
2577.000 0.020
2578.000 0.022
2579.000 0.018
2580.000 0.020
2581.000 0.020
2582.000 0.021
2583.000 0.022
2584.000 0.020
2585.000 0.019
2586.000 0.020
2587.000 0.021
2588.000 0.018
2589.000 0.020
2590.000 0.019
2591.000 0.021
2592.000 0.021
2593.000 0.019
2594.000 0.018
2595.000 0.019
2596.000 0.016
2597.000 0.018
2598.000 0.019
2599.000 0.019
2600.000 0.019
2601.000 0.018
2602.000 0.018
2603.000 0.019
2604.000 0.019
2605.000 0.019
2606.000 0.019
2607.000 0.019
2608.000 0.018
2609.000 0.018
2610.000 0.016
2611.000 0.018
2612.000 0.018
2613.000 0.018
2614.000 0.018
2615.000 0.017
2616.000 0.019
2617.000 0.017
2618.000 0.016
2619.000 0.019
2620.000 0.019
2621.000 0.017
2622.000 0.018
2623.000 0.019
2624.000 0.019
2625.000 0.018
2626.000 0.018
2627.000 0.018
2628.000 0.017
2629.000 0.018
2630.000 0.018
2631.000 0.017
2632.000 0.020
2633.000 0.019
2634.000 0.016
2635.000 0.018
2636.000 0.016
2637.000 0.018
2638.000 0.019
2639.000 0.016
2640.000 0.018
2641.000 0.018
2642.000 0.017
2643.000 0.017
2644.000 0.015
2645.000 0.018
2646.000 0.018
2647.000 0.019
2648.000 0.017
2649.000 0.016
2650.000 0.017
2651.000 0.017
2652.000 0.017
2653.000 0.018
2654.000 0.019
2655.000 0.018
2656.000 0.018
2657.000 0.016
2658.000 0.018
2659.000 0.017
2660.000 0.017
2661.000 0.019
2662.000 0.016
2663.000 0.016
2664.000 0.015
2665.000 0.016
2666.000 0.016
2667.000 0.016
2668.000 0.016
2669.000 0.018
2670.000 0.017
2671.000 0.015
2672.000 0.018
2673.000 0.016
2674.000 0.017
2675.000 0.016
2676.000 0.017
2677.000 0.016
2678.000 0.016
2679.000 0.017
2680.000 0.015
2681.000 0.017
2682.000 0.016
2683.000 0.014
2684.000 0.015
2685.000 0.016
2686.000 0.019
2687.000 0.017
2688.000 0.016
2689.000 0.017
2690.000 0.019
2691.000 0.017
2692.000 0.015
2693.000 0.016
2694.000 0.017
2695.000 0.016
2696.000 0.016
2697.000 0.016
2698.000 0.018
2699.000 0.018
2700.000 0.016
2701.000 0.017
2702.000 0.019
2703.000 0.017
2704.000 0.016
2705.000 0.017
2706.000 0.017
2707.000 0.020
2708.000 0.017
2709.000 0.018
2710.000 0.017
2711.000 0.018
2712.000 0.017
2713.000 0.017
2714.000 0.018
2715.000 0.018
2716.000 0.018
2717.000 0.019
2718.000 0.018
2719.000 0.017
2720.000 0.018
2721.000 0.017
2722.000 0.017
2723.000 0.021
2724.000 0.015
2725.000 0.019
2726.000 0.017
2727.000 0.019
2728.000 0.019
2729.000 0.018
2730.000 0.018
2731.000 0.017
2732.000 0.017
2733.000 0.018
2734.000 0.020
2735.000 0.019
2736.000 0.018
2737.000 0.018
2738.000 0.017
2739.000 0.020
2740.000 0.016
2741.000 0.019
2742.000 0.020
2743.000 0.018
2744.000 0.018
2745.000 0.019
2746.000 0.017
2747.000 0.018
2748.000 0.018
2749.000 0.019
2750.000 0.018
2751.000 0.020
2752.000 0.020
2753.000 0.020
2754.000 0.019
2755.000 0.018
2756.000 0.018
2757.000 0.019
2758.000 0.019
2759.000 0.018
2760.000 0.017
2761.000 0.019
2762.000 0.016
2763.000 0.018
2764.000 0.019
2765.000 0.019
2766.000 0.017
2767.000 0.018
2768.000 0.018
2769.000 0.019
2770.000 0.020
2771.000 0.020
2772.000 0.018
2773.000 0.019
2774.000 0.020
2775.000 0.019
2776.000 0.021
2777.000 0.019
2778.000 0.019
2779.000 0.019
2780.000 0.019
2781.000 0.019
2782.000 0.019
2783.000 0.019
2784.000 0.021
2785.000 0.020
2786.000 0.022
2787.000 0.020
2788.000 0.021
2789.000 0.020
2790.000 0.018
2791.000 0.022
2792.000 0.020
2793.000 0.020
2794.000 0.021
2795.000 0.022
2796.000 0.022
2797.000 0.020
2798.000 0.021
2799.000 0.020
2800.000 0.021
2801.000 0.021
2802.000 0.020
2803.000 0.021
2804.000 0.020
2805.000 0.021
2806.000 0.020
2807.000 0.021
2808.000 0.021
2809.000 0.021
2810.000 0.021
2811.000 0.021
2812.000 0.020
2813.000 0.021
2814.000 0.022
2815.000 0.020
2816.000 0.023
2817.000 0.021
2818.000 0.021
2819.000 0.020
2820.000 0.023
2821.000 0.019
2822.000 0.021
2823.000 0.021
2824.000 0.021
2825.000 0.021
2826.000 0.020
2827.000 0.022
2828.000 0.022
2829.000 0.021
2830.000 0.022
2831.000 0.022
2832.000 0.022
2833.000 0.022
2834.000 0.022
2835.000 0.022
2836.000 0.022
2837.000 0.023
2838.000 0.022
2839.000 0.021
2840.000 0.023
2841.000 0.021
2842.000 0.022
2843.000 0.023
2844.000 0.022
2845.000 0.023
2846.000 0.023
2847.000 0.025
2848.000 0.025
2849.000 0.022
2850.000 0.023
2851.000 0.024
2852.000 0.024
2853.000 0.023
2854.000 0.023
2855.000 0.025
2856.000 0.025
2857.000 0.023
2858.000 0.024
2859.000 0.023
2860.000 0.025
2861.000 0.024
2862.000 0.024
2863.000 0.024
2864.000 0.023
2865.000 0.023
2866.000 0.025
2867.000 0.025
2868.000 0.024
2869.000 0.026
2870.000 0.026
2871.000 0.024
2872.000 0.023
2873.000 0.024
2874.000 0.024
2875.000 0.025
2876.000 0.025
2877.000 0.025
2878.000 0.025
2879.000 0.024
2880.000 0.025
2881.000 0.025
2882.000 0.026
2883.000 0.025
2884.000 0.024
2885.000 0.026
2886.000 0.026
2887.000 0.024
2888.000 0.027
2889.000 0.026
2890.000 0.027
2891.000 0.025
2892.000 0.026
2893.000 0.027
2894.000 0.026
2895.000 0.025
2896.000 0.026
2897.000 0.026
2898.000 0.026
2899.000 0.026
2900.000 0.027
2901.000 0.027
2902.000 0.027
2903.000 0.026
2904.000 0.026
2905.000 0.026
2906.000 0.026
2907.000 0.024
2908.000 0.028
2909.000 0.028
2910.000 0.028
2911.000 0.028
2912.000 0.028
2913.000 0.027
2914.000 0.028
2915.000 0.028
2916.000 0.028
2917.000 0.027
2918.000 0.028
2919.000 0.027
2920.000 0.028
2921.000 0.027
2922.000 0.028
2923.000 0.027
2924.000 0.029
2925.000 0.028
2926.000 0.028
2927.000 0.028
2928.000 0.030
2929.000 0.027
2930.000 0.029
2931.000 0.030
2932.000 0.030
2933.000 0.028
2934.000 0.027
2935.000 0.029
2936.000 0.031
2937.000 0.032
2938.000 0.030
2939.000 0.031
2940.000 0.027
2941.000 0.029
2942.000 0.032
2943.000 0.029
2944.000 0.030
2945.000 0.031
2946.000 0.030
2947.000 0.030
2948.000 0.031
2949.000 0.031
2950.000 0.031
2951.000 0.029
2952.000 0.030
2953.000 0.030
2954.000 0.030
2955.000 0.031
2956.000 0.029
2957.000 0.031
2958.000 0.032
2959.000 0.030
2960.000 0.032
2961.000 0.032
2962.000 0.030
2963.000 0.031
2964.000 0.031
2965.000 0.030
2966.000 0.030
2967.000 0.032
2968.000 0.028
2969.000 0.031
2970.000 0.029
2971.000 0.031
2972.000 0.031
2973.000 0.032
2974.000 0.033
2975.000 0.031
2976.000 0.031
2977.000 0.033
2978.000 0.031
2979.000 0.031
2980.000 0.032
2981.000 0.035
2982.000 0.031
2983.000 0.031
2984.000 0.031
2985.000 0.033
2986.000 0.035
2987.000 0.035
2988.000 0.032
2989.000 0.034
2990.000 0.031
2991.000 0.034
2992.000 0.033
2993.000 0.033
2994.000 0.032
2995.000 0.034
2996.000 0.036
2997.000 0.034
2998.000 0.032
2999.000 0.033
3000.000 0.033
3001.000 0.032
3002.000 0.035
3003.000 0.035
3004.000 0.035
3005.000 0.037
3006.000 0.032
3007.000 0.033
3008.000 0.037
3009.000 0.034
3010.000 0.035
3011.000 0.035
3012.000 0.034
3013.000 0.035
3014.000 0.035
3015.000 0.033
3016.000 0.035
3017.000 0.037
3018.000 0.037
3019.000 0.033
3020.000 0.037
3021.000 0.037
3022.000 0.035
3023.000 0.037
3024.000 0.035
3025.000 0.040
3026.000 0.037
3027.000 0.035
3028.000 0.036
3029.000 0.037
3030.000 0.038
3031.000 0.039
3032.000 0.037
3033.000 0.037
3034.000 0.036
3035.000 0.038
3036.000 0.038
3037.000 0.036
3038.000 0.037
3039.000 0.039
3040.000 0.037
3041.000 0.036
3042.000 0.037
3043.000 0.037
3044.000 0.040
3045.000 0.037
3046.000 0.038
3047.000 0.038
3048.000 0.037
3049.000 0.037
3050.000 0.039
3051.000 0.038
3052.000 0.041
3053.000 0.040
3054.000 0.039
3055.000 0.040
3056.000 0.039
3057.000 0.041
3058.000 0.041
3059.000 0.040
3060.000 0.039
3061.000 0.040
3062.000 0.042
3063.000 0.040
3064.000 0.040
3065.000 0.040
3066.000 0.040
3067.000 0.040
3068.000 0.040
3069.000 0.040
3070.000 0.041
3071.000 0.042
3072.000 0.041
3073.000 0.041
3074.000 0.044
3075.000 0.039
3076.000 0.042
3077.000 0.043
3078.000 0.041
3079.000 0.043
3080.000 0.042
3081.000 0.044
3082.000 0.044
3083.000 0.043
3084.000 0.043
3085.000 0.043
3086.000 0.044
3087.000 0.041
3088.000 0.043
3089.000 0.045
3090.000 0.044
3091.000 0.044
3092.000 0.044
3093.000 0.045
3094.000 0.044
3095.000 0.045
3096.000 0.044
3097.000 0.044
3098.000 0.045
3099.000 0.044
3100.000 0.044
3101.000 0.047
3102.000 0.045
3103.000 0.048
3104.000 0.046
3105.000 0.046
3106.000 0.047
3107.000 0.046
3108.000 0.045
3109.000 0.047
3110.000 0.046
3111.000 0.045
3112.000 0.046
3113.000 0.046
3114.000 0.048
3115.000 0.046
3116.000 0.048
3117.000 0.047
3118.000 0.046
3119.000 0.046
3120.000 0.049
3121.000 0.050
3122.000 0.047
3123.000 0.047
3124.000 0.047
3125.000 0.050
3126.000 0.049
3127.000 0.048
3128.000 0.048
3129.000 0.046
3130.000 0.048
3131.000 0.049
3132.000 0.049
3133.000 0.049
3134.000 0.050
3135.000 0.051
3136.000 0.049
3137.000 0.048
3138.000 0.049
3139.000 0.049
3140.000 0.050
3141.000 0.051
3142.000 0.052
3143.000 0.050
3144.000 0.051
3145.000 0.050
3146.000 0.051
3147.000 0.051
3148.000 0.051
3149.000 0.049
3150.000 0.052
3151.000 0.052
3152.000 0.052
3153.000 0.054
3154.000 0.053
3155.000 0.051
3156.000 0.051
3157.000 0.053
3158.000 0.052
3159.000 0.055
3160.000 0.055
3161.000 0.053
3162.000 0.053
3163.000 0.054
3164.000 0.055
3165.000 0.054
3166.000 0.054
3167.000 0.054
3168.000 0.055
3169.000 0.053
3170.000 0.055
3171.000 0.055
3172.000 0.055
3173.000 0.054
3174.000 0.053
3175.000 0.055
3176.000 0.056
3177.000 0.054
3178.000 0.057
3179.000 0.058
3180.000 0.054
3181.000 0.057
3182.000 0.059
3183.000 0.058
3184.000 0.057
3185.000 0.058
3186.000 0.058
3187.000 0.057
3188.000 0.057
3189.000 0.058
3190.000 0.058
3191.000 0.058
3192.000 0.059
3193.000 0.058
3194.000 0.057
3195.000 0.059
3196.000 0.057
3197.000 0.059
3198.000 0.059
3199.000 0.060
3200.000 0.061
3201.000 0.061
3202.000 0.060
3203.000 0.062
3204.000 0.063
3205.000 0.061
3206.000 0.061
3207.000 0.061
3208.000 0.062
3209.000 0.062
3210.000 0.062
3211.000 0.059
3212.000 0.062
3213.000 0.061
3214.000 0.061
3215.000 0.062
3216.000 0.062
3217.000 0.063
3218.000 0.063
3219.000 0.063
3220.000 0.063
3221.000 0.065
3222.000 0.062
3223.000 0.065
3224.000 0.066
3225.000 0.064
3226.000 0.066
3227.000 0.065
3228.000 0.065
3229.000 0.065
3230.000 0.065
3231.000 0.067
3232.000 0.065
3233.000 0.066
3234.000 0.066
3235.000 0.068
3236.000 0.065
3237.000 0.065
3238.000 0.068
3239.000 0.068
3240.000 0.068
3241.000 0.067
3242.000 0.067
3243.000 0.068
3244.000 0.068
3245.000 0.069
3246.000 0.068
3247.000 0.069
3248.000 0.069
3249.000 0.072
3250.000 0.069
3251.000 0.069
3252.000 0.070
3253.000 0.072
3254.000 0.070
3255.000 0.071
3256.000 0.071
3257.000 0.073
3258.000 0.070
3259.000 0.071
3260.000 0.071
3261.000 0.072
3262.000 0.073
3263.000 0.073
3264.000 0.071
3265.000 0.073
3266.000 0.073
3267.000 0.074
3268.000 0.074
3269.000 0.073
3270.000 0.074
3271.000 0.072
3272.000 0.076
3273.000 0.074
3274.000 0.074
3275.000 0.074
3276.000 0.073
3277.000 0.074
3278.000 0.074
3279.000 0.075
3280.000 0.076
3281.000 0.074
3282.000 0.075
3283.000 0.075
3284.000 0.077
3285.000 0.075
3286.000 0.077
3287.000 0.077
3288.000 0.076
3289.000 0.076
3290.000 0.077
3291.000 0.078
3292.000 0.077
3293.000 0.077
3294.000 0.077
3295.000 0.078
3296.000 0.077
3297.000 0.079
3298.000 0.079
3299.000 0.079
3300.000 0.080
3301.000 0.080
3302.000 0.080
3303.000 0.079
3304.000 0.082
3305.000 0.080
3306.000 0.081
3307.000 0.079
3308.000 0.080
3309.000 0.082
3310.000 0.081
3311.000 0.081
3312.000 0.080
3313.000 0.083
3314.000 0.082
3315.000 0.082
3316.000 0.084
3317.000 0.083
3318.000 0.083
3319.000 0.082
3320.000 0.085
3321.000 0.085
3322.000 0.083
3323.000 0.083
3324.000 0.083
3325.000 0.083
3326.000 0.082
3327.000 0.083
3328.000 0.085
3329.000 0.085
3330.000 0.084
3331.000 0.085
3332.000 0.084
3333.000 0.085
3334.000 0.086
3335.000 0.085
3336.000 0.084
3337.000 0.085
3338.000 0.087
3339.000 0.085
3340.000 0.085
3341.000 0.083
3342.000 0.087
3343.000 0.087
3344.000 0.086
3345.000 0.086
3346.000 0.087
3347.000 0.088
3348.000 0.088
3349.000 0.086
3350.000 0.088
3351.000 0.088
3352.000 0.087
3353.000 0.089
3354.000 0.088
3355.000 0.089
3356.000 0.087
3357.000 0.087
3358.000 0.088
3359.000 0.087
3360.000 0.089
3361.000 0.088
3362.000 0.087
3363.000 0.088
3364.000 0.089
3365.000 0.088
3366.000 0.088
3367.000 0.089
3368.000 0.089
3369.000 0.089
3370.000 0.088
3371.000 0.090
3372.000 0.088
3373.000 0.091
3374.000 0.089
3375.000 0.089
3376.000 0.089
3377.000 0.090
3378.000 0.089
3379.000 0.090
3380.000 0.088
3381.000 0.090
3382.000 0.090
3383.000 0.088
3384.000 0.089
3385.000 0.089
3386.000 0.090
3387.000 0.090
3388.000 0.089
3389.000 0.091
3390.000 0.091
3391.000 0.090
3392.000 0.090
3393.000 0.090
3394.000 0.089
3395.000 0.091
3396.000 0.091
3397.000 0.090
3398.000 0.090
3399.000 0.090
3400.000 0.090
3401.000 0.091
3402.000 0.091
3403.000 0.092
3404.000 0.091
3405.000 0.090
3406.000 0.091
3407.000 0.091
3408.000 0.090
3409.000 0.091
3410.000 0.090
3411.000 0.090
3412.000 0.090
3413.000 0.090
3414.000 0.089
3415.000 0.090
3416.000 0.091
3417.000 0.092
3418.000 0.091
3419.000 0.091
3420.000 0.089
3421.000 0.090
3422.000 0.090
3423.000 0.089
3424.000 0.089
3425.000 0.089
3426.000 0.089
3427.000 0.088
3428.000 0.090
3429.000 0.089
3430.000 0.092
3431.000 0.091
3432.000 0.090
3433.000 0.091
3434.000 0.090
3435.000 0.090
3436.000 0.089
3437.000 0.088
3438.000 0.089
3439.000 0.090
3440.000 0.091
3441.000 0.089
3442.000 0.088
3443.000 0.089
3444.000 0.089
3445.000 0.088
3446.000 0.089
3447.000 0.089
3448.000 0.089
3449.000 0.089
3450.000 0.089
3451.000 0.089
3452.000 0.088
3453.000 0.089
3454.000 0.089
3455.000 0.088
3456.000 0.087
3457.000 0.087
3458.000 0.087
3459.000 0.087
3460.000 0.087
3461.000 0.088
3462.000 0.088
3463.000 0.088
3464.000 0.087
3465.000 0.085
3466.000 0.086
3467.000 0.088
3468.000 0.087
3469.000 0.086
3470.000 0.088
3471.000 0.087
3472.000 0.087
3473.000 0.086
3474.000 0.087
3475.000 0.086
3476.000 0.086
3477.000 0.085
3478.000 0.087
3479.000 0.086
3480.000 0.084
3481.000 0.087
3482.000 0.085
3483.000 0.085
3484.000 0.085
3485.000 0.085
3486.000 0.085
3487.000 0.085
3488.000 0.085
3489.000 0.083
3490.000 0.085
3491.000 0.084
3492.000 0.083
3493.000 0.083
3494.000 0.084
3495.000 0.084
3496.000 0.083
3497.000 0.084
3498.000 0.083
3499.000 0.082
3500.000 0.083
3501.000 0.085
3502.000 0.084
3503.000 0.083
3504.000 0.084
3505.000 0.085
3506.000 0.081
3507.000 0.082
3508.000 0.082
3509.000 0.085
3510.000 0.082
3511.000 0.082
3512.000 0.081
3513.000 0.082
3514.000 0.082
3515.000 0.082
3516.000 0.080
3517.000 0.081
3518.000 0.081
3519.000 0.081
3520.000 0.081
3521.000 0.081
3522.000 0.082
3523.000 0.080
3524.000 0.083
3525.000 0.081
3526.000 0.080
3527.000 0.079
3528.000 0.080
3529.000 0.080
3530.000 0.080
3531.000 0.078
3532.000 0.080
3533.000 0.080
3534.000 0.078
3535.000 0.081
3536.000 0.078
3537.000 0.079
3538.000 0.079
3539.000 0.079
3540.000 0.078
3541.000 0.078
3542.000 0.079
3543.000 0.077
3544.000 0.078
3545.000 0.077
3546.000 0.077
3547.000 0.079
3548.000 0.078
3549.000 0.079
3550.000 0.078
3551.000 0.077
3552.000 0.077
3553.000 0.076
3554.000 0.076
3555.000 0.077
3556.000 0.075
3557.000 0.076
3558.000 0.075
3559.000 0.076
3560.000 0.077
3561.000 0.074
3562.000 0.075
3563.000 0.077
3564.000 0.076
3565.000 0.075
3566.000 0.076
3567.000 0.075
3568.000 0.075
3569.000 0.074
3570.000 0.074
3571.000 0.075
3572.000 0.073
3573.000 0.073
3574.000 0.075
3575.000 0.073
3576.000 0.073
3577.000 0.073
3578.000 0.072
3579.000 0.073
3580.000 0.072
3581.000 0.073
3582.000 0.073
3583.000 0.072
3584.000 0.073
3585.000 0.072
3586.000 0.075
3587.000 0.073
3588.000 0.071
3589.000 0.070
3590.000 0.071
3591.000 0.071
3592.000 0.072
3593.000 0.072
3594.000 0.071
3595.000 0.072
3596.000 0.071
3597.000 0.073
3598.000 0.071
3599.000 0.070
3600.000 0.072
3601.000 0.072
3602.000 0.070
3603.000 0.071
3604.000 0.068
3605.000 0.072
3606.000 0.068
3607.000 0.069
3608.000 0.071
3609.000 0.069
3610.000 0.068
3611.000 0.069
3612.000 0.070
3613.000 0.070
3614.000 0.070
3615.000 0.068
3616.000 0.069
3617.000 0.068
3618.000 0.069
3619.000 0.069
3620.000 0.069
3621.000 0.069
3622.000 0.068
3623.000 0.067
3624.000 0.067
3625.000 0.069
3626.000 0.068
3627.000 0.067
3628.000 0.068
3629.000 0.066
3630.000 0.067
3631.000 0.067
3632.000 0.067
3633.000 0.066
3634.000 0.067
3635.000 0.067
3636.000 0.065
3637.000 0.068
3638.000 0.065
3639.000 0.066
3640.000 0.066
3641.000 0.066
3642.000 0.065
3643.000 0.068
3644.000 0.067
3645.000 0.069
3646.000 0.068
3647.000 0.066
3648.000 0.067
3649.000 0.066
3650.000 0.065
3651.000 0.066
3652.000 0.065
3653.000 0.065
3654.000 0.065
3655.000 0.065
3656.000 0.064
3657.000 0.065
3658.000 0.065
3659.000 0.063
3660.000 0.064
3661.000 0.064
3662.000 0.064
3663.000 0.064
3664.000 0.064
3665.000 0.067
3666.000 0.064
3667.000 0.065
3668.000 0.065
3669.000 0.064
3670.000 0.063
3671.000 0.063
3672.000 0.063
3673.000 0.063
3674.000 0.063
3675.000 0.064
3676.000 0.062
3677.000 0.062
3678.000 0.064
3679.000 0.063
3680.000 0.063
3681.000 0.064
3682.000 0.063
3683.000 0.063
3684.000 0.063
3685.000 0.063
3686.000 0.063
3687.000 0.063
3688.000 0.064
3689.000 0.062
3690.000 0.063
3691.000 0.063
3692.000 0.062
3693.000 0.063
3694.000 0.061
3695.000 0.062
3696.000 0.062
3697.000 0.061
3698.000 0.061
3699.000 0.063
3700.000 0.062
3701.000 0.063
3702.000 0.060
3703.000 0.062
3704.000 0.061
3705.000 0.062
3706.000 0.060
3707.000 0.060
3708.000 0.061
3709.000 0.062
3710.000 0.062
3711.000 0.061
3712.000 0.061
3713.000 0.060
3714.000 0.060
3715.000 0.061
3716.000 0.061
3717.000 0.060
3718.000 0.059
3719.000 0.060
3720.000 0.061
3721.000 0.061
3722.000 0.060
3723.000 0.060
3724.000 0.060
3725.000 0.061
3726.000 0.060
3727.000 0.058
3728.000 0.060
3729.000 0.059
3730.000 0.059
3731.000 0.059
3732.000 0.060
3733.000 0.058
3734.000 0.061
3735.000 0.059
3736.000 0.059
3737.000 0.057
3738.000 0.058
3739.000 0.058
3740.000 0.058
3741.000 0.060
3742.000 0.060
3743.000 0.060
3744.000 0.058
3745.000 0.058
3746.000 0.059
3747.000 0.059
3748.000 0.059
3749.000 0.059
3750.000 0.060
3751.000 0.057
3752.000 0.060
3753.000 0.059
3754.000 0.058
3755.000 0.058
3756.000 0.059
3757.000 0.058
3758.000 0.057
3759.000 0.058
3760.000 0.059
3761.000 0.059
3762.000 0.057
3763.000 0.059
3764.000 0.058
3765.000 0.058
3766.000 0.057
3767.000 0.059
3768.000 0.059
3769.000 0.058
3770.000 0.059
3771.000 0.058
3772.000 0.058
3773.000 0.057
3774.000 0.059
3775.000 0.057
3776.000 0.056
3777.000 0.057
3778.000 0.057
3779.000 0.058
3780.000 0.057
3781.000 0.057
3782.000 0.057
3783.000 0.057
3784.000 0.057
3785.000 0.057
3786.000 0.056
3787.000 0.058
3788.000 0.058
3789.000 0.058
3790.000 0.058
3791.000 0.057
3792.000 0.057
3793.000 0.056
3794.000 0.057
3795.000 0.058
3796.000 0.057
3797.000 0.058
3798.000 0.058
3799.000 0.058
3800.000 0.057
3801.000 0.057
3802.000 0.057
3803.000 0.056
3804.000 0.058
3805.000 0.057
3806.000 0.056
3807.000 0.058
3808.000 0.056
3809.000 0.056
3810.000 0.056
3811.000 0.057
3812.000 0.057
3813.000 0.057
3814.000 0.056
3815.000 0.057
3816.000 0.057
3817.000 0.057
3818.000 0.057
3819.000 0.056
3820.000 0.057
3821.000 0.058
3822.000 0.058
3823.000 0.058
3824.000 0.058
3825.000 0.057
3826.000 0.057
3827.000 0.059
3828.000 0.056
3829.000 0.056
3830.000 0.056
3831.000 0.057
3832.000 0.057
3833.000 0.057
3834.000 0.058
3835.000 0.058
3836.000 0.056
3837.000 0.057
3838.000 0.057
3839.000 0.060
3840.000 0.057
3841.000 0.058
3842.000 0.057
3843.000 0.057
3844.000 0.058
3845.000 0.057
3846.000 0.058
3847.000 0.058
3848.000 0.059
3849.000 0.057
3850.000 0.058
3851.000 0.057
3852.000 0.059
3853.000 0.057
3854.000 0.058
3855.000 0.056
3856.000 0.057
3857.000 0.059
3858.000 0.058
3859.000 0.058
3860.000 0.058
3861.000 0.059
3862.000 0.059
3863.000 0.057
3864.000 0.059
3865.000 0.059
3866.000 0.059
3867.000 0.057
3868.000 0.058
3869.000 0.058
3870.000 0.059
3871.000 0.058
3872.000 0.059
3873.000 0.060
3874.000 0.058
3875.000 0.059
3876.000 0.058
3877.000 0.058
3878.000 0.058
3879.000 0.060
3880.000 0.059
3881.000 0.060
3882.000 0.058
3883.000 0.060
3884.000 0.061
3885.000 0.059
3886.000 0.059
3887.000 0.060
3888.000 0.060
3889.000 0.060
3890.000 0.059
3891.000 0.060
3892.000 0.060
3893.000 0.059
3894.000 0.061
3895.000 0.061
3896.000 0.060
3897.000 0.060
3898.000 0.061
3899.000 0.060
3900.000 0.059
3901.000 0.060
3902.000 0.061
3903.000 0.060
3904.000 0.061
3905.000 0.062
3906.000 0.060
3907.000 0.062
3908.000 0.061
3909.000 0.060
3910.000 0.061
3911.000 0.062
3912.000 0.062
3913.000 0.062
3914.000 0.061
3915.000 0.062
3916.000 0.062
3917.000 0.062
3918.000 0.062
3919.000 0.063
3920.000 0.062
3921.000 0.061
3922.000 0.064
3923.000 0.062
3924.000 0.062
3925.000 0.062
3926.000 0.063
3927.000 0.064
3928.000 0.064
3929.000 0.064
3930.000 0.064
3931.000 0.063
3932.000 0.066
3933.000 0.063
3934.000 0.063
3935.000 0.065
3936.000 0.064
3937.000 0.063
3938.000 0.064
3939.000 0.065
3940.000 0.066
3941.000 0.066
3942.000 0.064
3943.000 0.065
3944.000 0.065
3945.000 0.065
3946.000 0.066
3947.000 0.066
3948.000 0.067
3949.000 0.067
3950.000 0.065
3951.000 0.066
3952.000 0.066
3953.000 0.066
3954.000 0.066
3955.000 0.066
3956.000 0.067
3957.000 0.067
3958.000 0.066
3959.000 0.067
3960.000 0.067
3961.000 0.067
3962.000 0.067
3963.000 0.069
3964.000 0.068
3965.000 0.068
3966.000 0.069
3967.000 0.069
3968.000 0.068
3969.000 0.069
3970.000 0.070
3971.000 0.070
3972.000 0.069
3973.000 0.067
3974.000 0.068
3975.000 0.068
3976.000 0.071
3977.000 0.069
3978.000 0.069
3979.000 0.071
3980.000 0.070
3981.000 0.070
3982.000 0.070
3983.000 0.071
3984.000 0.071
3985.000 0.071
3986.000 0.072
3987.000 0.071
3988.000 0.071
3989.000 0.071
3990.000 0.071
3991.000 0.072
3992.000 0.070
3993.000 0.072
3994.000 0.072
3995.000 0.073
3996.000 0.074
3997.000 0.072
3998.000 0.072
3999.000 0.073
4000.000 0.074
4001.000 0.073
4002.000 0.073
4003.000 0.072
4004.000 0.074
4005.000 0.073
4006.000 0.072
4007.000 0.073
4008.000 0.073
4009.000 0.074
4010.000 0.074
4011.000 0.073
4012.000 0.075
4013.000 0.073
4014.000 0.073
4015.000 0.076
4016.000 0.075
4017.000 0.073
4018.000 0.074
4019.000 0.075
4020.000 0.076
4021.000 0.075
4022.000 0.074
4023.000 0.075
4024.000 0.075
4025.000 0.074
4026.000 0.075
4027.000 0.076
4028.000 0.076
4029.000 0.077
4030.000 0.076
4031.000 0.077
4032.000 0.076
4033.000 0.075
4034.000 0.076
4035.000 0.076
4036.000 0.077
4037.000 0.077
4038.000 0.078
4039.000 0.077
4040.000 0.076
4041.000 0.078
4042.000 0.077
4043.000 0.078
4044.000 0.078
4045.000 0.078
4046.000 0.078
4047.000 0.078
4048.000 0.079
4049.000 0.077
4050.000 0.077
4051.000 0.077
4052.000 0.078
4053.000 0.077
4054.000 0.078
4055.000 0.077
4056.000 0.078
4057.000 0.077
4058.000 0.078
4059.000 0.079
4060.000 0.079
4061.000 0.079
4062.000 0.078
4063.000 0.078
4064.000 0.078
4065.000 0.078
4066.000 0.079
4067.000 0.078
4068.000 0.079
4069.000 0.078
4070.000 0.078
4071.000 0.078
4072.000 0.079
4073.000 0.078
4074.000 0.077
4075.000 0.078
4076.000 0.080
4077.000 0.078
4078.000 0.078
4079.000 0.078
4080.000 0.078
4081.000 0.078
4082.000 0.079
4083.000 0.078
4084.000 0.078
4085.000 0.079
4086.000 0.078
4087.000 0.079
4088.000 0.077
4089.000 0.077
4090.000 0.080
4091.000 0.078
4092.000 0.080
4093.000 0.079
4094.000 0.080
4095.000 0.078
4096.000 0.078
4097.000 0.079
4098.000 0.079
4099.000 0.079
4100.000 0.078
4101.000 0.079
4102.000 0.080
4103.000 0.079
4104.000 0.078
4105.000 0.079
4106.000 0.079
4107.000 0.080
4108.000 0.078
4109.000 0.079
4110.000 0.079
4111.000 0.078
4112.000 0.082
4113.000 0.081
4114.000 0.080
4115.000 0.081
4116.000 0.081
4117.000 0.080
4118.000 0.080
4119.000 0.080
4120.000 0.082
4121.000 0.083
4122.000 0.080
4123.000 0.080
4124.000 0.081
4125.000 0.082
4126.000 0.083
4127.000 0.080
4128.000 0.082
4129.000 0.082
4130.000 0.082
4131.000 0.081
4132.000 0.082
4133.000 0.082
4134.000 0.082
4135.000 0.082
4136.000 0.082
4137.000 0.082
4138.000 0.083
4139.000 0.082
4140.000 0.083
4141.000 0.084
4142.000 0.083
4143.000 0.085
4144.000 0.083
4145.000 0.083
4146.000 0.083
4147.000 0.084
4148.000 0.084
4149.000 0.085
4150.000 0.085
4151.000 0.083
4152.000 0.084
4153.000 0.084
4154.000 0.085
4155.000 0.084
4156.000 0.085
4157.000 0.086
4158.000 0.086
4159.000 0.085
4160.000 0.088
4161.000 0.086
4162.000 0.087
4163.000 0.087
4164.000 0.088
4165.000 0.087
4166.000 0.087
4167.000 0.087
4168.000 0.088
4169.000 0.088
4170.000 0.088
4171.000 0.089
4172.000 0.087
4173.000 0.090
4174.000 0.090
4175.000 0.089
4176.000 0.088
4177.000 0.089
4178.000 0.088
4179.000 0.091
4180.000 0.090
4181.000 0.090
4182.000 0.090
4183.000 0.091
4184.000 0.091
4185.000 0.092
4186.000 0.091
4187.000 0.094
4188.000 0.092
4189.000 0.093
4190.000 0.093
4191.000 0.092
4192.000 0.094
4193.000 0.094
4194.000 0.094
4195.000 0.094
4196.000 0.095
4197.000 0.095
4198.000 0.096
4199.000 0.095
4200.000 0.095
4201.000 0.095
4202.000 0.095
4203.000 0.097
4204.000 0.095
4205.000 0.097
4206.000 0.097
4207.000 0.097
4208.000 0.099
4209.000 0.099
4210.000 0.097
4211.000 0.099
4212.000 0.098
4213.000 0.100
4214.000 0.099
4215.000 0.100
4216.000 0.100
4217.000 0.099
4218.000 0.102
4219.000 0.101
4220.000 0.102
4221.000 0.100
4222.000 0.101
4223.000 0.100
4224.000 0.102
4225.000 0.103
4226.000 0.102
4227.000 0.102
4228.000 0.104
4229.000 0.103
4230.000 0.104
4231.000 0.104
4232.000 0.105
4233.000 0.105
4234.000 0.105
4235.000 0.105
4236.000 0.104
4237.000 0.106
4238.000 0.104
4239.000 0.105
4240.000 0.107
4241.000 0.106
4242.000 0.106
4243.000 0.106
4244.000 0.106
4245.000 0.107
4246.000 0.106
4247.000 0.107
4248.000 0.108
4249.000 0.107
4250.000 0.108
4251.000 0.109
4252.000 0.108
4253.000 0.108
4254.000 0.110
4255.000 0.111
4256.000 0.110
4257.000 0.110
4258.000 0.109
4259.000 0.109
4260.000 0.109
4261.000 0.111
4262.000 0.110
4263.000 0.111
4264.000 0.111
4265.000 0.112
4266.000 0.112
4267.000 0.110
4268.000 0.111
4269.000 0.112
4270.000 0.112
4271.000 0.112
4272.000 0.114
4273.000 0.115
4274.000 0.114
4275.000 0.114
4276.000 0.114
4277.000 0.113
4278.000 0.114
4279.000 0.115
4280.000 0.115
4281.000 0.117
4282.000 0.115
4283.000 0.115
4284.000 0.116
4285.000 0.116
4286.000 0.116
4287.000 0.116
4288.000 0.116
4289.000 0.118
4290.000 0.117
4291.000 0.117
4292.000 0.118
4293.000 0.119
4294.000 0.119
4295.000 0.122
4296.000 0.120
4297.000 0.119
4298.000 0.120
4299.000 0.118
4300.000 0.120
4301.000 0.121
4302.000 0.122
4303.000 0.122
4304.000 0.121
4305.000 0.122
4306.000 0.124
4307.000 0.123
4308.000 0.124
4309.000 0.122
4310.000 0.122
4311.000 0.123
4312.000 0.124
4313.000 0.125
4314.000 0.124
4315.000 0.125
4316.000 0.125
4317.000 0.125
4318.000 0.127
4319.000 0.126
4320.000 0.126
4321.000 0.127
4322.000 0.128
4323.000 0.128
4324.000 0.128
4325.000 0.127
4326.000 0.128
4327.000 0.128
4328.000 0.128
4329.000 0.129
4330.000 0.129
4331.000 0.129
4332.000 0.131
4333.000 0.131
4334.000 0.131
4335.000 0.131
4336.000 0.131
4337.000 0.133
4338.000 0.133
4339.000 0.133
4340.000 0.133
4341.000 0.134
4342.000 0.133
4343.000 0.135
4344.000 0.136
4345.000 0.135
4346.000 0.136
4347.000 0.136
4348.000 0.137
4349.000 0.137
4350.000 0.137
4351.000 0.139
4352.000 0.140
4353.000 0.139
4354.000 0.138
4355.000 0.138
4356.000 0.139
4357.000 0.141
4358.000 0.140
4359.000 0.142
4360.000 0.139
4361.000 0.142
4362.000 0.142
4363.000 0.142
4364.000 0.143
4365.000 0.144
4366.000 0.144
4367.000 0.146
4368.000 0.144
4369.000 0.146
4370.000 0.146
4371.000 0.148
4372.000 0.147
4373.000 0.146
4374.000 0.148
4375.000 0.148
4376.000 0.149
4377.000 0.150
4378.000 0.150
4379.000 0.150
4380.000 0.152
4381.000 0.151
4382.000 0.154
4383.000 0.153
4384.000 0.154
4385.000 0.154
4386.000 0.155
4387.000 0.154
4388.000 0.155
4389.000 0.157
4390.000 0.157
4391.000 0.158
4392.000 0.157
4393.000 0.158
4394.000 0.160
4395.000 0.159
4396.000 0.161
4397.000 0.159
4398.000 0.161
4399.000 0.163
4400.000 0.162
4401.000 0.163
4402.000 0.163
4403.000 0.165
4404.000 0.164
4405.000 0.166
4406.000 0.167
4407.000 0.166
4408.000 0.168
4409.000 0.169
4410.000 0.169
4411.000 0.170
4412.000 0.172
4413.000 0.170
4414.000 0.171
4415.000 0.174
4416.000 0.174
4417.000 0.174
4418.000 0.175
4419.000 0.176
4420.000 0.177
4421.000 0.178
4422.000 0.179
4423.000 0.180
4424.000 0.180
4425.000 0.181
4426.000 0.181
4427.000 0.182
4428.000 0.184
4429.000 0.184
4430.000 0.186
4431.000 0.186
4432.000 0.187
4433.000 0.188
4434.000 0.190
4435.000 0.189
4436.000 0.191
4437.000 0.192
4438.000 0.193
4439.000 0.195
4440.000 0.195
4441.000 0.196
4442.000 0.196
4443.000 0.196
4444.000 0.200
4445.000 0.200
4446.000 0.201
4447.000 0.202
4448.000 0.202
4449.000 0.203
4450.000 0.205
4451.000 0.207
4452.000 0.207
4453.000 0.209
4454.000 0.208
4455.000 0.211
4456.000 0.211
4457.000 0.215
4458.000 0.215
4459.000 0.216
4460.000 0.217
4461.000 0.218
4462.000 0.220
4463.000 0.221
4464.000 0.220
4465.000 0.223
4466.000 0.224
4467.000 0.226
4468.000 0.227
4469.000 0.229
4470.000 0.230
4471.000 0.231
4472.000 0.233
4473.000 0.235
4474.000 0.237
4475.000 0.239
4476.000 0.241
4477.000 0.241
4478.000 0.244
4479.000 0.244
4480.000 0.247
4481.000 0.248
4482.000 0.249
4483.000 0.251
4484.000 0.252
4485.000 0.257
4486.000 0.257
4487.000 0.260
4488.000 0.261
4489.000 0.262
4490.000 0.263
4491.000 0.265
4492.000 0.268
4493.000 0.270
4494.000 0.273
4495.000 0.273
4496.000 0.277
4497.000 0.278
4498.000 0.282
4499.000 0.283
4500.000 0.286
4501.000 0.287
4502.000 0.290
4503.000 0.292
4504.000 0.296
4505.000 0.296
4506.000 0.300
4507.000 0.303
4508.000 0.305
4509.000 0.308
4510.000 0.311
4511.000 0.314
4512.000 0.317
4513.000 0.320
4514.000 0.322
4515.000 0.324
4516.000 0.326
4517.000 0.332
4518.000 0.335
4519.000 0.337
4520.000 0.340
4521.000 0.344
4522.000 0.349
4523.000 0.350
4524.000 0.355
4525.000 0.360
4526.000 0.360
4527.000 0.365
4528.000 0.369
4529.000 0.373
4530.000 0.375
4531.000 0.382
4532.000 0.385
4533.000 0.389
4534.000 0.394
4535.000 0.399
4536.000 0.402
4537.000 0.409
4538.000 0.411
4539.000 0.418
4540.000 0.421
4541.000 0.426
4542.000 0.433
4543.000 0.437
4544.000 0.443
4545.000 0.447
4546.000 0.452
4547.000 0.460
4548.000 0.463
4549.000 0.470
4550.000 0.480
4551.000 0.482
4552.000 0.488
4553.000 0.494
4554.000 0.504
4555.000 0.508
4556.000 0.516
4557.000 0.526
4558.000 0.530
4559.000 0.541
4560.000 0.543
4561.000 0.555
4562.000 0.565
4563.000 0.568
4564.000 0.580
4565.000 0.590
4566.000 0.594
4567.000 0.602
4568.000 0.613
4569.000 0.625
4570.000 0.632
4571.000 0.643
4572.000 0.654
4573.000 0.660
4574.000 0.674
4575.000 0.681
4576.000 0.691
4577.000 0.698
4578.000 0.713
4579.000 0.727
4580.000 0.734
4581.000 0.747
4582.000 0.754
4583.000 0.770
4584.000 0.783
4585.000 0.790
4586.000 0.804
4587.000 0.818
4588.000 0.826
4589.000 0.839
4590.000 0.848
4591.000 0.858
4592.000 0.866
4593.000 0.879
4594.000 0.892
4595.000 0.900
4596.000 0.911
4597.000 0.920
4598.000 0.926
4599.000 0.934
4600.000 0.941
4601.000 0.947
4602.000 0.953
4603.000 0.958
4604.000 0.962
4605.000 0.963
4606.000 0.966
4607.000 0.969
4608.000 0.968
4609.000 0.968
4610.000 0.967
4611.000 0.962
4612.000 0.959
4613.000 0.955
4614.000 0.951
4615.000 0.948
4616.000 0.938
4617.000 0.933
4618.000 0.924
4619.000 0.913
4620.000 0.908
4621.000 0.897
4622.000 0.883
4623.000 0.872
4624.000 0.864
4626.000 0.845
4627.000 0.831
4628.000 0.824
4629.000 0.810
4630.000 0.795
4631.000 0.789
4632.000 0.773
4633.000 0.768
4634.000 0.752
4635.000 0.739
4636.000 0.733
4637.000 0.719
4638.000 0.712
4639.000 0.700
4640.000 0.692
4641.000 0.679
4642.000 0.666
4643.000 0.660
4644.000 0.650
4645.000 0.635
4646.000 0.629
4647.000 0.617
4648.000 0.612
4649.000 0.599
4650.000 0.595
4651.000 0.584
4652.000 0.573
4653.000 0.568
4654.000 0.558
4655.000 0.549
4656.000 0.545
4657.000 0.534
4658.000 0.525
4659.000 0.521
4660.000 0.512
4661.000 0.508
4662.000 0.499
4663.000 0.496
4664.000 0.487
4665.000 0.482
4666.000 0.476
4667.000 0.468
4668.000 0.464
4669.000 0.456
4670.000 0.451
4671.000 0.447
4672.000 0.440
4673.000 0.435
4674.000 0.432
4675.000 0.423
4676.000 0.420
4677.000 0.413
4678.000 0.411
4679.000 0.405
4680.000 0.402
4681.000 0.398
4682.000 0.391
4683.000 0.390
4684.000 0.384
4685.000 0.380
4686.000 0.376
4687.000 0.373
4688.000 0.370
4689.000 0.364
4690.000 0.361
4691.000 0.358
4692.000 0.353
4693.000 0.350
4694.000 0.346
4695.000 0.344
4696.000 0.341
4697.000 0.337
4698.000 0.335
4699.000 0.329
4700.000 0.326
4701.000 0.325
4702.000 0.321
4703.000 0.319
4704.000 0.316
4705.000 0.314
4706.000 0.309
4707.000 0.306
4708.000 0.304
4709.000 0.301
4710.000 0.298
4711.000 0.296
4712.000 0.295
4713.000 0.294
4714.000 0.290
4715.000 0.288
4716.000 0.285
4717.000 0.281
4718.000 0.280
4719.000 0.279
4720.000 0.277
4721.000 0.276
4722.000 0.272
4723.000 0.271
4724.000 0.269
4725.000 0.267
4726.000 0.264
4727.000 0.263
4728.000 0.260
4729.000 0.257
4730.000 0.257
4731.000 0.254
4732.000 0.252
4733.000 0.250
4734.000 0.249
4735.000 0.247
4736.000 0.245
4737.000 0.243
4738.000 0.242
4739.000 0.239
4740.000 0.240
4741.000 0.238
4742.000 0.236
4743.000 0.234
4744.000 0.234
4745.000 0.231
4746.000 0.231
4747.000 0.229
4748.000 0.228
4749.000 0.225
4750.000 0.226
4751.000 0.223
4752.000 0.221
4753.000 0.220
4754.000 0.218
4755.000 0.217
4756.000 0.215
4757.000 0.215
4758.000 0.214
4759.000 0.213
4760.000 0.211
4761.000 0.209
4762.000 0.209
4763.000 0.207
4764.000 0.206
4765.000 0.205
4766.000 0.204
4767.000 0.203
4768.000 0.201
4769.000 0.202
4770.000 0.200
4771.000 0.197
4772.000 0.196
4773.000 0.196
4774.000 0.194
4775.000 0.194
4776.000 0.193
4777.000 0.193
4778.000 0.191
4779.000 0.189
4780.000 0.188
4781.000 0.188
4782.000 0.187
4783.000 0.186
4784.000 0.183
4785.000 0.184
4786.000 0.183
4787.000 0.181
4788.000 0.180
4789.000 0.180
4790.000 0.180
4791.000 0.178
4792.000 0.177
4793.000 0.177
4794.000 0.175
4795.000 0.175
4796.000 0.173
4797.000 0.173
4798.000 0.172
4799.000 0.170
4800.000 0.171
4801.000 0.169
4802.000 0.170
4803.000 0.168
4804.000 0.167
4805.000 0.166
4806.000 0.166
4807.000 0.165
4808.000 0.164
4809.000 0.164
4810.000 0.162
4811.000 0.164
4812.000 0.161
4813.000 0.160
4814.000 0.160
4815.000 0.159
4816.000 0.158
4817.000 0.159
4818.000 0.157
4819.000 0.158
4820.000 0.156
4821.000 0.155
4822.000 0.154
4823.000 0.152
4824.000 0.154
4825.000 0.153
4826.000 0.151
4827.000 0.152
4828.000 0.151
4829.000 0.150
4830.000 0.149
4831.000 0.149
4832.000 0.149
4833.000 0.148
4834.000 0.148
4835.000 0.145
4836.000 0.145
4837.000 0.145
4838.000 0.144
4839.000 0.143
4840.000 0.143
4841.000 0.142
4842.000 0.142
4843.000 0.140
4844.000 0.141
4845.000 0.143
4846.000 0.140
4847.000 0.140
4848.000 0.138
4849.000 0.139
4850.000 0.136
4851.000 0.137
4852.000 0.135
4853.000 0.136
4854.000 0.136
4855.000 0.135
4856.000 0.133
4857.000 0.133
4858.000 0.134
4859.000 0.132
4860.000 0.133
4861.000 0.131
4862.000 0.132
4863.000 0.131
4864.000 0.130
4865.000 0.129
4866.000 0.130
4867.000 0.130
4868.000 0.128
4869.000 0.128
4870.000 0.127
4871.000 0.127
4872.000 0.126
4873.000 0.126
4874.000 0.127
4875.000 0.125
4876.000 0.124
4877.000 0.125
4878.000 0.123
4879.000 0.123
4880.000 0.124
4881.000 0.123
4882.000 0.124
4883.000 0.122
4884.000 0.121
4885.000 0.123
4886.000 0.120
4887.000 0.120
4888.000 0.120
4889.000 0.119
4890.000 0.119
4891.000 0.118
4892.000 0.119
4893.000 0.118
4894.000 0.117
4895.000 0.117
4896.000 0.116
4897.000 0.115
4898.000 0.116
4899.000 0.115
4900.000 0.114
4901.000 0.114
4902.000 0.114
4903.000 0.114
4904.000 0.116
4905.000 0.114
4906.000 0.112
4907.000 0.112
4908.000 0.111
4909.000 0.110
4910.000 0.111
4911.000 0.111
4912.000 0.111
4913.000 0.110
4914.000 0.111
4915.000 0.109
4916.000 0.107
4917.000 0.108
4918.000 0.107
4919.000 0.108
4920.000 0.107
4921.000 0.107
4922.000 0.108
4923.000 0.105
4924.000 0.105
4925.000 0.105
4926.000 0.105
4927.000 0.106
4928.000 0.105
4929.000 0.104
4930.000 0.104
4931.000 0.103
4932.000 0.105
4933.000 0.103
4934.000 0.103
4935.000 0.103
4936.000 0.102
4937.000 0.101
4938.000 0.101
4939.000 0.101
4940.000 0.101
4941.000 0.101
4942.000 0.100
4943.000 0.100
4944.000 0.101
4945.000 0.099
4946.000 0.098
4947.000 0.098
4948.000 0.100
4949.000 0.099
4950.000 0.099
4951.000 0.099
4952.000 0.098
4953.000 0.097
4954.000 0.096
4955.000 0.097
4956.000 0.098
4957.000 0.096
4958.000 0.096
4959.000 0.097
4960.000 0.095
4961.000 0.095
4962.000 0.094
4963.000 0.094
4964.000 0.094
4965.000 0.093
4966.000 0.093
4967.000 0.094
4968.000 0.093
4969.000 0.094
4970.000 0.093
4971.000 0.092
4972.000 0.092
4973.000 0.093
4974.000 0.092
4975.000 0.091
4976.000 0.092
4977.000 0.092
4978.000 0.091
4979.000 0.090
4980.000 0.091
4981.000 0.090
4982.000 0.089
4983.000 0.089
4984.000 0.089
4985.000 0.089
4986.000 0.089
4987.000 0.088
4988.000 0.088
4989.000 0.088
4990.000 0.088
4991.000 0.087
4992.000 0.087
4993.000 0.087
4994.000 0.086
4995.000 0.087
4996.000 0.087
4997.000 0.086
4998.000 0.086
4999.000 0.086
5000.000 0.085
5001.000 0.086
5002.000 0.086
5003.000 0.085
5004.000 0.085
5005.000 0.085
5006.000 0.084
5007.000 0.084
5008.000 0.084
5009.000 0.083
5010.000 0.085
5011.000 0.083
5012.000 0.082
5013.000 0.082
5014.000 0.082
5015.000 0.081
5016.000 0.082
5017.000 0.082
5018.000 0.083
5019.000 0.081
5020.000 0.081
5021.000 0.080
5022.000 0.081
5023.000 0.081
5024.000 0.080
5025.000 0.081
5026.000 0.081
5027.000 0.079
5028.000 0.080
5029.000 0.078
5030.000 0.079
5031.000 0.079
5032.000 0.078
5033.000 0.079
5034.000 0.078
5035.000 0.077
5036.000 0.079
5037.000 0.077
5038.000 0.079
5039.000 0.078
5040.000 0.076
5041.000 0.077
5042.000 0.077
5043.000 0.076
5044.000 0.077
5045.000 0.076
5046.000 0.076
5047.000 0.077
5048.000 0.077
5049.000 0.076
5050.000 0.075
5051.000 0.076
5052.000 0.076
5053.000 0.074
5054.000 0.076
5055.000 0.074
5056.000 0.074
5057.000 0.074
5058.000 0.073
5059.000 0.074
5060.000 0.073
5061.000 0.073
5062.000 0.074
5063.000 0.074
5064.000 0.073
5065.000 0.073
5066.000 0.073
5067.000 0.073
5068.000 0.072
5069.000 0.072
5070.000 0.072
5071.000 0.072
5072.000 0.073
5073.000 0.073
5074.000 0.071
5075.000 0.071
5076.000 0.071
5077.000 0.072
5078.000 0.072
5079.000 0.071
5080.000 0.069
5081.000 0.071
5082.000 0.070
5083.000 0.071
5084.000 0.070
5085.000 0.072
5086.000 0.069
5087.000 0.070
5088.000 0.069
5089.000 0.069
5090.000 0.069
5091.000 0.069
5092.000 0.068
5093.000 0.069
5094.000 0.070
5095.000 0.068
5096.000 0.070
5097.000 0.068
5098.000 0.069
5099.000 0.069
5100.000 0.067
5101.000 0.067
5102.000 0.068
5103.000 0.068
5104.000 0.068
5105.000 0.068
5106.000 0.066
5107.000 0.067
5108.000 0.067
5109.000 0.066
5110.000 0.067
5111.000 0.068
5112.000 0.067
5113.000 0.066
5114.000 0.065
5115.000 0.066
5116.000 0.067
5117.000 0.065
5118.000 0.065
5119.000 0.065
5120.000 0.063
5121.000 0.066
5122.000 0.065
5123.000 0.064
5124.000 0.065
5125.000 0.064
5126.000 0.064
5127.000 0.065
5128.000 0.066
5129.000 0.064
5130.000 0.064
5131.000 0.063
5132.000 0.064
5133.000 0.063
5134.000 0.064
5135.000 0.064
5136.000 0.063
5137.000 0.063
5138.000 0.063
5139.000 0.062
5140.000 0.062
5141.000 0.063
5142.000 0.063
5143.000 0.061
5144.000 0.063
5145.000 0.061
5146.000 0.063
5147.000 0.061
5148.000 0.061
5149.000 0.061
5150.000 0.063
5151.000 0.062
5152.000 0.062
5153.000 0.060
5154.000 0.060
5155.000 0.063
5156.000 0.061
5157.000 0.061
5158.000 0.060
5159.000 0.062
5160.000 0.060
5161.000 0.060
5162.000 0.060
5163.000 0.062
5164.000 0.060
5165.000 0.060
5166.000 0.060
5167.000 0.060
5168.000 0.059
5169.000 0.060
5170.000 0.060
5171.000 0.059
5172.000 0.059
5173.000 0.060
5174.000 0.058
5175.000 0.058
5176.000 0.059
5177.000 0.059
5178.000 0.058
5179.000 0.059
5180.000 0.060
5181.000 0.058
5182.000 0.058
5183.000 0.057
5184.000 0.057
5185.000 0.058
5186.000 0.059
5187.000 0.058
5188.000 0.059
5189.000 0.058
5190.000 0.058
5191.000 0.057
5192.000 0.057
5193.000 0.057
5194.000 0.058
5195.000 0.056
5196.000 0.057
5197.000 0.058
5198.000 0.056
5199.000 0.057
5200.000 0.056
5201.000 0.056
5202.000 0.057
5203.000 0.055
5204.000 0.056
5205.000 0.055
5206.000 0.056
5207.000 0.056
5208.000 0.056
5209.000 0.054
5210.000 0.055
5211.000 0.056
5212.000 0.055
5213.000 0.055
5214.000 0.054
5215.000 0.055
5216.000 0.055
5217.000 0.055
5218.000 0.056
5219.000 0.055
5220.000 0.053
5221.000 0.054
5222.000 0.054
5223.000 0.054
5224.000 0.054
5225.000 0.054
5226.000 0.054
5227.000 0.053
5228.000 0.053
5229.000 0.054
5230.000 0.054
5231.000 0.053
5232.000 0.053
5233.000 0.053
5234.000 0.054
5235.000 0.054
5236.000 0.053
5237.000 0.054
5238.000 0.053
5239.000 0.053
5240.000 0.053
5241.000 0.052
5242.000 0.053
5243.000 0.051
5244.000 0.053
5245.000 0.052
5246.000 0.052
5247.000 0.051
5248.000 0.052
5249.000 0.052
5250.000 0.053
5251.000 0.052
5252.000 0.052
5253.000 0.052
5254.000 0.052
5255.000 0.051
5256.000 0.051
5257.000 0.052
5258.000 0.051
5259.000 0.050
5260.000 0.051
5261.000 0.051
5262.000 0.051
5263.000 0.050
5264.000 0.050
5265.000 0.050
5266.000 0.051
5267.000 0.050
5268.000 0.050
5269.000 0.050
5270.000 0.051
5271.000 0.050
5272.000 0.048
5273.000 0.049
5274.000 0.049
5275.000 0.048
5276.000 0.050
5277.000 0.051
5278.000 0.050
5279.000 0.051
5280.000 0.049
5281.000 0.049
5282.000 0.049
5283.000 0.048
5284.000 0.049
5285.000 0.049
5286.000 0.050
5287.000 0.048
5288.000 0.048
5289.000 0.049
5290.000 0.048
5291.000 0.049
5292.000 0.048
5293.000 0.048
5294.000 0.047
5295.000 0.049
5296.000 0.047
5297.000 0.048
5298.000 0.047
5299.000 0.047
5300.000 0.047
5301.000 0.049
5302.000 0.048
5303.000 0.048
5304.000 0.049
5305.000 0.047
5306.000 0.048
5307.000 0.047
5308.000 0.048
5309.000 0.047
5310.000 0.046
5311.000 0.048
5312.000 0.047
5313.000 0.046
5314.000 0.047
5315.000 0.046
5316.000 0.047
5317.000 0.046
5318.000 0.047
5319.000 0.046
5320.000 0.047
5321.000 0.046
5322.000 0.045
5323.000 0.046
5324.000 0.046
5325.000 0.046
5326.000 0.045
5327.000 0.045
5328.000 0.045
5329.000 0.046
5330.000 0.046
5331.000 0.044
5332.000 0.044
5333.000 0.045
5334.000 0.046
5335.000 0.045
5336.000 0.045
5337.000 0.045
5338.000 0.045
5339.000 0.045
5340.000 0.045
5341.000 0.044
5342.000 0.044
5343.000 0.044
5344.000 0.044
5345.000 0.045
5346.000 0.045
5347.000 0.043
5348.000 0.045
5349.000 0.044
5350.000 0.044
5351.000 0.044
5352.000 0.044
5353.000 0.043
5354.000 0.045
5355.000 0.043
5356.000 0.043
5357.000 0.044
5358.000 0.043
5359.000 0.043
5360.000 0.043
5361.000 0.043
5362.000 0.043
5363.000 0.043
5364.000 0.043
5365.000 0.043
5366.000 0.043
5367.000 0.043
5368.000 0.042
5369.000 0.042
5370.000 0.043
5371.000 0.042
5372.000 0.043
5373.000 0.042
5374.000 0.041
5375.000 0.042
5376.000 0.043
5377.000 0.042
5378.000 0.042
5379.000 0.042
5380.000 0.042
5381.000 0.042
5382.000 0.042
5383.000 0.042
5384.000 0.041
5385.000 0.042
5386.000 0.041
5387.000 0.041
5388.000 0.041
5389.000 0.041
5390.000 0.042
5391.000 0.042
5392.000 0.042
5393.000 0.041
5394.000 0.041
5395.000 0.040
5396.000 0.039
5397.000 0.039
5398.000 0.040
5399.000 0.041
5400.000 0.041
5401.000 0.041
5402.000 0.040
5403.000 0.041
5404.000 0.040
5405.000 0.040
5406.000 0.040
5407.000 0.040
5408.000 0.040
5409.000 0.040
5410.000 0.040
5411.000 0.039
5412.000 0.041
5413.000 0.040
5414.000 0.039
5415.000 0.040
5416.000 0.040
5417.000 0.040
5418.000 0.038
5419.000 0.039
5420.000 0.037
5421.000 0.038
5422.000 0.039
5423.000 0.039
5424.000 0.039
5425.000 0.040
5426.000 0.040
5427.000 0.039
5428.000 0.039
5429.000 0.040
5430.000 0.039
5431.000 0.039
5432.000 0.038
5433.000 0.038
5434.000 0.039
5435.000 0.039
5436.000 0.038
5437.000 0.037
5438.000 0.038
5439.000 0.038
5440.000 0.039
5441.000 0.039
5442.000 0.038
5443.000 0.039
5444.000 0.037
5445.000 0.037
5446.000 0.038
5447.000 0.037
5448.000 0.038
5449.000 0.037
5450.000 0.037
5451.000 0.037
5452.000 0.037
5453.000 0.038
5454.000 0.038
5455.000 0.037
5456.000 0.037
5457.000 0.038
5458.000 0.037
5459.000 0.036
5460.000 0.038
5461.000 0.037
5462.000 0.037
5463.000 0.037
5464.000 0.037
5465.000 0.038
5466.000 0.037
5467.000 0.037
5468.000 0.037
5469.000 0.037
5470.000 0.036
5471.000 0.037
5472.000 0.037
5473.000 0.036
5474.000 0.036
5475.000 0.037
5476.000 0.037
5477.000 0.036
5478.000 0.037
5479.000 0.036
5480.000 0.037
5481.000 0.037
5482.000 0.036
5483.000 0.036
5484.000 0.037
5485.000 0.035
5486.000 0.035
5487.000 0.035
5488.000 0.035
5489.000 0.035
5490.000 0.035
5491.000 0.036
5492.000 0.036
5493.000 0.037
5494.000 0.036
5495.000 0.036
5496.000 0.036
5497.000 0.035
5498.000 0.037
5499.000 0.037
5500.000 0.035
5501.000 0.036
5502.000 0.037
5503.000 0.035
5504.000 0.035
5505.000 0.035
5506.000 0.036
5507.000 0.035
5508.000 0.035
5509.000 0.035
5510.000 0.036
5511.000 0.037
5512.000 0.034
5513.000 0.035
5514.000 0.035
5515.000 0.034
5516.000 0.036
5517.000 0.035
5518.000 0.035
5519.000 0.036
5520.000 0.035
5521.000 0.035
5522.000 0.036
5523.000 0.035
5524.000 0.034
5525.000 0.034
5526.000 0.034
5527.000 0.034
5528.000 0.034
5529.000 0.034
5530.000 0.034
5531.000 0.034
5532.000 0.034
5533.000 0.034
5534.000 0.034
5535.000 0.035
5536.000 0.035
5537.000 0.034
5538.000 0.033
5539.000 0.035
5540.000 0.032
5541.000 0.034
5542.000 0.034
5543.000 0.034
5544.000 0.035
5545.000 0.034
5546.000 0.034
5547.000 0.034
5548.000 0.034
5549.000 0.035
5550.000 0.034
5551.000 0.034
5552.000 0.035
5553.000 0.034
5554.000 0.034
5555.000 0.033
5556.000 0.034
5557.000 0.034
5558.000 0.034
5559.000 0.034
5560.000 0.035
5561.000 0.033
5562.000 0.033
5563.000 0.035
5564.000 0.033
5565.000 0.034
5566.000 0.034
5567.000 0.034
5568.000 0.035
5569.000 0.033
5570.000 0.033
5571.000 0.033
5572.000 0.033
5573.000 0.034
5574.000 0.034
5575.000 0.033
5576.000 0.033
5577.000 0.034
5578.000 0.033
5579.000 0.033
5580.000 0.033
5581.000 0.032
5582.000 0.033
5583.000 0.033
5584.000 0.033
5585.000 0.033
5586.000 0.033
5587.000 0.034
5588.000 0.033
5589.000 0.033
5590.000 0.034
5591.000 0.032
5592.000 0.033
5593.000 0.033
5594.000 0.032
5595.000 0.032
5596.000 0.034
5597.000 0.033
5598.000 0.033
5599.000 0.033
5600.000 0.033
5601.000 0.033
5602.000 0.033
5603.000 0.033
5604.000 0.032
5605.000 0.032
5606.000 0.034
5607.000 0.033
5608.000 0.034
5609.000 0.033
5610.000 0.031
5611.000 0.032
5612.000 0.031
5613.000 0.032
5614.000 0.033
5615.000 0.032
5616.000 0.032
5617.000 0.033
5618.000 0.032
5619.000 0.033
5620.000 0.032
5621.000 0.031
5622.000 0.032
5623.000 0.031
5624.000 0.033
5625.000 0.032
5626.000 0.032
5627.000 0.031
5628.000 0.032
5629.000 0.031
5630.000 0.032
5631.000 0.031
5632.000 0.032
5633.000 0.032
5634.000 0.032
5635.000 0.033
5636.000 0.031
5637.000 0.031
5638.000 0.031
5639.000 0.032
5640.000 0.032
5641.000 0.032
5642.000 0.032
5643.000 0.032
5644.000 0.031
5645.000 0.031
5646.000 0.032
5647.000 0.034
5648.000 0.032
5649.000 0.031
5650.000 0.031
5651.000 0.031
5652.000 0.032
5653.000 0.031
5654.000 0.031
5655.000 0.032
5656.000 0.031
5657.000 0.032
5658.000 0.032
5659.000 0.032
5660.000 0.032
5661.000 0.032
5662.000 0.031
5663.000 0.032
5664.000 0.031
5665.000 0.031
5666.000 0.031
5667.000 0.034
5668.000 0.032
5669.000 0.031
5670.000 0.032
5671.000 0.031
5672.000 0.032
5673.000 0.031
5674.000 0.031
5675.000 0.030
5676.000 0.030
5677.000 0.033
5678.000 0.031
5679.000 0.031
5680.000 0.031
5681.000 0.032
5682.000 0.031
5683.000 0.032
5684.000 0.031
5685.000 0.032
5686.000 0.032
5687.000 0.032
5688.000 0.031
5689.000 0.031
5690.000 0.030
5691.000 0.031
5692.000 0.031
5693.000 0.031
5694.000 0.031
5696.000 0.032
5697.000 0.030
5698.000 0.031
5699.000 0.032
5700.000 0.032
5701.000 0.030
5702.000 0.030
5703.000 0.030
5704.000 0.031
5705.000 0.031
5706.000 0.031
5707.000 0.032
5708.000 0.031
5709.000 0.030
5710.000 0.031
5711.000 0.030
5712.000 0.030
5713.000 0.031
5714.000 0.031
5715.000 0.031
5716.000 0.031
5717.000 0.031
5718.000 0.032
5719.000 0.031
5720.000 0.031
5721.000 0.031
5722.000 0.032
5723.000 0.030
5724.000 0.031
5725.000 0.029
5726.000 0.032
5727.000 0.030
5728.000 0.030
5729.000 0.030
5730.000 0.030
5731.000 0.030
5732.000 0.031
5733.000 0.031
5734.000 0.031
5735.000 0.030
5736.000 0.030
5737.000 0.032
5738.000 0.030
5739.000 0.030
5740.000 0.032
5741.000 0.030
5742.000 0.031
5743.000 0.031
5744.000 0.032
5745.000 0.032
5746.000 0.031
5747.000 0.031
5748.000 0.031
5749.000 0.030
5750.000 0.031
5751.000 0.030
5752.000 0.031
5753.000 0.030
5754.000 0.030
5755.000 0.030
5756.000 0.030
5757.000 0.030
5758.000 0.031
5759.000 0.031
5760.000 0.030
5761.000 0.029
5762.000 0.030
5763.000 0.030
5764.000 0.031
5765.000 0.031
5766.000 0.030
5767.000 0.031
5768.000 0.032
5769.000 0.031
5770.000 0.030
5771.000 0.030
5772.000 0.031
5773.000 0.030
5774.000 0.029
5775.000 0.031
5776.000 0.030
5777.000 0.029
5778.000 0.031
5779.000 0.031
5780.000 0.030
5781.000 0.032
5782.000 0.031
5783.000 0.031
5784.000 0.030
5785.000 0.031
5786.000 0.031
5787.000 0.031
5788.000 0.030
5789.000 0.030
5790.000 0.030
5791.000 0.031
5792.000 0.030
5793.000 0.031
5794.000 0.031
5795.000 0.030
5796.000 0.029
5797.000 0.030
5798.000 0.031
5799.000 0.031
5800.000 0.030
5801.000 0.030
5802.000 0.031
5803.000 0.030
5804.000 0.031
5805.000 0.030
5806.000 0.031
5807.000 0.031
5808.000 0.030
5809.000 0.029
5810.000 0.031
5811.000 0.031
5812.000 0.031
5813.000 0.030
5814.000 0.030
5815.000 0.031
5816.000 0.030
5817.000 0.030
5818.000 0.031
5819.000 0.030
5820.000 0.031
5821.000 0.030
5822.000 0.031
5823.000 0.031
5824.000 0.031
5825.000 0.029
5826.000 0.030
5827.000 0.030
5828.000 0.030
5829.000 0.032
5830.000 0.030
5831.000 0.030
5832.000 0.031
5833.000 0.032
5834.000 0.031
5835.000 0.031
5836.000 0.030
5837.000 0.031
5838.000 0.031
5839.000 0.030
5840.000 0.031
5841.000 0.030
5842.000 0.031
5843.000 0.030
5844.000 0.030
5845.000 0.030
5846.000 0.031
5847.000 0.029
5848.000 0.031
5849.000 0.031
5850.000 0.030
5851.000 0.030
5852.000 0.031
5853.000 0.032
5854.000 0.031
5855.000 0.031
5856.000 0.029
5857.000 0.031
5858.000 0.031
5859.000 0.031
5860.000 0.029
5861.000 0.031
5862.000 0.030
5863.000 0.031
5864.000 0.030
5865.000 0.030
5866.000 0.031
5867.000 0.030
5868.000 0.031
5869.000 0.031
5870.000 0.031
5871.000 0.030
5872.000 0.031
5873.000 0.031
5874.000 0.031
5875.000 0.031
5876.000 0.030
5877.000 0.030
5878.000 0.032
5879.000 0.031
5880.000 0.029
5881.000 0.030
5882.000 0.031
5883.000 0.031
5884.000 0.031
5885.000 0.032
5886.000 0.032
5887.000 0.031
5888.000 0.032
5889.000 0.030
5890.000 0.030
5891.000 0.030
5892.000 0.031
5893.000 0.031
5894.000 0.030
5895.000 0.030
5896.000 0.030
5897.000 0.031
5898.000 0.031
5899.000 0.031
5900.000 0.032
5901.000 0.030
5902.000 0.031
5903.000 0.031
5904.000 0.031
5905.000 0.030
5906.000 0.031
5907.000 0.031
5908.000 0.032
5909.000 0.030
5910.000 0.031
5911.000 0.030
5912.000 0.030
5913.000 0.031
5914.000 0.031
5915.000 0.032
5916.000 0.032
5917.000 0.031
5918.000 0.030
5919.000 0.032
5920.000 0.031
5921.000 0.031
5922.000 0.031
5923.000 0.031
5924.000 0.031
5925.000 0.030
5926.000 0.031
5927.000 0.031
5928.000 0.032
5929.000 0.031
5930.000 0.031
5931.000 0.030
5932.000 0.031
5933.000 0.032
5934.000 0.031
5935.000 0.030
5936.000 0.030
5937.000 0.030
5938.000 0.029
5939.000 0.031
5940.000 0.031
5941.000 0.031
5942.000 0.031
5943.000 0.031
5944.000 0.032
5945.000 0.031
5946.000 0.031
5947.000 0.031
5948.000 0.030
5949.000 0.031
5950.000 0.033
5951.000 0.031
5952.000 0.032
5953.000 0.030
5954.000 0.031
5955.000 0.032
5956.000 0.032
5957.000 0.030
5958.000 0.030
5959.000 0.032
5960.000 0.032
5961.000 0.033
5962.000 0.030
5963.000 0.032
5964.000 0.029
5965.000 0.031
5966.000 0.031
5967.000 0.031
5968.000 0.031
5969.000 0.032
5970.000 0.031
5971.000 0.031
5972.000 0.031
5973.000 0.030
5974.000 0.031
5975.000 0.031
5976.000 0.031
5977.000 0.031
5978.000 0.032
5979.000 0.031
5980.000 0.032
5981.000 0.031
5982.000 0.030
5983.000 0.032
5984.000 0.032
5985.000 0.032
5986.000 0.030
5987.000 0.030
5988.000 0.032
5989.000 0.031
5990.000 0.031
5991.000 0.030
5992.000 0.031
5993.000 0.031
5994.000 0.031
5995.000 0.031
5996.000 0.032
5997.000 0.031
5998.000 0.031
5999.000 0.031
6000.000 0.032
6001.000 0.030
6002.000 0.030
6003.000 0.031
6004.000 0.031
6005.000 0.030
6006.000 0.031
6007.000 0.031
6008.000 0.030
6009.000 0.031
6010.000 0.030
6011.000 0.031
6012.000 0.031
6013.000 0.031
6014.000 0.031
6015.000 0.031
6016.000 0.030
6017.000 0.032
6018.000 0.031
6019.000 0.030
6020.000 0.031
6021.000 0.031
6022.000 0.030
6023.000 0.031
6024.000 0.032
6025.000 0.031
6026.000 0.030
6027.000 0.031
6028.000 0.031
6029.000 0.030
6030.000 0.030
6031.000 0.031
6032.000 0.029
6033.000 0.032
6034.000 0.030
6035.000 0.030
6036.000 0.031
6037.000 0.029
6038.000 0.031
6039.000 0.030
6040.000 0.030
6041.000 0.030
6042.000 0.030
6043.000 0.030
6044.000 0.030
6045.000 0.030
6046.000 0.030
6047.000 0.031
6048.000 0.030
6049.000 0.029
6050.000 0.029
6051.000 0.030
6052.000 0.031
6053.000 0.030
6054.000 0.030
6055.000 0.030
6056.000 0.031
6057.000 0.030
6058.000 0.031
6059.000 0.031
6060.000 0.030
6061.000 0.031
6062.000 0.029
6063.000 0.030
6064.000 0.029
6065.000 0.029
6066.000 0.030
6067.000 0.031
6068.000 0.030
6069.000 0.031
6070.000 0.031
6071.000 0.031
6072.000 0.031
6073.000 0.031
6074.000 0.031
6075.000 0.030
6076.000 0.031
6077.000 0.030
6078.000 0.030
6079.000 0.030
6080.000 0.031
6081.000 0.030
6082.000 0.031
6083.000 0.031
6084.000 0.031
6085.000 0.031
6086.000 0.029
6087.000 0.029
6088.000 0.030
6089.000 0.031
6090.000 0.030
6091.000 0.030
6092.000 0.030
6093.000 0.030
6094.000 0.030
6095.000 0.030
6096.000 0.030
6097.000 0.030
6098.000 0.031
6099.000 0.030
6100.000 0.030
6101.000 0.031
6102.000 0.031
6103.000 0.030
6104.000 0.030
6105.000 0.031
6106.000 0.031
6107.000 0.031
6108.000 0.031
6109.000 0.031
6110.000 0.030
6111.000 0.030
6112.000 0.031
6113.000 0.031
6114.000 0.031
6115.000 0.032
6116.000 0.032
6117.000 0.032
6118.000 0.031
6119.000 0.032
6120.000 0.031
6121.000 0.031
6122.000 0.031
6123.000 0.031
6124.000 0.031
6125.000 0.030
6126.000 0.030
6127.000 0.030
6128.000 0.029
6129.000 0.031
6130.000 0.031
6131.000 0.030
6132.000 0.031
6133.000 0.031
6134.000 0.032
6135.000 0.030
6136.000 0.031
6137.000 0.030
6138.000 0.032
6139.000 0.031
6140.000 0.033
6141.000 0.030
6142.000 0.031
6143.000 0.031
6144.000 0.031
6145.000 0.031
6146.000 0.032
6147.000 0.031
6148.000 0.032
6149.000 0.031
6150.000 0.030
6151.000 0.033
6152.000 0.031
6153.000 0.030
6154.000 0.031
6155.000 0.030
6156.000 0.031
6157.000 0.031
6158.000 0.031
6159.000 0.031
6160.000 0.032
6161.000 0.033
6162.000 0.032
6163.000 0.033
6164.000 0.031
6165.000 0.032
6166.000 0.031
6167.000 0.031
6168.000 0.032
6169.000 0.032
6170.000 0.032
6171.000 0.031
6172.000 0.031
6173.000 0.032
6174.000 0.033
6175.000 0.032
6176.000 0.032
6177.000 0.032
6178.000 0.032
6179.000 0.032
6180.000 0.032
6181.000 0.032
6182.000 0.033
6183.000 0.031
6184.000 0.030
6185.000 0.032
6186.000 0.032
6187.000 0.033
6188.000 0.032
6189.000 0.033
6190.000 0.032
6191.000 0.032
6192.000 0.033
6193.000 0.032
6194.000 0.033
6195.000 0.032
6196.000 0.033
6197.000 0.032
6198.000 0.033
6199.000 0.032
6200.000 0.032
6201.000 0.033
6202.000 0.032
6203.000 0.032
6204.000 0.032
6205.000 0.032
6206.000 0.033
6207.000 0.033
6208.000 0.034
6209.000 0.033
6210.000 0.033
6211.000 0.033
6212.000 0.033
6213.000 0.033
6214.000 0.034
6215.000 0.033
6216.000 0.032
6217.000 0.032
6218.000 0.032
6219.000 0.033
6220.000 0.035
6221.000 0.033
6222.000 0.033
6223.000 0.034
6224.000 0.034
6225.000 0.033
6226.000 0.034
6227.000 0.033
6228.000 0.033
6229.000 0.034
6230.000 0.033
6231.000 0.033
6232.000 0.034
6233.000 0.034
6234.000 0.033
6235.000 0.033
6236.000 0.035
6237.000 0.034
6238.000 0.032
6239.000 0.034
6240.000 0.034
6241.000 0.034
6242.000 0.034
6243.000 0.033
6244.000 0.033
6245.000 0.034
6246.000 0.034
6247.000 0.034
6248.000 0.034
6249.000 0.033
6250.000 0.034
6251.000 0.034
6252.000 0.032
6253.000 0.034
6254.000 0.034
6255.000 0.034
6256.000 0.035
6257.000 0.035
6258.000 0.034
6259.000 0.035
6260.000 0.033
6261.000 0.035
6262.000 0.035
6263.000 0.033
6264.000 0.035
6265.000 0.034
6266.000 0.035
6267.000 0.035
6268.000 0.034
6269.000 0.034
6270.000 0.035
6271.000 0.035
6272.000 0.036
6273.000 0.035
6274.000 0.034
6275.000 0.035
6276.000 0.036
6277.000 0.034
6278.000 0.035
6279.000 0.034
6280.000 0.035
6281.000 0.034
6282.000 0.034
6283.000 0.036
6284.000 0.035
6285.000 0.037
6286.000 0.034
6287.000 0.035
6288.000 0.035
6289.000 0.037
6290.000 0.034
6291.000 0.035
6292.000 0.037
6293.000 0.035
6294.000 0.034
6295.000 0.036
6296.000 0.035
6297.000 0.035
6298.000 0.036
6299.000 0.036
6300.000 0.036
6301.000 0.034
6302.000 0.035
6303.000 0.035
6304.000 0.036
6305.000 0.036
6306.000 0.036
6307.000 0.035
6308.000 0.036
6309.000 0.035
6310.000 0.035
6311.000 0.037
6312.000 0.036
6313.000 0.036
6314.000 0.036
6315.000 0.037
6316.000 0.037
6317.000 0.036
6318.000 0.036
6319.000 0.037
6320.000 0.035
6321.000 0.037
6322.000 0.036
6323.000 0.037
6324.000 0.037
6325.000 0.037
6326.000 0.036
6327.000 0.037
6328.000 0.036
6329.000 0.036
6330.000 0.038
6331.000 0.038
6332.000 0.037
6333.000 0.038
6334.000 0.037
6335.000 0.037
6336.000 0.037
6337.000 0.037
6338.000 0.036
6339.000 0.038
6340.000 0.037
6341.000 0.038
6342.000 0.037
6343.000 0.036
6344.000 0.036
6345.000 0.038
6346.000 0.037
6347.000 0.037
6348.000 0.037
6349.000 0.036
6350.000 0.037
6351.000 0.037
6352.000 0.038
6353.000 0.038
6354.000 0.039
6355.000 0.039
6356.000 0.038
6357.000 0.039
6358.000 0.038
6359.000 0.038
6360.000 0.038
6361.000 0.038
6362.000 0.039
6363.000 0.038
6364.000 0.038
6365.000 0.038
6366.000 0.040
6367.000 0.040
6368.000 0.039
6369.000 0.039
6370.000 0.040
6371.000 0.040
6372.000 0.039
6373.000 0.038
6374.000 0.039
6375.000 0.039
6376.000 0.039
6377.000 0.039
6378.000 0.039
6379.000 0.039
6380.000 0.040
6381.000 0.039
6382.000 0.041
6383.000 0.040
6384.000 0.041
6385.000 0.039
6386.000 0.040
6387.000 0.039
6388.000 0.040
6389.000 0.040
6390.000 0.041
6391.000 0.039
6392.000 0.041
6393.000 0.040
6394.000 0.041
6395.000 0.041
6396.000 0.040
6397.000 0.040
6398.000 0.041
6399.000 0.041
6400.000 0.041
6401.000 0.041
6402.000 0.042
6403.000 0.041
6404.000 0.041
6405.000 0.043
6406.000 0.041
6408.000 0.041
6409.000 0.042
6410.000 0.042
6411.000 0.043
6412.000 0.042
6413.000 0.042
6414.000 0.042
6415.000 0.042
6416.000 0.043
6417.000 0.041
6418.000 0.042
6419.000 0.043
6420.000 0.043
6421.000 0.042
6422.000 0.042
6423.000 0.042
6424.000 0.042
6425.000 0.043
6426.000 0.043
6427.000 0.043
6428.000 0.044
6429.000 0.043
6430.000 0.043
6431.000 0.045
6432.000 0.044
6433.000 0.044
6434.000 0.044
6435.000 0.043
6436.000 0.044
6437.000 0.044
6438.000 0.043
6439.000 0.044
6440.000 0.045
6441.000 0.044
6442.000 0.043
6443.000 0.045
6444.000 0.044
6445.000 0.044
6446.000 0.046
6447.000 0.046
6448.000 0.046
6449.000 0.045
6450.000 0.044
6451.000 0.046
6452.000 0.045
6453.000 0.045
6454.000 0.046
6455.000 0.046
6456.000 0.046
6457.000 0.046
6458.000 0.046
6459.000 0.047
6460.000 0.047
6461.000 0.046
6462.000 0.047
6463.000 0.045
6464.000 0.046
6466.000 0.047
6467.000 0.046
6468.000 0.047
6469.000 0.046
6470.000 0.047
6471.000 0.048
6472.000 0.047
6473.000 0.047
6474.000 0.047
6475.000 0.049
6476.000 0.047
6477.000 0.047
6478.000 0.047
6479.000 0.048
6480.000 0.049
6481.000 0.048
6482.000 0.047
6483.000 0.049
6484.000 0.049
6485.000 0.050
6486.000 0.049
6487.000 0.049
6488.000 0.050
6489.000 0.049
6490.000 0.049
6491.000 0.050
6492.000 0.049
6493.000 0.050
6494.000 0.050
6495.000 0.051
6496.000 0.050
6497.000 0.050
6498.000 0.050
6499.000 0.051
6500.000 0.050
6501.000 0.051
6502.000 0.052
6503.000 0.051
6504.000 0.051
6505.000 0.050
6506.000 0.052
6507.000 0.050
6508.000 0.051
6509.000 0.051
6510.000 0.051
6511.000 0.051
6512.000 0.052
6513.000 0.053
6515.000 0.052
6516.000 0.052
6517.000 0.052
6518.000 0.054
6519.000 0.053
6520.000 0.054
6521.000 0.054
6522.000 0.053
6523.000 0.054
6524.000 0.054
6525.000 0.053
6526.000 0.055
6527.000 0.054
6528.000 0.055
6529.000 0.054
6530.000 0.055
6531.000 0.056
6532.000 0.055
6533.000 0.055
6534.000 0.056
6535.000 0.055
6536.000 0.056
6537.000 0.056
6538.000 0.056
6539.000 0.057
6540.000 0.056
6541.000 0.056
6542.000 0.059
6543.000 0.058
6544.000 0.057
6545.000 0.057
6546.000 0.058
6547.000 0.058
6548.000 0.058
6550.000 0.058
6551.000 0.059
6552.000 0.058
6553.000 0.059
6554.000 0.059
6555.000 0.059
6556.000 0.059
6557.000 0.059
6558.000 0.059
6559.000 0.058
6560.000 0.060
6561.000 0.059
6562.000 0.059
6563.000 0.060
6564.000 0.060
6565.000 0.061
6566.000 0.060
6567.000 0.060
6568.000 0.060
6569.000 0.062
6570.000 0.062
6571.000 0.061
6572.000 0.061
6573.000 0.062
6574.000 0.063
6575.000 0.062
6576.000 0.062
6577.000 0.063
6578.000 0.063
6579.000 0.063
6580.000 0.064
6581.000 0.064
6582.000 0.063
6583.000 0.063
6585.000 0.065
6586.000 0.066
6587.000 0.065
6588.000 0.066
6589.000 0.066
6590.000 0.067
6591.000 0.065
6592.000 0.066
6593.000 0.066
6594.000 0.066
6595.000 0.066
6596.000 0.067
6597.000 0.067
6598.000 0.067
6599.000 0.067
6600.000 0.066
6601.000 0.068
6602.000 0.069
6603.000 0.068
6604.000 0.070
6605.000 0.070
6606.000 0.069
6607.000 0.070
6608.000 0.070
6609.000 0.070
6610.000 0.070
6611.000 0.070
6612.000 0.071
6614.000 0.071
6615.000 0.071
6616.000 0.072
6617.000 0.072
6618.000 0.072
6619.000 0.073
6620.000 0.072
6621.000 0.073
6622.000 0.073
6623.000 0.074
6624.000 0.074
6625.000 0.074
6626.000 0.074
6627.000 0.076
6628.000 0.075
6629.000 0.076
6630.000 0.074
6631.000 0.076
6632.000 0.076
6633.000 0.076
6634.000 0.077
6635.000 0.077
6636.000 0.077
6637.000 0.078
6638.000 0.077
6639.000 0.078
6640.000 0.078
6641.000 0.079
6642.000 0.079
6643.000 0.079
6644.000 0.080
6645.000 0.080
6647.000 0.081
6648.000 0.081
6649.000 0.082
6650.000 0.084
6651.000 0.083
6652.000 0.083
6653.000 0.084
6654.000 0.083
6655.000 0.085
6656.000 0.084
6657.000 0.085
6659.000 0.086
6660.000 0.085
6661.000 0.086
6662.000 0.087
6663.000 0.088
6664.000 0.088
6665.000 0.087
6666.000 0.089
6667.000 0.090
6668.000 0.089
6669.000 0.089
6670.000 0.091
6671.000 0.092
6672.000 0.092
6673.000 0.092
6674.000 0.092
6675.000 0.094
6676.000 0.093
6677.000 0.094
6678.000 0.095
6680.000 0.095
6681.000 0.095
6682.000 0.096
6683.000 0.098
6684.000 0.097
6685.000 0.098
6686.000 0.098
6687.000 0.098
6688.000 0.099
6689.000 0.100
6690.000 0.100
6691.000 0.101
6692.000 0.102
6693.000 0.102
6694.000 0.102
6695.000 0.104
6696.000 0.104
6697.000 0.104
6698.000 0.105
6699.000 0.105
6700.000 0.108
6701.000 0.106
6702.000 0.108
6703.000 0.107
6705.000 0.110
6706.000 0.110
6707.000 0.111
6708.000 0.111
6709.000 0.112
6710.000 0.113
6711.000 0.114
6712.000 0.114
6713.000 0.114
6714.000 0.117
6715.000 0.117
6716.000 0.118
6717.000 0.117
6718.000 0.120
6719.000 0.119
6720.000 0.120
6721.000 0.121
6722.000 0.122
6724.000 0.122
6725.000 0.123
6726.000 0.126
6727.000 0.126
6728.000 0.126
6729.000 0.128
6730.000 0.127
6731.000 0.131
6732.000 0.130
6733.000 0.132
6734.000 0.132
6735.000 0.133
6736.000 0.135
6737.000 0.135
6738.000 0.139
6739.000 0.138
6740.000 0.139
6741.000 0.140
6742.000 0.142
6744.000 0.144
6745.000 0.145
6746.000 0.146
6747.000 0.147
6748.000 0.148
6749.000 0.150
6750.000 0.151
6751.000 0.152
6752.000 0.153
6753.000 0.155
6754.000 0.154
6755.000 0.157
6756.000 0.159
6757.000 0.161
6758.000 0.162
6759.000 0.163
6761.000 0.165
6762.000 0.167
6763.000 0.169
6764.000 0.171
6765.000 0.173
6766.000 0.172
6767.000 0.175
6768.000 0.178
6769.000 0.180
6770.000 0.181
6771.000 0.183
6772.000 0.184
6773.000 0.186
6774.000 0.188
6775.000 0.191
6776.000 0.193
6777.000 0.195
6778.000 0.199
6779.000 0.199
6780.000 0.203
6781.000 0.205
6783.000 0.207
6784.000 0.209
6785.000 0.213
6786.000 0.216
6787.000 0.219
6788.000 0.220
6789.000 0.224
6790.000 0.226
6791.000 0.230
6792.000 0.232
6793.000 0.236
6794.000 0.238
6795.000 0.241
6796.000 0.244
6797.000 0.247
6798.000 0.252
6799.000 0.254
6801.000 0.259
6802.000 0.263
6803.000 0.268
6804.000 0.271
6805.000 0.276
6806.000 0.281
6807.000 0.285
6808.000 0.287
6809.000 0.293
6810.000 0.299
6811.000 0.302
6812.000 0.308
6813.000 0.314
6814.000 0.316
6815.000 0.324
6816.000 0.331
6817.000 0.333
6818.000 0.340
6820.000 0.347
6821.000 0.355
6822.000 0.361
6823.000 0.366
6824.000 0.374
6825.000 0.382
6826.000 0.387
6827.000 0.395
6828.000 0.400
6829.000 0.409
6830.000 0.419
6831.000 0.428
6832.000 0.433
6833.000 0.442
6834.000 0.448
6835.000 0.457
6836.000 0.467
6837.000 0.478
6838.000 0.483
6839.000 0.494
6840.000 0.498
6841.000 0.508
6843.000 0.519
6844.000 0.527
6845.000 0.538
6846.000 0.542
6847.000 0.551
6848.000 0.560
6849.000 0.569
6850.000 0.572
6851.000 0.580
6852.000 0.585
6853.000 0.589
6854.000 0.594
6855.000 0.598
6856.000 0.599
6857.000 0.601
6858.000 0.601
6860.000 0.602
6861.000 0.602
6862.000 0.600
6863.000 0.596
6864.000 0.592
6865.000 0.589
6866.000 0.583
6867.000 0.578
6868.000 0.569
6869.000 0.566
6870.000 0.556
6871.000 0.551
6872.000 0.543
6874.000 0.533
6875.000 0.524
6876.000 0.513
6877.000 0.508
6878.000 0.497
6879.000 0.486
6880.000 0.477
6881.000 0.472
6882.000 0.461
6883.000 0.451
6884.000 0.446
6885.000 0.436
6886.000 0.426
6887.000 0.422
6888.000 0.411
6890.000 0.404
6891.000 0.394
6892.000 0.387
6893.000 0.377
6894.000 0.373
6895.000 0.365
6896.000 0.362
6897.000 0.354
6898.000 0.345
6899.000 0.338
6900.000 0.336
6901.000 0.328
6902.000 0.322
6903.000 0.319
6905.000 0.313
6906.000 0.306
6907.000 0.301
6908.000 0.297
6909.000 0.293
6910.000 0.288
6911.000 0.285
6912.000 0.280
6913.000 0.274
6914.000 0.269
6915.000 0.267
6916.000 0.261
6917.000 0.260
6918.000 0.254
6919.000 0.251
6920.000 0.248
6921.000 0.245
6922.000 0.240
6923.000 0.238
6925.000 0.235
6926.000 0.229
6927.000 0.229
6928.000 0.223
6929.000 0.221
6930.000 0.218
6931.000 0.217
6932.000 0.213
6933.000 0.211
6934.000 0.210
6935.000 0.205
6936.000 0.204
6937.000 0.200
6938.000 0.199
6940.000 0.196
6941.000 0.192
6942.000 0.190
6943.000 0.188
6944.000 0.187
6945.000 0.185
6946.000 0.183
6947.000 0.183
6948.000 0.178
6949.000 0.175
6951.000 0.175
6952.000 0.172
6953.000 0.172
6954.000 0.169
6955.000 0.168
6956.000 0.167
6957.000 0.164
6958.000 0.163
6959.000 0.163
6960.000 0.160
6961.000 0.157
6962.000 0.157
6963.000 0.156
6964.000 0.153
6965.000 0.152
6967.000 0.151
6968.000 0.150
6969.000 0.147
6970.000 0.148
6971.000 0.146
6972.000 0.144
6973.000 0.142
6974.000 0.143
6975.000 0.140
6976.000 0.139
6977.000 0.139
6978.000 0.137
6979.000 0.136
6980.000 0.133
6981.000 0.133
6983.000 0.133
6984.000 0.131
6985.000 0.130
6986.000 0.130
6987.000 0.128
6988.000 0.128
6989.000 0.126
6990.000 0.124
6991.000 0.123
6992.000 0.122
6993.000 0.122
6994.000 0.123
6996.000 0.120
6997.000 0.120
6998.000 0.119
6999.000 0.117
7000.000 0.118
7001.000 0.116
7002.000 0.116
7003.000 0.116
7004.000 0.114
7005.000 0.113
7006.000 0.113
7007.000 0.112
7008.000 0.111
7010.000 0.109
7011.000 0.109
7012.000 0.109
7013.000 0.108
7014.000 0.108
7015.000 0.107
7016.000 0.106
7017.000 0.106
7018.000 0.104
7019.000 0.103
7020.000 0.102
7021.000 0.103
7022.000 0.103
7024.000 0.100
7025.000 0.101
7026.000 0.100
7027.000 0.100
7028.000 0.100
7029.000 0.098
7030.000 0.098
7031.000 0.098
7032.000 0.096
7033.000 0.096
7034.000 0.096
7035.000 0.095
7036.000 0.095
7038.000 0.094
7039.000 0.093
7040.000 0.094
7041.000 0.094
7042.000 0.092
7043.000 0.091
7044.000 0.090
7045.000 0.091
7046.000 0.090
7047.000 0.090
7048.000 0.090
7049.000 0.090
7050.000 0.088
7051.000 0.086
7053.000 0.087
7054.000 0.088
7055.000 0.086
7056.000 0.086
7057.000 0.085
7058.000 0.084
7059.000 0.084
7060.000 0.085
7061.000 0.084
7062.000 0.083
7063.000 0.083
7064.000 0.083
7066.000 0.081
7067.000 0.081
7068.000 0.081
7069.000 0.080
7070.000 0.081
7071.000 0.079
7072.000 0.080
7073.000 0.080
7074.000 0.078
7075.000 0.078
7076.000 0.077
7077.000 0.077
7078.000 0.077
7080.000 0.077
7081.000 0.078
7082.000 0.075
7083.000 0.075
7084.000 0.076
7085.000 0.074
7086.000 0.075
7087.000 0.075
7088.000 0.074
7089.000 0.074
7090.000 0.073
7091.000 0.074
7092.000 0.074
7094.000 0.073
7095.000 0.072
7096.000 0.072
7097.000 0.072
7098.000 0.071
7099.000 0.072
7100.000 0.072
7101.000 0.070
7102.000 0.070
7103.000 0.070
7104.000 0.070
7105.000 0.069
7106.000 0.069
7108.000 0.070
7109.000 0.069
7110.000 0.069
7111.000 0.067
7112.000 0.067
7113.000 0.067
7114.000 0.068
7115.000 0.067
7116.000 0.067
7117.000 0.066
7118.000 0.067
7119.000 0.066
7120.000 0.065
7122.000 0.066
7123.000 0.065
7124.000 0.064
7125.000 0.064
7126.000 0.063
7127.000 0.065
7128.000 0.064
7130.000 0.064
7131.000 0.064
7132.000 0.063
7133.000 0.063
7134.000 0.063
7135.000 0.063
7136.000 0.063
7137.000 0.063
7138.000 0.062
7139.000 0.063
7140.000 0.060
7142.000 0.062
7143.000 0.061
7144.000 0.059
7145.000 0.061
7146.000 0.061
7147.000 0.060
7148.000 0.060
7149.000 0.060
7150.000 0.060
7151.000 0.060
7153.000 0.059
7154.000 0.059
7155.000 0.059
7156.000 0.058
7157.000 0.058
7158.000 0.060
7159.000 0.057
7160.000 0.058
7161.000 0.057
7163.000 0.057
7164.000 0.057
7165.000 0.057
7166.000 0.056
7167.000 0.057
7168.000 0.056
7169.000 0.056
7170.000 0.055
7171.000 0.056
7172.000 0.055
7173.000 0.055
7175.000 0.054
7176.000 0.054
7177.000 0.055
7178.000 0.055
7179.000 0.056
7180.000 0.056
7181.000 0.054
7182.000 0.054
7183.000 0.055
7184.000 0.053
7185.000 0.053
7187.000 0.054
7188.000 0.054
7189.000 0.053
7190.000 0.052
7191.000 0.052
7192.000 0.053
7193.000 0.051
7194.000 0.053
7195.000 0.051
7196.000 0.051
7197.000 0.052
7198.000 0.052
7199.000 0.053
7201.000 0.052
7202.000 0.050
7203.000 0.051
7204.000 0.051
7205.000 0.051
7206.000 0.051
7207.000 0.051
7208.000 0.051
7209.000 0.049
7210.000 0.050
7211.000 0.050
7213.000 0.050
7214.000 0.049
7215.000 0.050
7216.000 0.049
7217.000 0.049
7218.000 0.049
7219.000 0.048
7220.000 0.048
7221.000 0.049
7222.000 0.049
7223.000 0.048
7224.000 0.049
7226.000 0.048
7227.000 0.048
7228.000 0.047
7229.000 0.047
7230.000 0.047
7231.000 0.048
7232.000 0.048
7233.000 0.047
7234.000 0.049
7235.000 0.046
7236.000 0.046
7237.000 0.047
7238.000 0.047
7239.000 0.047
7240.000 0.046
7242.000 0.046
7243.000 0.048
7244.000 0.046
7245.000 0.046
7246.000 0.045
7247.000 0.046
7248.000 0.044
7249.000 0.045
7250.000 0.046
7251.000 0.045
7253.000 0.045
7254.000 0.044
7255.000 0.045
7256.000 0.045
7257.000 0.044
7258.000 0.045
7259.000 0.044
7260.000 0.044
7262.000 0.044
7263.000 0.044
7264.000 0.043
7265.000 0.045
7266.000 0.044
7267.000 0.044
7268.000 0.043
7269.000 0.043
7270.000 0.043
7271.000 0.044
7272.000 0.042
7273.000 0.042
7275.000 0.043
7276.000 0.042
7277.000 0.042
7278.000 0.041
7279.000 0.042
7280.000 0.042
7281.000 0.042
7282.000 0.042
7284.000 0.041
7285.000 0.041
7286.000 0.041
7287.000 0.041
7288.000 0.041
7289.000 0.041
7290.000 0.042
7291.000 0.040
7292.000 0.040
7293.000 0.040
7294.000 0.042
7295.000 0.040
7297.000 0.041
7298.000 0.040
7299.000 0.040
7300.000 0.040
7301.000 0.040
7302.000 0.039
7303.000 0.038
7304.000 0.039
7305.000 0.039
7307.000 0.039
7308.000 0.038
7309.000 0.039
7310.000 0.039
7311.000 0.039
7312.000 0.039
7313.000 0.038
7314.000 0.038
7315.000 0.039
7316.000 0.038
7317.000 0.038
7319.000 0.036
7320.000 0.038
7321.000 0.039
7322.000 0.037
7323.000 0.037
7324.000 0.037
7325.000 0.037
7326.000 0.037
7328.000 0.037
7329.000 0.036
7330.000 0.037
7331.000 0.038
7332.000 0.037
7333.000 0.036
7334.000 0.037
7335.000 0.036
7336.000 0.036
7338.000 0.036
7339.000 0.037
7340.000 0.036
7341.000 0.035
7342.000 0.036
7343.000 0.035
7344.000 0.036
7345.000 0.036
7346.000 0.035
7348.000 0.035
7349.000 0.036
7350.000 0.036
7351.000 0.035
7352.000 0.035
7353.000 0.036
7355.000 0.035
7356.000 0.035
7357.000 0.036
7358.000 0.036
7359.000 0.035
7360.000 0.037
7361.000 0.034
7362.000 0.035
7363.000 0.034
7364.000 0.034
7365.000 0.034
7367.000 0.035
7368.000 0.033
7369.000 0.034
7370.000 0.035
7371.000 0.034
7372.000 0.033
7373.000 0.034
7374.000 0.034
7375.000 0.034
7377.000 0.034
7378.000 0.034
7379.000 0.033
7380.000 0.034
7381.000 0.033
7382.000 0.033
7383.000 0.034
7384.000 0.033
7385.000 0.033
7387.000 0.034
7388.000 0.034
7389.000 0.033
7390.000 0.034
7391.000 0.033
7392.000 0.034
7393.000 0.033
7394.000 0.032
7395.000 0.033
7397.000 0.031
7398.000 0.032
7399.000 0.032
7400.000 0.032
7401.000 0.033
7402.000 0.032
7403.000 0.033
7404.000 0.033
7405.000 0.032
7407.000 0.032
7408.000 0.033
7409.000 0.032
7410.000 0.032
7411.000 0.033
7412.000 0.032
7413.000 0.033
7414.000 0.033
7415.000 0.032
7417.000 0.032
7418.000 0.032
7419.000 0.032
7420.000 0.031
7421.000 0.031
7422.000 0.032
7423.000 0.032
7425.000 0.031
7426.000 0.031
7427.000 0.032
7428.000 0.031
7429.000 0.031
7430.000 0.032
7431.000 0.031
7432.000 0.031
7434.000 0.031
7435.000 0.031
7436.000 0.031
7437.000 0.031
7438.000 0.031
7439.000 0.030
7440.000 0.031
7441.000 0.031
7442.000 0.031
7444.000 0.029
7445.000 0.031
7446.000 0.028
7447.000 0.032
7448.000 0.032
7449.000 0.031
7450.000 0.030
7451.000 0.030
7452.000 0.030
7453.000 0.031
7454.000 0.031
7456.000 0.030
7457.000 0.030
7458.000 0.030
7459.000 0.031
7460.000 0.029
7461.000 0.030
7462.000 0.030
7463.000 0.030
7465.000 0.031
7466.000 0.031
7467.000 0.029
7468.000 0.030
7469.000 0.030
7470.000 0.031
7471.000 0.030
7472.000 0.029
7474.000 0.030
7475.000 0.030
7476.000 0.029
7477.000 0.030
7478.000 0.030
7479.000 0.030
7480.000 0.029
7481.000 0.029
7483.000 0.030
7484.000 0.030
7485.000 0.028
7486.000 0.029
7487.000 0.030
7488.000 0.029
7489.000 0.029
7490.000 0.031
7491.000 0.030
7493.000 0.029
7494.000 0.030
7495.000 0.029
7496.000 0.028
7497.000 0.028
7498.000 0.028
7499.000 0.029
7500.000 0.030
7502.000 0.027
7503.000 0.029
7504.000 0.028
7505.000 0.028
7506.000 0.029
7507.000 0.027
7508.000 0.030
7509.000 0.029
7511.000 0.027
7512.000 0.029
7513.000 0.028
7514.000 0.029
7515.000 0.028
7516.000 0.029
7517.000 0.028
7518.000 0.029
7519.000 0.028
7521.000 0.028
7522.000 0.028
7523.000 0.028
7524.000 0.027
7525.000 0.028
7526.000 0.028
7527.000 0.027
7528.000 0.028
7529.000 0.027
7530.000 0.028
7532.000 0.027
7533.000 0.027
7534.000 0.028
7535.000 0.028
7536.000 0.027
7537.000 0.027
7538.000 0.028
7539.000 0.028
7540.000 0.028
7541.000 0.028
7542.000 0.027
7544.000 0.027
7545.000 0.026
7546.000 0.027
7547.000 0.028
7548.000 0.028
7549.000 0.028
7550.000 0.027
7551.000 0.027
7553.000 0.027
7554.000 0.026
7555.000 0.026
7556.000 0.027
7557.000 0.027
7558.000 0.027
7559.000 0.027
7561.000 0.027
7562.000 0.027
7563.000 0.028
7564.000 0.026
7565.000 0.027
7566.000 0.027
7567.000 0.026
7569.000 0.026
7570.000 0.027
7571.000 0.027
7572.000 0.028
7573.000 0.026
7574.000 0.027
7575.000 0.027
7576.000 0.026
7578.000 0.026
7579.000 0.027
7580.000 0.027
7581.000 0.028
7582.000 0.026
7583.000 0.027
7584.000 0.026
7586.000 0.027
7587.000 0.026
7588.000 0.027
7589.000 0.025
7590.000 0.025
7591.000 0.026
7592.000 0.027
7593.000 0.027
7594.000 0.025
7595.000 0.027
7597.000 0.027
7598.000 0.026
7599.000 0.025
7600.000 0.026
7601.000 0.026
7602.000 0.026
7603.000 0.026
7604.000 0.027
7606.000 0.025
7607.000 0.026
7608.000 0.026
7609.000 0.026
7610.000 0.026
7611.000 0.025
7612.000 0.026
7613.000 0.026
7614.000 0.026
7616.000 0.026
7617.000 0.026
7618.000 0.025
7619.000 0.026
7620.000 0.025
7621.000 0.025
7623.000 0.025
7624.000 0.024
7625.000 0.025
7626.000 0.025
7627.000 0.025
7628.000 0.025
7629.000 0.025
7631.000 0.025
7632.000 0.025
7633.000 0.027
7634.000 0.025
7635.000 0.025
7636.000 0.024
7637.000 0.025
7638.000 0.025
7640.000 0.025
7641.000 0.024
7642.000 0.026
7643.000 0.025
7644.000 0.024
7645.000 0.025
7646.000 0.024
7647.000 0.025
7648.000 0.024
7650.000 0.025
7651.000 0.025
7652.000 0.025
7653.000 0.025
7654.000 0.025
7655.000 0.025
7657.000 0.024
7658.000 0.025
7659.000 0.025
7660.000 0.024
7661.000 0.024
7662.000 0.024
7663.000 0.025
7665.000 0.025
7666.000 0.024
7667.000 0.024
7668.000 0.025
7669.000 0.025
7670.000 0.025
7671.000 0.024
7672.000 0.024
7673.000 0.024
7675.000 0.024
7676.000 0.025
7677.000 0.024
7678.000 0.024
7679.000 0.024
7680.000 0.025
7681.000 0.024
7682.000 0.024
7684.000 0.023
7685.000 0.024
7686.000 0.024
7687.000 0.024
7688.000 0.024
7689.000 0.025
7690.000 0.024
7691.000 0.023
7693.000 0.024
7694.000 0.024
7695.000 0.024
7696.000 0.025
7697.000 0.024
7698.000 0.024
7699.000 0.024
7701.000 0.024
7702.000 0.023
7703.000 0.023
7704.000 0.024
7705.000 0.024
7706.000 0.024
7707.000 0.024
7709.000 0.024
7710.000 0.024
7711.000 0.024
7712.000 0.023
7713.000 0.023
7714.000 0.024
7716.000 0.023
7717.000 0.024
7718.000 0.024
7719.000 0.023
7720.000 0.023
7721.000 0.023
7722.000 0.024
7723.000 0.025
7725.000 0.024
7726.000 0.024
7727.000 0.023
7728.000 0.023
7729.000 0.023
7730.000 0.022
7731.000 0.022
7732.000 0.025
7733.000 0.023
7735.000 0.023
7736.000 0.023
7737.000 0.024
7738.000 0.024
7739.000 0.023
7740.000 0.023
7741.000 0.023
7743.000 0.025
7744.000 0.023
7745.000 0.024
7746.000 0.023
7747.000 0.023
7748.000 0.022
7749.000 0.022
7750.000 0.023
7752.000 0.023
7753.000 0.023
7754.000 0.022
7755.000 0.023
7756.000 0.023
7757.000 0.022
7758.000 0.022
7760.000 0.025
7761.000 0.023
7762.000 0.022
7763.000 0.023
7764.000 0.024
7765.000 0.023
7767.000 0.022
7768.000 0.021
7769.000 0.023
7770.000 0.023
7771.000 0.023
7772.000 0.023
7773.000 0.022
7774.000 0.022
7776.000 0.022
7777.000 0.022
7778.000 0.023
7779.000 0.022
7780.000 0.022
7781.000 0.022
7782.000 0.023
7784.000 0.023
7785.000 0.023
7786.000 0.022
7787.000 0.022
7788.000 0.022
7789.000 0.023
7790.000 0.023
7792.000 0.023
7793.000 0.022
7794.000 0.022
7795.000 0.022
7796.000 0.022
7797.000 0.023
7799.000 0.023
7800.000 0.022
7801.000 0.022
7802.000 0.022
7803.000 0.023
7804.000 0.023
7805.000 0.022
7807.000 0.021
7808.000 0.023
7809.000 0.022
7810.000 0.022
7811.000 0.023
7812.000 0.022
7813.000 0.024
7815.000 0.022
7816.000 0.023
7817.000 0.022
7818.000 0.023
7819.000 0.023
7820.000 0.022
7822.000 0.022
7823.000 0.022
7824.000 0.022
7825.000 0.022
7826.000 0.023
7827.000 0.023
7828.000 0.022
7830.000 0.022
7831.000 0.022
7832.000 0.022
7833.000 0.022
7834.000 0.022
7835.000 0.022
7836.000 0.023
7838.000 0.022
7839.000 0.021
7840.000 0.021
7841.000 0.022
7842.000 0.022
7843.000 0.022
7844.000 0.022
7846.000 0.022
7847.000 0.022
7848.000 0.022
7849.000 0.022
7850.000 0.023
7851.000 0.022
7852.000 0.022
7853.000 0.021
7854.000 0.021
7856.000 0.021
7857.000 0.021
7858.000 0.022
7859.000 0.021
7860.000 0.022
7861.000 0.021
7863.000 0.022
7864.000 0.021
7865.000 0.022
7866.000 0.022
7867.000 0.022
7868.000 0.021
7869.000 0.021
7871.000 0.022
7872.000 0.022
7873.000 0.022
7874.000 0.022
7875.000 0.021
7876.000 0.021
7877.000 0.020
7879.000 0.021
7880.000 0.023
7881.000 0.021
7882.000 0.021
7883.000 0.022
7884.000 0.022
7885.000 0.021
7887.000 0.022
7888.000 0.022
7889.000 0.021
7890.000 0.022
7891.000 0.021
7892.000 0.022
7893.000 0.022
7895.000 0.021
7896.000 0.022
7897.000 0.021
7898.000 0.020
7899.000 0.022
7900.000 0.022
7901.000 0.021
7903.000 0.022
7904.000 0.021
7905.000 0.021
7906.000 0.021
7907.000 0.022
7908.000 0.021
7909.000 0.021
7911.000 0.020
7912.000 0.021
7913.000 0.021
7914.000 0.022
7915.000 0.021
7916.000 0.020
7917.000 0.021
7918.000 0.022
7919.000 0.021
7921.000 0.022
7922.000 0.021
7923.000 0.020
7924.000 0.020
7925.000 0.020
7926.000 0.021
7928.000 0.022
7929.000 0.021
7930.000 0.022
7931.000 0.022
7932.000 0.022
7933.000 0.021
7935.000 0.021
7936.000 0.021
7937.000 0.021
7938.000 0.021
7939.000 0.021
7940.000 0.021
7941.000 0.021
7943.000 0.020
7944.000 0.021
7945.000 0.020
7946.000 0.021
7947.000 0.020
7948.000 0.020
7950.000 0.020
7951.000 0.020
7952.000 0.021
7953.000 0.021
7954.000 0.021
7955.000 0.020
7956.000 0.020
7957.000 0.020
7959.000 0.021
7960.000 0.021
7961.000 0.020
7962.000 0.021
7963.000 0.020
7964.000 0.021
7965.000 0.021
7967.000 0.020
7968.000 0.020
7969.000 0.020
7970.000 0.021
7971.000 0.021
7972.000 0.021
7974.000 0.021
7975.000 0.020
7976.000 0.020
7977.000 0.020
7978.000 0.020
7979.000 0.021
7981.000 0.021
7982.000 0.020
7983.000 0.021
7984.000 0.021
7985.000 0.021
7986.000 0.020
7988.000 0.021
7989.000 0.021
7990.000 0.020
7991.000 0.020
7992.000 0.021
7993.000 0.021
7995.000 0.020
7996.000 0.020
7997.000 0.020
7998.000 0.021
7999.000 0.022
8000.000 0.021
8002.000 0.021
8003.000 0.020
8004.000 0.020
8005.000 0.021
8006.000 0.021
8007.000 0.021
8009.000 0.020
8010.000 0.019
8011.000 0.020
8012.000 0.021
8013.000 0.021
8014.000 0.020
8016.000 0.021
8017.000 0.020
8018.000 0.021
8019.000 0.020
8020.000 0.021
8021.000 0.021
8022.000 0.020
8023.000 0.021
8025.000 0.021
8026.000 0.019
8027.000 0.021
8028.000 0.020
8029.000 0.020
8030.000 0.021
8031.000 0.020
8033.000 0.021
8034.000 0.021
8035.000 0.021
8036.000 0.020
8037.000 0.020
8038.000 0.020
8040.000 0.021
8041.000 0.020
8042.000 0.020
8043.000 0.020
8044.000 0.020
8045.000 0.021
8047.000 0.020
8048.000 0.021
8049.000 0.019
8050.000 0.021
8051.000 0.019
8052.000 0.021
8054.000 0.020
8055.000 0.020
8056.000 0.020
8057.000 0.020
8058.000 0.020
8059.000 0.021
8061.000 0.021
8062.000 0.020
8063.000 0.020
8064.000 0.021
8065.000 0.021
8066.000 0.020
8068.000 0.022
8069.000 0.020
8070.000 0.020
8071.000 0.020
8072.000 0.020
8073.000 0.020
8075.000 0.020
8076.000 0.020
8077.000 0.020
8078.000 0.021
8079.000 0.022
8080.000 0.021
8081.000 0.020
8083.000 0.021
8084.000 0.021
8085.000 0.020
8086.000 0.020
8087.000 0.020
8088.000 0.020
8089.000 0.020
8091.000 0.019
8092.000 0.020
8093.000 0.020
8094.000 0.020
8095.000 0.020
8096.000 0.020
8097.000 0.019
8099.000 0.021
8100.000 0.020
8101.000 0.020
8102.000 0.020
8103.000 0.019
8104.000 0.020
8106.000 0.021
8107.000 0.019
8108.000 0.019
8109.000 0.020
8110.000 0.020
8111.000 0.021
8113.000 0.020
8114.000 0.020
8115.000 0.020
8116.000 0.019
8117.000 0.020
8119.000 0.019
8120.000 0.020
8121.000 0.020
8122.000 0.020
8123.000 0.018
8124.000 0.020
8126.000 0.021
8127.000 0.020
8128.000 0.020
8129.000 0.020
8130.000 0.020
8132.000 0.020
8133.000 0.019
8134.000 0.020
8135.000 0.021
8136.000 0.021
8137.000 0.020
8139.000 0.021
8140.000 0.019
8141.000 0.021
8142.000 0.021
8143.000 0.020
8144.000 0.019
8146.000 0.021
8147.000 0.019
8148.000 0.021
8149.000 0.020
8150.000 0.020
8151.000 0.020
8153.000 0.020
8154.000 0.021
8155.000 0.019
8156.000 0.020
8157.000 0.020
8158.000 0.020
8160.000 0.020
8161.000 0.020
8162.000 0.021
8163.000 0.020
8164.000 0.021
8166.000 0.020
8167.000 0.021
8168.000 0.020
8169.000 0.019
8170.000 0.020
8172.000 0.021
8173.000 0.020
8174.000 0.021
8175.000 0.020
8176.000 0.021
8177.000 0.020
8179.000 0.020
8180.000 0.021
8181.000 0.020
8182.000 0.020
8183.000 0.019
8184.000 0.021
8185.000 0.020
8187.000 0.020
8188.000 0.021
8189.000 0.021
8190.000 0.022
8191.000 0.020
8192.000 0.019
8194.000 0.021
8195.000 0.020
8196.000 0.020
8197.000 0.020
8198.000 0.020
8200.000 0.021
8201.000 0.019
8202.000 0.021
8203.000 0.021
8204.000 0.020
8205.000 0.020
8207.000 0.020
8208.000 0.020
8209.000 0.021
8210.000 0.020
8211.000 0.020
8213.000 0.021
8214.000 0.021
8215.000 0.020
8216.000 0.021
8217.000 0.020
8218.000 0.020
8220.000 0.020
8221.000 0.021
8222.000 0.020
8223.000 0.021
8224.000 0.020
8226.000 0.019
8227.000 0.019
8228.000 0.020
8229.000 0.020
8230.000 0.021
8231.000 0.020
8232.000 0.019
8234.000 0.020
8235.000 0.020
8236.000 0.020
8237.000 0.021
8238.000 0.020
8239.000 0.020
8240.000 0.020
8242.000 0.021
8243.000 0.020
8244.000 0.020
8245.000 0.020
8246.000 0.020
8247.000 0.020
8248.000 0.019
8250.000 0.020
8251.000 0.020
8252.000 0.020
8253.000 0.021
8254.000 0.019
8255.000 0.019
8257.000 0.020
8258.000 0.021
8259.000 0.020
8260.000 0.020
8261.000 0.020
8263.000 0.020
8264.000 0.020
8265.000 0.020
8266.000 0.020
8268.000 0.019
8269.000 0.020
8270.000 0.019
8271.000 0.021
8272.000 0.020
8273.000 0.021
8275.000 0.021
8276.000 0.021
8277.000 0.020
8278.000 0.021
8279.000 0.021
8280.000 0.021
8281.000 0.021
8282.000 0.021
8284.000 0.020
8285.000 0.020
8286.000 0.020
8287.000 0.021
8288.000 0.021
8290.000 0.020
8291.000 0.022
8292.000 0.021
8293.000 0.021
8294.000 0.021
8295.000 0.021
8297.000 0.021
8298.000 0.022
8299.000 0.021
8300.000 0.022
8301.000 0.023
8303.000 0.021
8304.000 0.022
8305.000 0.022
8306.000 0.020
8307.000 0.021
8308.000 0.020
8310.000 0.022
8311.000 0.021
8312.000 0.022
8313.000 0.021
8314.000 0.021
8315.000 0.022
8317.000 0.022
8318.000 0.020
8319.000 0.021
8320.000 0.022
8321.000 0.022
8323.000 0.021
8324.000 0.021
8325.000 0.021
8326.000 0.023
8327.000 0.021
8328.000 0.021
8330.000 0.022
8331.000 0.021
8332.000 0.021
8333.000 0.021
8334.000 0.022
8336.000 0.021
8337.000 0.021
8338.000 0.021
8339.000 0.022
8340.000 0.021
8342.000 0.022
8343.000 0.021
8344.000 0.022
8345.000 0.021
8346.000 0.021
8347.000 0.021
8349.000 0.021
8350.000 0.021
8351.000 0.023
8352.000 0.021
8353.000 0.022
8354.000 0.022
8356.000 0.021
8357.000 0.021
8358.000 0.020
8359.000 0.021
8360.000 0.021
8362.000 0.022
8363.000 0.022
8364.000 0.021
8365.000 0.022
8366.000 0.022
8368.000 0.022
8369.000 0.022
8370.000 0.021
8371.000 0.022
8372.000 0.021
8374.000 0.022
8375.000 0.021
8376.000 0.022
8377.000 0.021
8378.000 0.022
8380.000 0.022
8381.000 0.022
8382.000 0.021
8383.000 0.022
8384.000 0.021
8386.000 0.021
8387.000 0.022
8388.000 0.022
8389.000 0.021
8390.000 0.022
8391.000 0.022
8393.000 0.021
8394.000 0.022
8395.000 0.021
8396.000 0.021
8397.000 0.021
8398.000 0.022
8400.000 0.021
8401.000 0.021
8402.000 0.021
8403.000 0.022
8404.000 0.022
8406.000 0.021
8407.000 0.022
8408.000 0.021
8409.000 0.021
8410.000 0.021
8411.000 0.021
8413.000 0.022
8414.000 0.022
8415.000 0.022
8416.000 0.022
8417.000 0.020
8418.000 0.022
8419.000 0.021
8421.000 0.022
8422.000 0.021
8423.000 0.021
8424.000 0.022
8425.000 0.021
8427.000 0.022
8428.000 0.023
8429.000 0.022
8430.000 0.022
8431.000 0.022
8432.000 0.022
8433.000 0.022
8435.000 0.022
8436.000 0.022
8437.000 0.022
8438.000 0.022
8440.000 0.023
8441.000 0.022
8442.000 0.022
8443.000 0.022
8444.000 0.022
8445.000 0.022
8447.000 0.023
8448.000 0.022
8449.000 0.020
8450.000 0.022
8451.000 0.023
8453.000 0.022
8454.000 0.021
8455.000 0.023
8456.000 0.022
8457.000 0.022
8458.000 0.022
8460.000 0.023
8461.000 0.021
8462.000 0.022
8463.000 0.022
8464.000 0.023
8466.000 0.021
8467.000 0.024
8468.000 0.022
8469.000 0.023
8471.000 0.022
8472.000 0.022
8473.000 0.022
8474.000 0.023
8475.000 0.022
8476.000 0.023
8478.000 0.022
8479.000 0.022
8480.000 0.022
8481.000 0.023
8482.000 0.022
8484.000 0.022
8485.000 0.023
8486.000 0.023
8487.000 0.022
8488.000 0.023
8490.000 0.022
8491.000 0.023
8492.000 0.023
8493.000 0.022
8494.000 0.023
8495.000 0.022
8497.000 0.023
8498.000 0.023
8499.000 0.023
8500.000 0.023
8502.000 0.023
8503.000 0.023
8504.000 0.022
8505.000 0.023
8506.000 0.023
8508.000 0.023
8509.000 0.023
8510.000 0.022
8511.000 0.024
8512.000 0.024
8514.000 0.023
8515.000 0.024
8516.000 0.023
8517.000 0.024
8518.000 0.023
8520.000 0.023
8521.000 0.022
8522.000 0.024
8523.000 0.022
8524.000 0.022
8525.000 0.023
8527.000 0.023
8528.000 0.023
8529.000 0.022
8530.000 0.023
8532.000 0.023
8533.000 0.023
8534.000 0.024
8535.000 0.023
8536.000 0.023
8538.000 0.024
8539.000 0.024
8540.000 0.024
8541.000 0.023
8542.000 0.023
8544.000 0.023
8545.000 0.024
8546.000 0.023
8547.000 0.023
8548.000 0.024
8550.000 0.025
8551.000 0.024
8552.000 0.023
8553.000 0.025
8554.000 0.024
8556.000 0.024
8557.000 0.024
8558.000 0.024
8559.000 0.024
8560.000 0.025
8561.000 0.024
8563.000 0.023
8564.000 0.023
8565.000 0.024
8566.000 0.024
8567.000 0.024
8569.000 0.023
8570.000 0.023
8571.000 0.024
8572.000 0.023
8573.000 0.025
8574.000 0.024
8576.000 0.024
8577.000 0.023
8578.000 0.024
8579.000 0.024
8581.000 0.024
8582.000 0.023
8583.000 0.024
8584.000 0.024
8586.000 0.025
8587.000 0.024
8588.000 0.026
8589.000 0.025
8591.000 0.025
8592.000 0.026
8593.000 0.024
8594.000 0.025
8595.000 0.024
8597.000 0.025
8598.000 0.024
8599.000 0.025
8600.000 0.025
8601.000 0.024
8603.000 0.025
8604.000 0.027
8605.000 0.024
8606.000 0.025
8607.000 0.025
8609.000 0.025
8610.000 0.025
8611.000 0.025
8612.000 0.025
8613.000 0.025
8615.000 0.024
8616.000 0.025
8617.000 0.025
8618.000 0.024
8619.000 0.024
8620.000 0.025
8622.000 0.024
8623.000 0.024
8624.000 0.026
8625.000 0.024
8626.000 0.025
8628.000 0.026
8629.000 0.026
8630.000 0.025
8631.000 0.025
8632.000 0.025
8634.000 0.026
8635.000 0.026
8636.000 0.026
8637.000 0.025
8638.000 0.025
8640.000 0.025
8641.000 0.027
8642.000 0.026
8643.000 0.026
8645.000 0.026
8646.000 0.026
8647.000 0.026
8648.000 0.025
8650.000 0.025
8651.000 0.026
8652.000 0.025
8653.000 0.025
8654.000 0.025
8656.000 0.026
8657.000 0.026
8658.000 0.027
8659.000 0.026
8660.000 0.026
8662.000 0.026
8663.000 0.026
8664.000 0.027
8665.000 0.026
8666.000 0.026
8668.000 0.026
8669.000 0.026
8670.000 0.027
8671.000 0.027
8672.000 0.026
8674.000 0.026
8675.000 0.026
8676.000 0.027
8677.000 0.027
8678.000 0.028
8680.000 0.027
8681.000 0.027
8682.000 0.028
8683.000 0.027
8684.000 0.028
8686.000 0.028
8687.000 0.025
8688.000 0.027
8689.000 0.026
8690.000 0.027
8692.000 0.028
8693.000 0.027
8694.000 0.027
8695.000 0.027
8696.000 0.026
8697.000 0.027
8699.000 0.027
8700.000 0.028
8701.000 0.028
8702.000 0.028
8703.000 0.027
8705.000 0.027
8706.000 0.029
8707.000 0.028
8708.000 0.029
8709.000 0.028
8710.000 0.028
8712.000 0.028
8713.000 0.028
8714.000 0.028
8715.000 0.028
8716.000 0.028
8718.000 0.028
8719.000 0.027
8720.000 0.028
8721.000 0.029
8723.000 0.029
8724.000 0.029
8725.000 0.028
8726.000 0.028
8728.000 0.028
8729.000 0.030
8730.000 0.029
8731.000 0.029
8733.000 0.030
8734.000 0.029
8735.000 0.029
8736.000 0.030
8737.000 0.029
8739.000 0.029
8740.000 0.030
8741.000 0.030
8742.000 0.030
8744.000 0.029
8745.000 0.029
8746.000 0.030
8747.000 0.029
8748.000 0.030
8749.000 0.029
8751.000 0.029
8752.000 0.030
8753.000 0.031
8754.000 0.030
8756.000 0.031
8757.000 0.030
8758.000 0.030
8759.000 0.031
8761.000 0.032
8762.000 0.032
8763.000 0.030
8764.000 0.031
8766.000 0.032
8767.000 0.031
8768.000 0.031
8769.000 0.032
8771.000 0.031
8772.000 0.031
8773.000 0.031
8774.000 0.031
8775.000 0.031
8777.000 0.031
8778.000 0.031
8779.000 0.032
8780.000 0.030
8781.000 0.031
8783.000 0.032
8784.000 0.032
8785.000 0.031
8786.000 0.031
8787.000 0.033
8789.000 0.032
8790.000 0.033
8791.000 0.034
8792.000 0.032
8793.000 0.034
8795.000 0.033
8796.000 0.033
8797.000 0.034
8798.000 0.033
8800.000 0.034
8801.000 0.033
8802.000 0.034
8803.000 0.032
8805.000 0.033
8806.000 0.034
8807.000 0.035
8808.000 0.033
8810.000 0.032
8811.000 0.034
8812.000 0.034
8813.000 0.034
8815.000 0.035
8816.000 0.034
8817.000 0.034
8818.000 0.035
8820.000 0.035
8821.000 0.035
8822.000 0.035
8823.000 0.036
8825.000 0.035
8826.000 0.035
8827.000 0.036
8828.000 0.036
8830.000 0.036
8831.000 0.035
8832.000 0.035
8833.000 0.036
8835.000 0.037
8836.000 0.036
8837.000 0.037
8838.000 0.036
8839.000 0.037
8840.000 0.037
8842.000 0.037
8843.000 0.038
8844.000 0.037
8845.000 0.037
8846.000 0.038
8848.000 0.037
8849.000 0.037
8850.000 0.037
8851.000 0.038
8853.000 0.038
8854.000 0.039
8855.000 0.039
8856.000 0.039
8858.000 0.038
8859.000 0.039
8860.000 0.040
8861.000 0.040
8863.000 0.039
8864.000 0.039
8865.000 0.040
8866.000 0.040
8868.000 0.042
8869.000 0.041
8870.000 0.041
8871.000 0.039
8873.000 0.041
8874.000 0.041
8875.000 0.042
8876.000 0.041
8878.000 0.042
8879.000 0.043
8880.000 0.042
8881.000 0.042
8883.000 0.043
8884.000 0.043
8885.000 0.044
8886.000 0.043
8887.000 0.044
8888.000 0.044
8890.000 0.044
8891.000 0.044
8892.000 0.044
8893.000 0.044
8894.000 0.045
8896.000 0.045
8897.000 0.046
8898.000 0.045
8899.000 0.046
8901.000 0.046
8902.000 0.046
8903.000 0.046
8904.000 0.047
8906.000 0.047
8907.000 0.047
8908.000 0.047
8909.000 0.046
8911.000 0.048
8912.000 0.049
8913.000 0.050
8914.000 0.049
8916.000 0.048
8917.000 0.049
8918.000 0.050
8919.000 0.050
8921.000 0.049
8922.000 0.049
8923.000 0.051
8924.000 0.051
8926.000 0.051
8927.000 0.052
8928.000 0.052
8929.000 0.053
8931.000 0.052
8932.000 0.052
8933.000 0.053
8934.000 0.054
8935.000 0.054
8937.000 0.055
8938.000 0.054
8939.000 0.056
8940.000 0.056
8941.000 0.057
8943.000 0.056
8944.000 0.056
8945.000 0.057
8946.000 0.057
8947.000 0.058
8949.000 0.058
8950.000 0.058
8951.000 0.059
8952.000 0.060
8954.000 0.061
8955.000 0.060
8956.000 0.060
8958.000 0.060
8959.000 0.062
8960.000 0.063
8961.000 0.063
8962.000 0.064
8964.000 0.064
8965.000 0.064
8966.000 0.065
8967.000 0.065
8968.000 0.066
8970.000 0.066
8971.000 0.067
8972.000 0.067
8973.000 0.067
8974.000 0.069
8976.000 0.070
8977.000 0.069
8978.000 0.070
8980.000 0.070
8981.000 0.072
8982.000 0.071
8983.000 0.073
8985.000 0.073
8986.000 0.073
8987.000 0.074
8988.000 0.075
8989.000 0.076
8991.000 0.077
8992.000 0.075
8993.000 0.078
8994.000 0.079
8995.000 0.080
8997.000 0.081
8998.000 0.081
8999.000 0.082
9000.000 0.084
9002.000 0.082
9003.000 0.085
9004.000 0.086
9005.000 0.087
9007.000 0.087
9008.000 0.088
9009.000 0.089
9010.000 0.090
9011.000 0.091
9013.000 0.090
9014.000 0.092
9015.000 0.094
9016.000 0.095
9018.000 0.095
9019.000 0.097
9020.000 0.098
9021.000 0.099
9022.000 0.100
9024.000 0.101
9025.000 0.102
9026.000 0.104
9027.000 0.105
9028.000 0.105
9030.000 0.108
9031.000 0.110
9032.000 0.111
9033.000 0.112
9034.000 0.113
9036.000 0.114
9037.000 0.117
9038.000 0.117
9039.000 0.120
9041.000 0.120
9042.000 0.123
9043.000 0.124
9044.000 0.126
9045.000 0.128
9047.000 0.130
9048.000 0.131
9049.000 0.133
9050.000 0.136
9052.000 0.136
9053.000 0.139
9054.000 0.141
9055.000 0.142
9057.000 0.144
9058.000 0.146
9059.000 0.149
9060.000 0.151
9061.000 0.153
9062.000 0.157
9064.000 0.157
9065.000 0.161
9066.000 0.164
9067.000 0.167
9068.000 0.170
9070.000 0.173
9071.000 0.176
9072.000 0.178
9073.000 0.181
9074.000 0.185
9076.000 0.187
9077.000 0.191
9078.000 0.193
9079.000 0.198
9081.000 0.203
9082.000 0.205
9083.000 0.208
9084.000 0.214
9086.000 0.219
9087.000 0.223
9088.000 0.228
9089.000 0.231
9091.000 0.235
9092.000 0.242
9093.000 0.246
9094.000 0.249
9095.000 0.255
9097.000 0.260
9098.000 0.266
9099.000 0.271
9100.000 0.276
9102.000 0.282
9103.000 0.288
9104.000 0.292
9105.000 0.297
9107.000 0.302
9108.000 0.310
9109.000 0.315
9110.000 0.317
9112.000 0.324
9113.000 0.329
9114.000 0.332
9115.000 0.336
9117.000 0.338
9118.000 0.343
9119.000 0.345
9120.000 0.350
9122.000 0.351
9123.000 0.353
9124.000 0.354
9125.000 0.353
9127.000 0.354
9128.000 0.351
9129.000 0.350
9130.000 0.349
9132.000 0.344
9133.000 0.342
9134.000 0.339
9135.000 0.335
9137.000 0.330
9138.000 0.326
9139.000 0.322
9140.000 0.316
9142.000 0.312
9143.000 0.303
9144.000 0.299
9145.000 0.296
9147.000 0.288
9148.000 0.283
9149.000 0.277
9150.000 0.270
9152.000 0.266
9153.000 0.260
9154.000 0.254
9155.000 0.252
9156.000 0.246
9158.000 0.239
9159.000 0.234
9160.000 0.229
9161.000 0.227
9163.000 0.220
9164.000 0.215
9165.000 0.211
9166.000 0.207
9168.000 0.204
9169.000 0.198
9170.000 0.194
9171.000 0.190
9173.000 0.186
9174.000 0.182
9175.000 0.180
9176.000 0.177
9178.000 0.173
9179.000 0.168
9180.000 0.164
9181.000 0.162
9183.000 0.160
9184.000 0.157
9185.000 0.154
9186.000 0.151
9188.000 0.150
9189.000 0.148
9190.000 0.145
9191.000 0.142
9192.000 0.140
9194.000 0.139
9195.000 0.137
9196.000 0.135
9197.000 0.132
9199.000 0.130
9200.000 0.127
9201.000 0.127
9202.000 0.125
9204.000 0.124
9205.000 0.121
9206.000 0.119
9207.000 0.117
9209.000 0.116
9210.000 0.114
9211.000 0.112
9212.000 0.111
9214.000 0.109
9215.000 0.109
9216.000 0.108
9217.000 0.105
9218.000 0.105
9220.000 0.103
9221.000 0.102
9222.000 0.100
9223.000 0.098
9225.000 0.097
9226.000 0.097
9227.000 0.095
9228.000 0.094
9230.000 0.095
9231.000 0.093
9232.000 0.092
9233.000 0.090
9235.000 0.090
9236.000 0.088
9237.000 0.088
9238.000 0.087
9240.000 0.086
9241.000 0.083
9242.000 0.085
9243.000 0.082
9245.000 0.082
9246.000 0.082
9247.000 0.081
9248.000 0.081
9250.000 0.079
9251.000 0.079
9252.000 0.078
9253.000 0.077
9255.000 0.077
9256.000 0.076
9257.000 0.075
9258.000 0.075
9260.000 0.073
9261.000 0.072
9262.000 0.073
9263.000 0.071
9265.000 0.070
9266.000 0.071
9267.000 0.069
9268.000 0.069
9270.000 0.068
9271.000 0.069
9272.000 0.068
9273.000 0.067
9275.000 0.068
9276.000 0.065
9277.000 0.066
9278.000 0.065
9280.000 0.065
9281.000 0.064
9282.000 0.064
9283.000 0.063
9285.000 0.062
9286.000 0.061
9287.000 0.061
9288.000 0.060
9290.000 0.060
9291.000 0.061
9292.000 0.059
9293.000 0.059
9295.000 0.059
9296.000 0.059
9297.000 0.057
9298.000 0.058
9300.000 0.057
9301.000 0.056
9302.000 0.057
9303.000 0.055
9305.000 0.056
9306.000 0.056
9307.000 0.054
9308.000 0.054
9310.000 0.054
9311.000 0.053
9312.000 0.053
9313.000 0.052
9315.000 0.053
9316.000 0.052
9317.000 0.052
9318.000 0.051
9320.000 0.051
9321.000 0.050
9322.000 0.051
9323.000 0.051
9325.000 0.050
9326.000 0.049
9327.000 0.049
9328.000 0.049
9330.000 0.048
9331.000 0.048
9332.000 0.048
9333.000 0.048
9335.000 0.048
9336.000 0.047
9337.000 0.047
9338.000 0.047
9340.000 0.047
9341.000 0.046
9342.000 0.045
9343.000 0.045
9345.000 0.044
9346.000 0.044
9347.000 0.044
9348.000 0.045
9350.000 0.045
9351.000 0.044
9352.000 0.044
9353.000 0.043
9355.000 0.043
9356.000 0.043
9357.000 0.044
9358.000 0.042
9360.000 0.042
9361.000 0.042
9362.000 0.041
9363.000 0.042
9365.000 0.041
9366.000 0.042
9367.000 0.040
9368.000 0.040
9370.000 0.040
9371.000 0.039
9372.000 0.040
9373.000 0.040
9375.000 0.041
9376.000 0.040
9377.000 0.038
9378.000 0.038
9380.000 0.038
9381.000 0.038
9383.000 0.038
9384.000 0.038
9385.000 0.038
9386.000 0.037
9388.000 0.038
9389.000 0.036
9390.000 0.037
9391.000 0.037
9393.000 0.037
9394.000 0.037
9395.000 0.036
9396.000 0.036
9398.000 0.037
9399.000 0.035
9400.000 0.035
9401.000 0.036
9403.000 0.035
9404.000 0.036
9405.000 0.034
9406.000 0.035
9408.000 0.035
9409.000 0.034
9410.000 0.035
9411.000 0.034
9413.000 0.034
9414.000 0.034
9415.000 0.034
9416.000 0.034
9418.000 0.033
9419.000 0.033
9420.000 0.033
9421.000 0.032
9423.000 0.032
9424.000 0.032
9425.000 0.033
9426.000 0.032
9428.000 0.032
9429.000 0.032
9430.000 0.032
9431.000 0.032
9433.000 0.032
9434.000 0.032
9435.000 0.031
9436.000 0.031
9438.000 0.031
9439.000 0.032
9440.000 0.030
9441.000 0.030
9443.000 0.031
9444.000 0.030
9445.000 0.031
9446.000 0.031
9448.000 0.030
9449.000 0.030
9450.000 0.030
9451.000 0.031
9453.000 0.029
9454.000 0.030
9455.000 0.030
9456.000 0.029
9458.000 0.029
9459.000 0.030
9460.000 0.028
9461.000 0.028
9462.000 0.029
9464.000 0.028
9465.000 0.029
9466.000 0.028
9468.000 0.029
9469.000 0.028
9470.000 0.028
9471.000 0.028
9473.000 0.028
9474.000 0.028
9476.000 0.028
9477.000 0.028
9478.000 0.028
9479.000 0.028
9481.000 0.027
9482.000 0.027
9483.000 0.027
9485.000 0.027
9486.000 0.026
9487.000 0.027
9488.000 0.027
9490.000 0.026
9491.000 0.027
9492.000 0.026
9493.000 0.026
9495.000 0.026
9496.000 0.026
9497.000 0.025
9498.000 0.026
9499.000 0.025
9501.000 0.027
9502.000 0.026
9503.000 0.026
9505.000 0.026
9506.000 0.026
9507.000 0.026
9508.000 0.025
9510.000 0.024
9511.000 0.024
9512.000 0.025
9513.000 0.024
9515.000 0.024
9516.000 0.025
9517.000 0.024
9518.000 0.025
9519.000 0.025
9521.000 0.025
9522.000 0.023
9523.000 0.024
9524.000 0.024
9526.000 0.023
9527.000 0.024
9528.000 0.024
9529.000 0.026
9531.000 0.024
9532.000 0.024
9533.000 0.023
9534.000 0.023
9536.000 0.024
9537.000 0.024
9538.000 0.023
9539.000 0.023
9541.000 0.023
9542.000 0.022
9543.000 0.024
9544.000 0.022
9546.000 0.023
9547.000 0.023
9548.000 0.023
9549.000 0.022
9551.000 0.023
9552.000 0.023
9553.000 0.022
9554.000 0.022
9556.000 0.023
9557.000 0.022
9558.000 0.022
9559.000 0.022
9561.000 0.022
9562.000 0.022
9563.000 0.022
9564.000 0.022
9566.000 0.022
9567.000 0.021
9568.000 0.021
9569.000 0.021
9571.000 0.021
9572.000 0.021
9573.000 0.022
9574.000 0.021
9576.000 0.022
9577.000 0.021
9578.000 0.021
9579.000 0.021
9581.000 0.021
9582.000 0.021
9583.000 0.020
9584.000 0.021
9586.000 0.020
9587.000 0.020
9588.000 0.020
9590.000 0.021
9591.000 0.021
9592.000 0.020
9594.000 0.021
9595.000 0.020
9596.000 0.021
9597.000 0.020
9599.000 0.019
9600.000 0.020
9601.000 0.020
9602.000 0.020
9604.000 0.020
9605.000 0.019
9606.000 0.020
9607.000 0.020
9609.000 0.019
9610.000 0.020
9611.000 0.020
9613.000 0.019
9614.000 0.019
9615.000 0.018
9616.000 0.018
9618.000 0.019
9619.000 0.018
9620.000 0.019
9621.000 0.020
9623.000 0.019
9624.000 0.020
9625.000 0.019
9626.000 0.018
9628.000 0.020
9629.000 0.019
9630.000 0.019
9631.000 0.019
9633.000 0.019
9634.000 0.017
9635.000 0.018
9636.000 0.018
9638.000 0.019
9639.000 0.017
9640.000 0.018
9641.000 0.019
9643.000 0.018
9644.000 0.018
9645.000 0.018
9646.000 0.018
9648.000 0.018
9649.000 0.018
9650.000 0.019
9651.000 0.019
9653.000 0.018
9654.000 0.018
9655.000 0.018
9656.000 0.018
9658.000 0.017
9659.000 0.018
9660.000 0.018
9661.000 0.019
9663.000 0.017
9664.000 0.017
9665.000 0.018
9667.000 0.018
9668.000 0.018
9669.000 0.018
9670.000 0.017
9672.000 0.017
9673.000 0.018
9674.000 0.017
9675.000 0.017
9677.000 0.016
9678.000 0.018
9679.000 0.017
9680.000 0.017
9682.000 0.016
9683.000 0.017
9684.000 0.016
9685.000 0.016
9687.000 0.017
9688.000 0.017
9689.000 0.016
9690.000 0.016
9692.000 0.017
9693.000 0.016
9694.000 0.016
9695.000 0.017
9697.000 0.018
9698.000 0.017
9699.000 0.016
9700.000 0.016
9702.000 0.016
9703.000 0.016
9704.000 0.017
9705.000 0.016
9707.000 0.016
9708.000 0.015
9709.000 0.017
9710.000 0.017
9712.000 0.017
9713.000 0.017
9714.000 0.015
9716.000 0.015
9717.000 0.017
9718.000 0.016
9719.000 0.015
9721.000 0.016
9722.000 0.016
9723.000 0.017
9724.000 0.017
9726.000 0.016
9727.000 0.016
9728.000 0.014
9729.000 0.016
9731.000 0.015
9732.000 0.017
9733.000 0.016
9734.000 0.015
9736.000 0.015
9737.000 0.015
9738.000 0.016
9739.000 0.016
9741.000 0.016
9742.000 0.015
9743.000 0.015
9744.000 0.016
9745.000 0.015
9747.000 0.015
9748.000 0.015
9749.000 0.015
9750.000 0.015
9752.000 0.015
9753.000 0.016
9754.000 0.016
9755.000 0.015
9757.000 0.015
9758.000 0.015
9759.000 0.015
9761.000 0.015
9762.000 0.016
9763.000 0.016
9764.000 0.013
9766.000 0.016
9767.000 0.015
9768.000 0.016
9769.000 0.015
9771.000 0.015
9772.000 0.014
9773.000 0.015
9774.000 0.015
9776.000 0.015
9777.000 0.015
9778.000 0.015
9780.000 0.014
9781.000 0.016
9782.000 0.014
9783.000 0.014
9785.000 0.014
9786.000 0.015
9787.000 0.015
9788.000 0.016
9790.000 0.014
9791.000 0.015
9792.000 0.014
9793.000 0.014
9795.000 0.015
9796.000 0.014
9797.000 0.015
9799.000 0.014
9800.000 0.014
9801.000 0.013
9803.000 0.014
9804.000 0.014
9805.000 0.014
9806.000 0.013
9808.000 0.014
9809.000 0.014
9810.000 0.014
9811.000 0.014
9813.000 0.014
9814.000 0.013
9815.000 0.014
9816.000 0.014
9818.000 0.013
9819.000 0.014
9820.000 0.014
9822.000 0.013
9823.000 0.013
9824.000 0.014
9825.000 0.014
9827.000 0.014
9828.000 0.014
9829.000 0.014
9831.000 0.014
9832.000 0.014
9833.000 0.014
9834.000 0.014
9836.000 0.014
9837.000 0.014
9838.000 0.013
9840.000 0.013
9841.000 0.014
9842.000 0.014
9844.000 0.014
9845.000 0.013
9846.000 0.013
9848.000 0.013
9849.000 0.013
9850.000 0.013
9851.000 0.013
9853.000 0.013
9854.000 0.013
9855.000 0.013
9856.000 0.014
9858.000 0.013
9859.000 0.013
9860.000 0.014
9861.000 0.013
9863.000 0.013
9864.000 0.014
9865.000 0.014
9866.000 0.013
9868.000 0.013
9869.000 0.013
9870.000 0.012
9871.000 0.013
9873.000 0.013
9874.000 0.014
9875.000 0.012
9876.000 0.013
9878.000 0.013
9879.000 0.013
9880.000 0.013
9881.000 0.013
9883.000 0.013
9884.000 0.013
9885.000 0.013
9886.000 0.013
9888.000 0.014
9889.000 0.013
9890.000 0.012
9891.000 0.013
9893.000 0.012
9894.000 0.012
9895.000 0.013
9897.000 0.013
9898.000 0.013
9899.000 0.013
9900.000 0.012
9902.000 0.013
9903.000 0.013
9904.000 0.014
9906.000 0.013
9907.000 0.012
9908.000 0.014
9910.000 0.013
9911.000 0.013
9912.000 0.012
9914.000 0.011
9915.000 0.012
9916.000 0.012
9917.000 0.011
9919.000 0.012
9920.000 0.011
9921.000 0.013
9922.000 0.012
9924.000 0.012
9925.000 0.013
9926.000 0.013
9927.000 0.012
9929.000 0.013
9930.000 0.012
9931.000 0.013
9932.000 0.013
9934.000 0.012
9935.000 0.012
9936.000 0.012
9937.000 0.012
9939.000 0.012
9940.000 0.012
9941.000 0.012
9943.000 0.012
9944.000 0.012
9945.000 0.013
9947.000 0.011
9948.000 0.012
9949.000 0.012
9950.000 0.012
9952.000 0.012
9953.000 0.011
9954.000 0.012
9955.000 0.012
9957.000 0.012
9958.000 0.012
9959.000 0.012
9960.000 0.012
9962.000 0.012
9963.000 0.012
9964.000 0.012
9966.000 0.011
9967.000 0.011
9968.000 0.011
9970.000 0.011
9971.000 0.012
9972.000 0.013
9973.000 0.012
9975.000 0.011
9976.000 0.012
9977.000 0.012
9978.000 0.012
9980.000 0.012
9981.000 0.011
9982.000 0.011
9983.000 0.012
9985.000 0.012
9986.000 0.012
9987.000 0.010
9988.000 0.011
9990.000 0.012
9991.000 0.011
9992.000 0.012
9994.000 0.012
9995.000 0.013
9996.000 0.012
9998.000 0.012
9999.000 0.012
