101.000 0.064
103.000 0.083
104.000 0.083
105.000 0.065
106.000 0.066
107.000 0.048
108.000 0.066
109.000 0.071
110.000 0.105
111.000 0.057
112.000 0.072
113.000 0.081
114.000 0.082
115.000 0.061
116.000 0.055
117.000 0.061
118.000 0.071
119.000 0.106
120.000 0.064
121.000 0.082
122.000 0.077
123.000 0.090
124.000 0.096
125.000 0.108
126.000 0.090
127.000 0.094
128.000 0.126
129.000 0.076
130.000 0.065
131.000 0.102
132.000 0.060
133.000 0.080
134.000 0.076
135.000 0.095
136.000 0.078
137.000 0.095
138.000 0.112
139.000 0.101
140.000 0.076
141.000 0.100
142.000 0.074
143.000 0.086
144.000 0.100
145.000 0.086
146.000 0.085
147.000 0.088
148.000 0.096
149.000 0.094
150.000 0.090
151.000 0.086
152.000 0.097
153.000 0.090
154.000 0.089
155.000 0.080
156.000 0.090
157.000 0.091
158.000 0.090
159.000 0.093
160.000 0.089
161.000 0.093
162.000 0.099
163.000 0.101
164.000 0.107
165.000 0.098
166.000 0.082
167.000 0.093
168.000 0.098
169.000 0.101
170.000 0.094
171.000 0.113
172.000 0.085
173.000 0.091
174.000 0.116
175.000 0.111
176.000 0.098
177.000 0.119
178.000 0.101
179.000 0.108
180.000 0.100
181.000 0.098
182.000 0.112
183.000 0.101
184.000 0.115
185.000 0.096
186.000 0.100
187.000 0.116
188.000 0.104
189.000 0.105
190.000 0.102
191.000 0.103
192.000 0.124
193.000 0.096
194.000 0.104
195.000 0.094
196.000 0.108
197.000 0.095
198.000 0.106
199.000 0.092
200.000 0.116
201.000 0.097
202.000 0.105
203.000 0.100
204.000 0.103
205.000 0.103
206.000 0.110
207.000 0.124
208.000 0.117
209.000 0.097
210.000 0.098
211.000 0.107
212.000 0.107
213.000 0.098
214.000 0.115
215.000 0.109
216.000 0.098
217.000 0.109
218.000 0.111
219.000 0.120
220.000 0.102
221.000 0.103
222.000 0.111
223.000 0.099
224.000 0.103
225.000 0.106
226.000 0.104
227.000 0.100
228.000 0.104
229.000 0.120
230.000 0.106
231.000 0.116
232.000 0.112
233.000 0.110
234.000 0.108
235.000 0.104
236.000 0.109
237.000 0.102
238.000 0.112
239.000 0.110
240.000 0.105
241.000 0.105
242.000 0.108
243.000 0.114
244.000 0.104
245.000 0.106
246.000 0.107
247.000 0.105
248.000 0.109
249.000 0.113
250.000 0.122
251.000 0.110
252.000 0.105
253.000 0.113
254.000 0.104
255.000 0.107
256.000 0.113
257.000 0.118
258.000 0.111
259.000 0.108
260.000 0.110
261.000 0.112
262.000 0.114
263.000 0.110
264.000 0.104
265.000 0.113
266.000 0.115
267.000 0.116
268.000 0.112
269.000 0.103
270.000 0.117
271.000 0.119
272.000 0.107
273.000 0.112
274.000 0.110
275.000 0.118
276.000 0.117
277.000 0.118
278.000 0.115
279.000 0.115
280.000 0.113
281.000 0.113
282.000 0.119
283.000 0.120
284.000 0.116
285.000 0.116
286.000 0.113
287.000 0.116
288.000 0.117
289.000 0.119
290.000 0.118
291.000 0.116
292.000 0.120
293.000 0.117
294.000 0.112
295.000 0.115
296.000 0.126
297.000 0.121
298.000 0.123
299.000 0.116
300.000 0.117
301.000 0.125
302.000 0.117
303.000 0.120
304.000 0.128
305.000 0.118
306.000 0.120
307.000 0.128
308.000 0.126
309.000 0.124
310.000 0.127
311.000 0.123
312.000 0.120
313.000 0.123
314.000 0.123
315.000 0.126
316.000 0.131
317.000 0.133
318.000 0.119
319.000 0.133
320.000 0.125
321.000 0.120
322.000 0.124
323.000 0.132
324.000 0.128
325.000 0.124
326.000 0.120
327.000 0.129
328.000 0.130
329.000 0.131
330.000 0.132
331.000 0.128
332.000 0.130
333.000 0.132
334.000 0.129
335.000 0.134
336.000 0.130
337.000 0.125
338.000 0.131
339.000 0.137
340.000 0.128
341.000 0.130
342.000 0.133
343.000 0.137
344.000 0.130
345.000 0.135
346.000 0.140
347.000 0.135
348.000 0.134
349.000 0.138
350.000 0.132
351.000 0.130
352.000 0.134
353.000 0.133
354.000 0.138
355.000 0.138
356.000 0.143
357.000 0.142
358.000 0.149
359.000 0.151
360.000 0.139
361.000 0.144
362.000 0.142
363.000 0.141
364.000 0.141
365.000 0.144
366.000 0.141
367.000 0.138
368.000 0.147
369.000 0.147
370.000 0.137
371.000 0.147
372.000 0.140
373.000 0.144
374.000 0.152
375.000 0.147
376.000 0.143
377.000 0.142
378.000 0.149
379.000 0.152
380.000 0.151
381.000 0.150
382.000 0.154
383.000 0.150
384.000 0.152
385.000 0.158
386.000 0.151
387.000 0.155
388.000 0.155
389.000 0.158
390.000 0.151
391.000 0.167
392.000 0.161
393.000 0.170
394.000 0.167
395.000 0.170
396.000 0.168
397.000 0.159
398.000 0.160
399.000 0.165
400.000 0.164
401.000 0.165
402.000 0.163
403.000 0.164
404.000 0.161
405.000 0.168
406.000 0.173
407.000 0.171
408.000 0.176
409.000 0.162
410.000 0.183
411.000 0.170
412.000 0.177
413.000 0.180
414.000 0.182
415.000 0.181
416.000 0.180
417.000 0.186
418.000 0.190
419.000 0.186
420.000 0.192
421.000 0.190
422.000 0.189
423.000 0.190
424.000 0.205
425.000 0.199
426.000 0.191
427.000 0.191
428.000 0.196
429.000 0.192
430.000 0.192
431.000 0.203
432.000 0.204
433.000 0.198
434.000 0.207
435.000 0.203
436.000 0.205
437.000 0.205
438.000 0.210
439.000 0.210
440.000 0.216
441.000 0.224
442.000 0.216
443.000 0.213
444.000 0.219
445.000 0.222
446.000 0.220
447.000 0.227
448.000 0.228
449.000 0.229
450.000 0.227
451.000 0.236
452.000 0.245
453.000 0.239
454.000 0.236
455.000 0.241
456.000 0.238
457.000 0.244
458.000 0.249
459.000 0.246
460.000 0.242
461.000 0.250
462.000 0.251
463.000 0.256
464.000 0.259
465.000 0.255
466.000 0.256
467.000 0.255
468.000 0.258
469.000 0.265
470.000 0.262
471.000 0.264
472.000 0.267
473.000 0.266
474.000 0.269
475.000 0.263
476.000 0.267
477.000 0.276
478.000 0.276
479.000 0.276
480.000 0.286
481.000 0.288
482.000 0.284
483.000 0.286
484.000 0.289
485.000 0.281
486.000 0.281
487.000 0.289
488.000 0.291
489.000 0.286
490.000 0.284
491.000 0.289
492.000 0.287
493.000 0.288
494.000 0.290
495.000 0.291
496.000 0.287
497.000 0.291
498.000 0.287
499.000 0.279
500.000 0.284
501.000 0.284
502.000 0.283
503.000 0.282
504.000 0.274
505.000 0.273
506.000 0.280
507.000 0.279
508.000 0.268
509.000 0.267
510.000 0.267
511.000 0.269
512.000 0.261
513.000 0.257
514.000 0.255
515.000 0.254
516.000 0.260
517.000 0.254
518.000 0.247
519.000 0.248
520.000 0.244
521.000 0.242
522.000 0.238
523.000 0.234
524.000 0.232
525.000 0.228
526.000 0.226
527.000 0.220
528.000 0.218
529.000 0.220
530.000 0.222
531.000 0.213
532.000 0.207
533.000 0.211
534.000 0.207
535.000 0.196
536.000 0.201
537.000 0.195
538.000 0.190
539.000 0.194
540.000 0.184
541.000 0.184
542.000 0.189
543.000 0.181
544.000 0.182
545.000 0.182
546.000 0.173
547.000 0.173
548.000 0.172
549.000 0.172
550.000 0.161
551.000 0.163
552.000 0.162
553.000 0.159
554.000 0.156
555.000 0.153
556.000 0.154
557.000 0.152
558.000 0.153
559.000 0.144
560.000 0.149
561.000 0.150
562.000 0.141
563.000 0.143
564.000 0.136
565.000 0.144
566.000 0.142
567.000 0.136
568.000 0.134
569.000 0.130
570.000 0.131
571.000 0.131
572.000 0.126
573.000 0.123
574.000 0.126
575.000 0.124
576.000 0.122
577.000 0.116
578.000 0.119
579.000 0.118
580.000 0.108
581.000 0.117
582.000 0.109
583.000 0.116
584.000 0.112
585.000 0.105
586.000 0.109
587.000 0.106
588.000 0.104
589.000 0.103
590.000 0.108
591.000 0.101
592.000 0.103
593.000 0.098
594.000 0.106
595.000 0.099
596.000 0.102
597.000 0.099
598.000 0.094
599.000 0.093
600.000 0.094
601.000 0.090
602.000 0.091
603.000 0.096
604.000 0.087
605.000 0.085
606.000 0.088
607.000 0.088
608.000 0.084
609.000 0.084
610.000 0.088
611.000 0.086
612.000 0.082
613.000 0.083
614.000 0.082
615.000 0.085
616.000 0.083
617.000 0.077
618.000 0.074
619.000 0.081
620.000 0.082
621.000 0.080
622.000 0.073
623.000 0.076
624.000 0.070
625.000 0.074
626.000 0.077
627.000 0.077
628.000 0.073
629.000 0.072
630.000 0.074
631.000 0.069
632.000 0.069
633.000 0.068
634.000 0.065
635.000 0.065
636.000 0.066
637.000 0.062
638.000 0.066
639.000 0.070
640.000 0.061
641.000 0.063
642.000 0.068
643.000 0.060
644.000 0.064
645.000 0.071
646.000 0.060
647.000 0.065
648.000 0.062
649.000 0.060
650.000 0.065
651.000 0.060
652.000 0.057
653.000 0.064
654.000 0.060
655.000 0.060
656.000 0.056
657.000 0.060
658.000 0.056
659.000 0.056
660.000 0.055
661.000 0.058
662.000 0.054
663.000 0.054
664.000 0.053
665.000 0.053
666.000 0.052
667.000 0.055
668.000 0.056
669.000 0.053
670.000 0.056
671.000 0.052
672.000 0.057
673.000 0.048
674.000 0.047
675.000 0.056
676.000 0.050
677.000 0.053
678.000 0.049
679.000 0.046
680.000 0.047
681.000 0.048
682.000 0.048
683.000 0.047
684.000 0.048
685.000 0.048
686.000 0.043
687.000 0.050
688.000 0.049
689.000 0.047
690.000 0.046
691.000 0.049
692.000 0.052
693.000 0.051
694.000 0.044
695.000 0.045
696.000 0.042
697.000 0.042
698.000 0.044
699.000 0.046
700.000 0.042
701.000 0.046
702.000 0.044
703.000 0.046
704.000 0.044
705.000 0.043
706.000 0.042
707.000 0.044
708.000 0.043
709.000 0.045
710.000 0.041
711.000 0.044
712.000 0.042
713.000 0.042
714.000 0.042
715.000 0.040
716.000 0.041
717.000 0.038
718.000 0.043
719.000 0.038
720.000 0.044
721.000 0.039
722.000 0.042
723.000 0.042
724.000 0.038
725.000 0.037
726.000 0.040
727.000 0.039
728.000 0.036
729.000 0.036
730.000 0.039
731.000 0.041
732.000 0.042
733.000 0.036
734.000 0.038
735.000 0.038
736.000 0.037
737.000 0.044
738.000 0.041
739.000 0.036
740.000 0.037
741.000 0.042
742.000 0.038
743.000 0.041
744.000 0.039
745.000 0.035
746.000 0.039
747.000 0.032
748.000 0.042
749.000 0.038
750.000 0.038
751.000 0.036
752.000 0.040
753.000 0.037
754.000 0.035
755.000 0.038
756.000 0.035
757.000 0.036
758.000 0.037
759.000 0.036
760.000 0.038
761.000 0.042
762.000 0.038
763.000 0.033
764.000 0.038
765.000 0.038
766.000 0.032
767.000 0.038
768.000 0.039
769.000 0.035
770.000 0.036
771.000 0.037
772.000 0.037
773.000 0.037
774.000 0.034
775.000 0.035
776.000 0.037
777.000 0.034
778.000 0.036
779.000 0.035
780.000 0.036
781.000 0.035
782.000 0.037
783.000 0.039
784.000 0.037
785.000 0.039
786.000 0.036
787.000 0.036
788.000 0.038
789.000 0.038
790.000 0.035
791.000 0.035
792.000 0.033
793.000 0.035
794.000 0.035
795.000 0.035
796.000 0.034
797.000 0.036
798.000 0.034
799.000 0.036
800.000 0.033
801.000 0.039
802.000 0.037
803.000 0.034
804.000 0.038
805.000 0.035
806.000 0.034
807.000 0.041
808.000 0.038
809.000 0.034
810.000 0.035
811.000 0.034
812.000 0.042
813.000 0.038
814.000 0.034
815.000 0.037
816.000 0.039
817.000 0.036
818.000 0.037
819.000 0.037
820.000 0.036
821.000 0.041
822.000 0.036
823.000 0.038
824.000 0.039
825.000 0.036
826.000 0.039
827.000 0.042
828.000 0.041
829.000 0.041
830.000 0.036
831.000 0.041
832.000 0.041
833.000 0.039
834.000 0.039
835.000 0.037
836.000 0.037
837.000 0.034
838.000 0.040
839.000 0.040
840.000 0.043
841.000 0.036
842.000 0.041
843.000 0.043
844.000 0.041
845.000 0.040
846.000 0.038
847.000 0.037
848.000 0.039
849.000 0.040
850.000 0.044
851.000 0.041
852.000 0.037
853.000 0.043
854.000 0.041
855.000 0.040
856.000 0.043
857.000 0.041
858.000 0.040
859.000 0.042
860.000 0.039
861.000 0.045
862.000 0.044
863.000 0.039
864.000 0.040
865.000 0.043
866.000 0.040
867.000 0.038
868.000 0.042
869.000 0.039
870.000 0.038
871.000 0.041
872.000 0.043
873.000 0.041
874.000 0.040
875.000 0.042
876.000 0.042
877.000 0.040
878.000 0.045
879.000 0.044
880.000 0.044
881.000 0.049
882.000 0.042
883.000 0.043
884.000 0.044
885.000 0.041
886.000 0.039
887.000 0.044
888.000 0.043
889.000 0.042
890.000 0.042
891.000 0.042
892.000 0.042
893.000 0.042
894.000 0.046
895.000 0.046
896.000 0.042
897.000 0.044
898.000 0.050
899.000 0.044
900.000 0.047
901.000 0.046
902.000 0.043
903.000 0.046
904.000 0.043
905.000 0.045
906.000 0.047
907.000 0.047
908.000 0.048
909.000 0.047
910.000 0.043
911.000 0.046
912.000 0.046
913.000 0.042
914.000 0.047
915.000 0.045
916.000 0.047
917.000 0.045
918.000 0.047
919.000 0.051
920.000 0.047
921.000 0.053
922.000 0.049
923.000 0.047
924.000 0.045
925.000 0.049
926.000 0.049
927.000 0.048
928.000 0.049
929.000 0.050
930.000 0.048
931.000 0.050
932.000 0.049
933.000 0.050
934.000 0.049
935.000 0.047
936.000 0.051
937.000 0.054
938.000 0.051
939.000 0.048
940.000 0.049
941.000 0.053
942.000 0.048
943.000 0.049
944.000 0.053
945.000 0.051
946.000 0.053
947.000 0.049
948.000 0.052
949.000 0.052
950.000 0.049
951.000 0.052
952.000 0.055
953.000 0.050
954.000 0.050
955.000 0.052
956.000 0.056
957.000 0.053
958.000 0.053
959.000 0.054
960.000 0.053
961.000 0.053
962.000 0.054
963.000 0.052
964.000 0.056
965.000 0.054
966.000 0.054
967.000 0.053
968.000 0.054
969.000 0.054
970.000 0.056
971.000 0.054
972.000 0.056
973.000 0.052
974.000 0.055
975.000 0.056
976.000 0.055
977.000 0.056
978.000 0.054
979.000 0.059
980.000 0.057
981.000 0.058
982.000 0.054
983.000 0.056
984.000 0.054
985.000 0.057
986.000 0.059
987.000 0.058
988.000 0.057
989.000 0.059
990.000 0.055
991.000 0.062
992.000 0.057
993.000 0.057
994.000 0.060
995.000 0.060
996.000 0.059
997.000 0.058
998.000 0.059
999.000 0.061
1000.000 0.057
1001.000 0.058
1002.000 0.058
1003.000 0.059
1004.000 0.058
1005.000 0.061
1006.000 0.060
1007.000 0.058
1008.000 0.059
1009.000 0.062
1010.000 0.061
1011.000 0.060
1012.000 0.056
1013.000 0.060
1014.000 0.059
1015.000 0.060
1016.000 0.059
1017.000 0.062
1018.000 0.062
1019.000 0.064
1020.000 0.063
1021.000 0.061
1022.000 0.060
1023.000 0.058
1024.000 0.062
1025.000 0.061
1026.000 0.063
1027.000 0.059
1028.000 0.063
1029.000 0.061
1030.000 0.065
1031.000 0.061
1032.000 0.061
1033.000 0.059
1034.000 0.061
1035.000 0.065
1036.000 0.059
1037.000 0.063
1038.000 0.061
1039.000 0.062
1040.000 0.061
1041.000 0.065
1042.000 0.062
1043.000 0.063
1044.000 0.066
1045.000 0.065
1046.000 0.064
1047.000 0.064
1048.000 0.062
1049.000 0.063
1050.000 0.063
1051.000 0.063
1052.000 0.058
1053.000 0.063
1054.000 0.063
1055.000 0.061
1056.000 0.062
1057.000 0.061
1058.000 0.064
1059.000 0.061
1060.000 0.066
1061.000 0.063
1062.000 0.065
1063.000 0.061
1064.000 0.065
1065.000 0.063
1066.000 0.063
1067.000 0.063
1068.000 0.065
1069.000 0.064
1070.000 0.065
1071.000 0.061
1072.000 0.062
1073.000 0.065
1074.000 0.068
1075.000 0.062
1076.000 0.066
1077.000 0.065
1078.000 0.066
1079.000 0.067
1080.000 0.065
1081.000 0.064
1082.000 0.065
1083.000 0.066
1084.000 0.065
1085.000 0.065
1086.000 0.069
1087.000 0.068
1088.000 0.068
1089.000 0.072
1090.000 0.071
1091.000 0.066
1092.000 0.073
1093.000 0.074
1094.000 0.075
1095.000 0.074
1096.000 0.074
1097.000 0.078
1098.000 0.075
1099.000 0.080
1100.000 0.079
1101.000 0.081
1102.000 0.080
1103.000 0.087
1104.000 0.085
1105.000 0.086
1106.000 0.086
1107.000 0.087
1108.000 0.087
1109.000 0.088
1110.000 0.087
1111.000 0.096
1112.000 0.089
1113.000 0.097
1114.000 0.093
1115.000 0.093
1116.000 0.098
1117.000 0.098
1118.000 0.101
1119.000 0.099
1120.000 0.100
1121.000 0.098
1122.000 0.100
1123.000 0.103
1124.000 0.104
1125.000 0.103
1126.000 0.106
1127.000 0.102
1128.000 0.106
1129.000 0.104
1130.000 0.107
1131.000 0.103
1132.000 0.105
1133.000 0.106
1134.000 0.104
1135.000 0.107
1136.000 0.107
1137.000 0.106
1138.000 0.107
1139.000 0.107
1140.000 0.112
1141.000 0.110
1142.000 0.112
1143.000 0.107
1144.000 0.109
1145.000 0.111
1146.000 0.109
1147.000 0.112
1148.000 0.112
1149.000 0.109
1150.000 0.111
1151.000 0.111
1152.000 0.112
1153.000 0.109
1154.000 0.111
1155.000 0.112
1156.000 0.110
1157.000 0.113
1158.000 0.110
1159.000 0.114
1160.000 0.113
1161.000 0.110
1162.000 0.112
1163.000 0.113
1164.000 0.112
1165.000 0.115
1166.000 0.109
1167.000 0.114
1168.000 0.111
1169.000 0.111
1170.000 0.114
1171.000 0.112
1172.000 0.112
1173.000 0.111
1174.000 0.108
1175.000 0.108
1176.000 0.113
1177.000 0.115
1178.000 0.113
1179.000 0.110
1180.000 0.113
1181.000 0.109
1182.000 0.110
1183.000 0.113
1184.000 0.109
1185.000 0.113
1186.000 0.112
1187.000 0.108
1188.000 0.109
1189.000 0.110
1190.000 0.108
1191.000 0.109
1192.000 0.108
1193.000 0.112
1194.000 0.110
1195.000 0.110
1196.000 0.109
1197.000 0.110
1198.000 0.107
1199.000 0.109
1200.000 0.109
1201.000 0.109
1202.000 0.109
1203.000 0.107
1204.000 0.107
1205.000 0.109
1206.000 0.105
1207.000 0.109
1208.000 0.109
1209.000 0.109
1210.000 0.107
1211.000 0.111
1212.000 0.109
1213.000 0.108
1214.000 0.107
1215.000 0.107
1216.000 0.105
1217.000 0.105
1218.000 0.110
1219.000 0.105
1220.000 0.104
1221.000 0.108
1222.000 0.107
1223.000 0.105
1224.000 0.104
1225.000 0.106
1226.000 0.106
1227.000 0.104
1228.000 0.101
1229.000 0.103
1230.000 0.105
1231.000 0.103
1232.000 0.102
1233.000 0.106
1234.000 0.105
1235.000 0.101
1236.000 0.101
1237.000 0.101
1238.000 0.104
1239.000 0.101
1240.000 0.102
1241.000 0.104
1242.000 0.103
1243.000 0.100
1244.000 0.103
1245.000 0.103
1246.000 0.099
1247.000 0.098
1248.000 0.103
1249.000 0.098
1250.000 0.098
1251.000 0.101
1252.000 0.100
1253.000 0.102
1254.000 0.098
1255.000 0.094
1256.000 0.102
1257.000 0.100
1258.000 0.101
1259.000 0.097
1260.000 0.099
1261.000 0.097
1262.000 0.099
1263.000 0.096
1264.000 0.097
1265.000 0.095
1266.000 0.097
1267.000 0.095
1268.000 0.099
1269.000 0.095
1270.000 0.096
1271.000 0.096
1272.000 0.095
1273.000 0.094
1274.000 0.097
1275.000 0.093
1276.000 0.094
1277.000 0.092
1278.000 0.095
1279.000 0.093
1280.000 0.094
1281.000 0.094
1282.000 0.098
1283.000 0.095
1284.000 0.089
1285.000 0.094
1286.000 0.096
1287.000 0.091
1288.000 0.092
1289.000 0.090
1290.000 0.093
1291.000 0.090
1292.000 0.094
1293.000 0.090
1294.000 0.090
1295.000 0.092
1296.000 0.089
1297.000 0.087
1298.000 0.091
1299.000 0.090
1300.000 0.091
1301.000 0.088
1302.000 0.087
1303.000 0.089
1304.000 0.091
1305.000 0.090
1306.000 0.087
1307.000 0.089
1308.000 0.087
1309.000 0.085
1310.000 0.087
1311.000 0.087
1312.000 0.088
1313.000 0.089
1314.000 0.086
1315.000 0.088
1316.000 0.087
1317.000 0.085
1318.000 0.086
1319.000 0.085
1320.000 0.083
1321.000 0.087
1322.000 0.086
1323.000 0.086
1324.000 0.083
1325.000 0.083
1326.000 0.083
1327.000 0.087
1328.000 0.084
1329.000 0.084
1330.000 0.082
1331.000 0.082
1332.000 0.079
1333.000 0.084
1334.000 0.082
1335.000 0.084
1336.000 0.084
1337.000 0.083
1338.000 0.080
1339.000 0.082
1340.000 0.080
1341.000 0.079
1342.000 0.080
1343.000 0.082
1344.000 0.082
1345.000 0.082
1346.000 0.078
1347.000 0.079
1348.000 0.083
1349.000 0.082
1350.000 0.079
1351.000 0.078
1352.000 0.080
1353.000 0.079
1354.000 0.080
1355.000 0.078
1356.000 0.076
1357.000 0.081
1358.000 0.079
1359.000 0.077
1360.000 0.077
1361.000 0.077
1362.000 0.078
1363.000 0.076
1364.000 0.076
1365.000 0.078
1366.000 0.074
1367.000 0.073
1368.000 0.077
1369.000 0.075
1370.000 0.075
1371.000 0.073
1372.000 0.076
1373.000 0.076
1374.000 0.075
1375.000 0.075
1376.000 0.073
1377.000 0.074
1378.000 0.073
1379.000 0.075
1380.000 0.069
1381.000 0.073
1382.000 0.076
1383.000 0.075
1384.000 0.072
1385.000 0.074
1386.000 0.073
1387.000 0.072
1388.000 0.072
1389.000 0.074
1390.000 0.072
1391.000 0.073
1392.000 0.074
1393.000 0.072
1394.000 0.074
1395.000 0.070
1396.000 0.074
1397.000 0.073
1398.000 0.074
1399.000 0.072
1400.000 0.069
1401.000 0.071
1402.000 0.070
1403.000 0.070
1404.000 0.071
1405.000 0.069
1406.000 0.071
1407.000 0.071
1408.000 0.070
1409.000 0.071
1410.000 0.070
1411.000 0.070
1412.000 0.070
1413.000 0.068
1414.000 0.070
1415.000 0.068
1416.000 0.069
1417.000 0.071
1418.000 0.071
1419.000 0.067
1420.000 0.071
1421.000 0.069
1422.000 0.072
1423.000 0.069
1424.000 0.066
1425.000 0.066
1426.000 0.068
1427.000 0.066
1428.000 0.067
1429.000 0.070
1430.000 0.066
1431.000 0.070
1432.000 0.066
1433.000 0.069
1434.000 0.066
1435.000 0.069
1436.000 0.066
1437.000 0.067
1438.000 0.066
1439.000 0.067
1440.000 0.072
1441.000 0.070
1442.000 0.065
1443.000 0.064
1444.000 0.064
1445.000 0.065
1446.000 0.064
1447.000 0.068
1448.000 0.063
1449.000 0.064
1450.000 0.065
1451.000 0.064
1452.000 0.065
1453.000 0.064
1454.000 0.066
1455.000 0.063
1456.000 0.062
1457.000 0.063
1458.000 0.064
1459.000 0.063
1460.000 0.063
1461.000 0.064
1462.000 0.063
1463.000 0.062
1464.000 0.064
1465.000 0.065
1466.000 0.062
1467.000 0.064
1468.000 0.062
1469.000 0.060
1470.000 0.061
1471.000 0.064
1472.000 0.067
1473.000 0.065
1474.000 0.060
1475.000 0.064
1476.000 0.062
1477.000 0.062
1478.000 0.063
1479.000 0.065
1480.000 0.062
1481.000 0.062
1482.000 0.061
1483.000 0.061
1484.000 0.065
1485.000 0.061
1486.000 0.062
1487.000 0.060
1488.000 0.062
1489.000 0.061
1490.000 0.064
1491.000 0.060
1492.000 0.059
1493.000 0.062
1494.000 0.060
1495.000 0.059
1496.000 0.062
1497.000 0.060
1498.000 0.056
1499.000 0.059
1500.000 0.061
1501.000 0.063
1502.000 0.060
1503.000 0.060
1504.000 0.059
1505.000 0.057
1506.000 0.061
1507.000 0.060
1508.000 0.061
1509.000 0.061
1510.000 0.056
1511.000 0.059
1512.000 0.058
1513.000 0.057
1514.000 0.062
1515.000 0.057
1516.000 0.058
1517.000 0.057
1518.000 0.059
1519.000 0.055
1520.000 0.059
1521.000 0.058
1522.000 0.056
1523.000 0.060
1524.000 0.060
1525.000 0.057
1526.000 0.058
1527.000 0.060
1528.000 0.058
1529.000 0.057
1530.000 0.055
1531.000 0.058
1532.000 0.056
1533.000 0.057
1534.000 0.057
1535.000 0.056
1536.000 0.057
1537.000 0.059
1538.000 0.056
1539.000 0.056
1540.000 0.054
1541.000 0.053
1542.000 0.058
1543.000 0.057
1544.000 0.060
1545.000 0.057
1546.000 0.055
1547.000 0.056
1548.000 0.053
1549.000 0.054
1550.000 0.053
1551.000 0.055
1552.000 0.058
1553.000 0.055
1554.000 0.055
1555.000 0.054
1556.000 0.057
1557.000 0.058
1558.000 0.057
1559.000 0.058
1560.000 0.055
1561.000 0.054
1562.000 0.057
1563.000 0.054
1564.000 0.057
1565.000 0.056
1566.000 0.053
1567.000 0.055
1568.000 0.054
1569.000 0.054
1570.000 0.055
1571.000 0.056
1572.000 0.056
1573.000 0.054
1574.000 0.053
1575.000 0.054
1576.000 0.054
1577.000 0.055
1578.000 0.051
1579.000 0.055
1580.000 0.054
1581.000 0.054
1582.000 0.054
1583.000 0.054
1584.000 0.056
1585.000 0.052
1586.000 0.051
1587.000 0.055
1588.000 0.052
1589.000 0.053
1590.000 0.055
1591.000 0.052
1592.000 0.053
1593.000 0.055
1594.000 0.053
1595.000 0.052
1596.000 0.054
1597.000 0.054
1598.000 0.053
1599.000 0.051
1600.000 0.051
1601.000 0.052
1602.000 0.052
1603.000 0.052
1604.000 0.052
1605.000 0.053
1606.000 0.054
1607.000 0.051
1608.000 0.054
1609.000 0.053
1610.000 0.052
1611.000 0.052
1612.000 0.052
1613.000 0.056
1614.000 0.052
1615.000 0.052
1616.000 0.052
1617.000 0.051
1618.000 0.052
1619.000 0.050
1620.000 0.051
1621.000 0.055
1622.000 0.054
1623.000 0.051
1624.000 0.053
1625.000 0.052
1626.000 0.051
1627.000 0.052
1628.000 0.053
1629.000 0.052
1630.000 0.052
1631.000 0.050
1632.000 0.051
1633.000 0.052
1634.000 0.051
1635.000 0.053
1636.000 0.051
1637.000 0.050
1638.000 0.051
1639.000 0.050
1640.000 0.049
1641.000 0.050
1642.000 0.052
1643.000 0.049
1644.000 0.051
1645.000 0.053
1646.000 0.050
1647.000 0.053
1648.000 0.048
1649.000 0.049
1650.000 0.052
1651.000 0.050
1652.000 0.051
1653.000 0.050
1654.000 0.048
1655.000 0.050
1656.000 0.049
1657.000 0.050
1658.000 0.051
1659.000 0.049
1660.000 0.050
1661.000 0.050
1662.000 0.051
1663.000 0.049
1664.000 0.051
1665.000 0.049
1666.000 0.051
1667.000 0.050
1668.000 0.050
1669.000 0.049
1670.000 0.049
1671.000 0.051
1672.000 0.052
1673.000 0.049
1674.000 0.048
1675.000 0.050
1676.000 0.050
1677.000 0.049
1678.000 0.049
1679.000 0.048
1680.000 0.051
1681.000 0.050
1682.000 0.050
1683.000 0.048
1684.000 0.050
1685.000 0.048
1686.000 0.051
1687.000 0.049
1688.000 0.051
1689.000 0.046
1690.000 0.049
1691.000 0.051
1692.000 0.052
1693.000 0.054
1694.000 0.052
1695.000 0.052
1696.000 0.050
1697.000 0.049
1698.000 0.051
1699.000 0.048
1700.000 0.050
1701.000 0.048
1702.000 0.049
1703.000 0.050
1704.000 0.050
1705.000 0.050
1706.000 0.049
1707.000 0.048
1708.000 0.048
1709.000 0.047
1710.000 0.048
1711.000 0.047
1712.000 0.049
1713.000 0.048
1714.000 0.048
1715.000 0.050
1716.000 0.048
1717.000 0.050
1718.000 0.049
1719.000 0.049
1720.000 0.047
1721.000 0.049
1722.000 0.047
1723.000 0.046
1724.000 0.050
1725.000 0.048
1726.000 0.047
1727.000 0.049
1728.000 0.048
1729.000 0.049
1730.000 0.048
1731.000 0.048
1732.000 0.049
1733.000 0.048
1734.000 0.046
1735.000 0.049
1736.000 0.050
1737.000 0.048
1738.000 0.049
1739.000 0.048
1740.000 0.046
1741.000 0.049
1742.000 0.048
1743.000 0.049
1744.000 0.047
1745.000 0.049
1746.000 0.048
1747.000 0.049
1748.000 0.047
1749.000 0.049
1750.000 0.049
1751.000 0.048
1752.000 0.048
1753.000 0.048
1754.000 0.049
1755.000 0.047
1756.000 0.047
1757.000 0.049
1758.000 0.046
1759.000 0.049
1760.000 0.050
1761.000 0.047
1762.000 0.048
1763.000 0.046
1764.000 0.046
1765.000 0.045
1766.000 0.047
1767.000 0.048
1768.000 0.048
1769.000 0.046
1770.000 0.048
1771.000 0.048
1772.000 0.049
1773.000 0.047
1774.000 0.046
1775.000 0.046
1776.000 0.048
1777.000 0.045
1778.000 0.047
1779.000 0.050
1780.000 0.049
1781.000 0.048
1782.000 0.048
1783.000 0.049
1784.000 0.045
1785.000 0.047
1786.000 0.049
1787.000 0.049
1788.000 0.047
1789.000 0.047
1790.000 0.047
1791.000 0.048
1792.000 0.049
1793.000 0.048
1794.000 0.047
1795.000 0.049
1796.000 0.048
1797.000 0.045
1798.000 0.050
1799.000 0.049
1800.000 0.047
1801.000 0.049
1802.000 0.046
1803.000 0.047
1804.000 0.048
1805.000 0.046
1806.000 0.048
1807.000 0.047
1808.000 0.047
1809.000 0.048
1810.000 0.047
1811.000 0.047
1812.000 0.047
1813.000 0.049
1814.000 0.048
1815.000 0.046
1816.000 0.047
1817.000 0.049
1818.000 0.047
1819.000 0.048
1820.000 0.048
1821.000 0.047
1822.000 0.048
1823.000 0.045
1824.000 0.048
1825.000 0.046
1826.000 0.048
1827.000 0.047
1828.000 0.047
1829.000 0.047
1830.000 0.045
1831.000 0.048
1832.000 0.047
1833.000 0.046
1834.000 0.048
1835.000 0.046
1836.000 0.048
1837.000 0.047
1838.000 0.047
1839.000 0.048
1840.000 0.047
1841.000 0.046
1842.000 0.047
1843.000 0.046
1844.000 0.045
1845.000 0.045
1846.000 0.046
1847.000 0.048
1848.000 0.045
1849.000 0.049
1850.000 0.045
1851.000 0.047
1852.000 0.047
1853.000 0.049
1854.000 0.050
1855.000 0.049
1856.000 0.051
1857.000 0.048
1858.000 0.049
1859.000 0.045
1860.000 0.049
1861.000 0.047
1862.000 0.047
1863.000 0.048
1864.000 0.045
1865.000 0.047
1866.000 0.048
1867.000 0.052
1868.000 0.048
1869.000 0.048
1870.000 0.048
1871.000 0.046
1872.000 0.050
1873.000 0.047
1874.000 0.047
1875.000 0.050
1876.000 0.048
1877.000 0.049
1878.000 0.047
1879.000 0.046
1880.000 0.049
1881.000 0.047
1882.000 0.048
1883.000 0.049
1884.000 0.049
1885.000 0.047
1886.000 0.049
1887.000 0.050
1888.000 0.047
1889.000 0.048
1890.000 0.046
1891.000 0.047
1892.000 0.046
1893.000 0.048
1894.000 0.048
1895.000 0.048
1896.000 0.047
1897.000 0.046
1898.000 0.047
1899.000 0.049
1900.000 0.048
1901.000 0.047
1902.000 0.048
1903.000 0.047
1904.000 0.047
1905.000 0.046
1906.000 0.046
1907.000 0.050
1908.000 0.047
1909.000 0.049
1910.000 0.047
1911.000 0.048
1912.000 0.047
1913.000 0.049
1914.000 0.049
1915.000 0.048
1916.000 0.048
1917.000 0.051
1918.000 0.049
1919.000 0.050
1920.000 0.048
1921.000 0.046
1922.000 0.051
1923.000 0.047
1924.000 0.048
1925.000 0.048
1926.000 0.050
1927.000 0.048
1928.000 0.049
1929.000 0.046
1930.000 0.051
1931.000 0.048
1932.000 0.050
1933.000 0.048
1934.000 0.049
1935.000 0.049
1936.000 0.048
1937.000 0.048
1938.000 0.047
1939.000 0.048
1940.000 0.048
1941.000 0.049
1942.000 0.047
1943.000 0.051
1944.000 0.049
1945.000 0.048
1946.000 0.050
1947.000 0.050
1948.000 0.047
1949.000 0.049
1950.000 0.047
1951.000 0.049
1952.000 0.050
1953.000 0.050
1954.000 0.047
1955.000 0.051
1956.000 0.050
1957.000 0.050
1958.000 0.048
1959.000 0.048
1960.000 0.050
1961.000 0.050
1962.000 0.049
1963.000 0.050
1964.000 0.050
1965.000 0.051
1966.000 0.049
1967.000 0.051
1968.000 0.050
1969.000 0.048
1970.000 0.048
1971.000 0.050
1972.000 0.052
1973.000 0.050
1974.000 0.049
1975.000 0.049
1976.000 0.048
1977.000 0.050
1978.000 0.050
1979.000 0.051
1980.000 0.049
1981.000 0.050
1982.000 0.050
1983.000 0.048
1984.000 0.051
1985.000 0.050
1986.000 0.050
1987.000 0.049
1988.000 0.050
1989.000 0.049
1990.000 0.050
1991.000 0.051
1992.000 0.052
1993.000 0.049
1994.000 0.051
1995.000 0.051
1996.000 0.050
1997.000 0.053
1998.000 0.050
1999.000 0.049
2000.000 0.050
2001.000 0.052
2002.000 0.051
2003.000 0.052
2004.000 0.051
2005.000 0.052
2006.000 0.052
2007.000 0.051
2008.000 0.052
2009.000 0.052
2010.000 0.055
2011.000 0.051
2012.000 0.053
2013.000 0.051
2014.000 0.051
2015.000 0.053
2016.000 0.052
2017.000 0.053
2018.000 0.052
2019.000 0.053
2020.000 0.050
2021.000 0.054
2022.000 0.053
2023.000 0.050
2024.000 0.053
2025.000 0.053
2026.000 0.052
2027.000 0.051
2028.000 0.054
2029.000 0.052
2030.000 0.054
2031.000 0.052
2032.000 0.053
2033.000 0.053
2034.000 0.052
2035.000 0.056
2036.000 0.052
2037.000 0.055
2038.000 0.053
2039.000 0.057
2040.000 0.056
2041.000 0.054
2042.000 0.054
2043.000 0.057
2044.000 0.055
2045.000 0.054
2046.000 0.053
2047.000 0.057
2048.000 0.054
2049.000 0.056
2050.000 0.056
2051.000 0.055
2052.000 0.054
2053.000 0.056
2054.000 0.054
2055.000 0.055
2056.000 0.055
2057.000 0.054
2058.000 0.055
2059.000 0.055
2060.000 0.056
2061.000 0.055
2062.000 0.058
2063.000 0.056
2064.000 0.056
2065.000 0.056
2066.000 0.059
2067.000 0.058
2068.000 0.055
2069.000 0.057
2070.000 0.056
2071.000 0.055
2072.000 0.057
2073.000 0.055
2074.000 0.057
2075.000 0.056
2076.000 0.056
2077.000 0.058
2078.000 0.057
2079.000 0.058
2080.000 0.059
2081.000 0.058
2082.000 0.059
2083.000 0.057
2084.000 0.057
2085.000 0.057
2086.000 0.059
2087.000 0.059
2088.000 0.059
2089.000 0.059
2090.000 0.058
2091.000 0.060
2092.000 0.059
2093.000 0.060
2094.000 0.058
2095.000 0.060
2096.000 0.058
2097.000 0.059
2098.000 0.059
2099.000 0.060
2100.000 0.060
2101.000 0.057
2102.000 0.061
2103.000 0.058
2104.000 0.059
2105.000 0.062
2106.000 0.059
2107.000 0.062
2108.000 0.061
2109.000 0.063
2110.000 0.060
2111.000 0.061
2112.000 0.062
2113.000 0.062
2114.000 0.061
2115.000 0.060
2116.000 0.062
2117.000 0.065
2118.000 0.061
2119.000 0.062
2120.000 0.063
2121.000 0.062
2122.000 0.064
2123.000 0.063
2124.000 0.065
2125.000 0.065
2126.000 0.063
2127.000 0.064
2128.000 0.064
2129.000 0.065
2130.000 0.068
2131.000 0.065
2132.000 0.065
2133.000 0.063
2134.000 0.064
2135.000 0.065
2136.000 0.063
2137.000 0.066
2138.000 0.065
2139.000 0.068
2140.000 0.067
2141.000 0.067
2142.000 0.070
2143.000 0.064
2144.000 0.068
2145.000 0.066
2146.000 0.066
2147.000 0.069
2148.000 0.067
2149.000 0.070
2150.000 0.068
2151.000 0.068
2152.000 0.068
2153.000 0.069
2154.000 0.069
2155.000 0.071
2156.000 0.070
2157.000 0.070
2158.000 0.070
2159.000 0.071
2160.000 0.071
2161.000 0.073
2162.000 0.072
2163.000 0.072
2164.000 0.072
2165.000 0.071
2166.000 0.072
2167.000 0.070
2168.000 0.073
2169.000 0.072
2170.000 0.072
2171.000 0.074
2172.000 0.073
2173.000 0.073
2174.000 0.074
2175.000 0.076
2176.000 0.074
2177.000 0.073
2178.000 0.075
2179.000 0.075
2180.000 0.080
2181.000 0.079
2182.000 0.076
2183.000 0.077
2184.000 0.078
2185.000 0.077
2186.000 0.078
2187.000 0.079
2188.000 0.080
2189.000 0.081
2190.000 0.079
2191.000 0.081
2192.000 0.081
2193.000 0.078
2194.000 0.081
2195.000 0.080
2196.000 0.083
2197.000 0.083
2198.000 0.081
2199.000 0.083
2200.000 0.084
2201.000 0.084
2202.000 0.083
2203.000 0.082
2204.000 0.084
2205.000 0.085
2206.000 0.085
2207.000 0.085
2208.000 0.087
2209.000 0.086
2210.000 0.088
2211.000 0.088
2212.000 0.088
2213.000 0.090
2214.000 0.091
2215.000 0.089
2216.000 0.092
2217.000 0.090
2218.000 0.091
2219.000 0.093
2220.000 0.092
2221.000 0.094
2222.000 0.093
2223.000 0.097
2224.000 0.094
2225.000 0.094
2226.000 0.096
2227.000 0.096
2228.000 0.097
2229.000 0.099
2230.000 0.098
2231.000 0.100
2232.000 0.100
2233.000 0.100
2234.000 0.099
2235.000 0.100
2236.000 0.100
2237.000 0.103
2238.000 0.104
2239.000 0.104
2240.000 0.104
2241.000 0.106
2242.000 0.107
2243.000 0.107
2244.000 0.109
2245.000 0.106
2246.000 0.111
2247.000 0.110
2248.000 0.112
2249.000 0.111
2250.000 0.114
2251.000 0.114
2252.000 0.114
2253.000 0.116
2254.000 0.116
2255.000 0.117
2256.000 0.120
2257.000 0.122
2258.000 0.122
2259.000 0.121
2260.000 0.124
2261.000 0.123
2262.000 0.125
2263.000 0.126
2264.000 0.128
2265.000 0.127
2266.000 0.131
2267.000 0.132
2268.000 0.134
2269.000 0.135
2270.000 0.138
2271.000 0.136
2272.000 0.138
2273.000 0.141
2274.000 0.139
2275.000 0.143
2276.000 0.144
2277.000 0.146
2278.000 0.145
2279.000 0.149
2280.000 0.150
2281.000 0.152
2282.000 0.153
2283.000 0.155
2284.000 0.155
2285.000 0.160
2286.000 0.163
2287.000 0.160
2288.000 0.165
2289.000 0.166
2290.000 0.168
2291.000 0.169
2292.000 0.173
2293.000 0.174
2294.000 0.176
2295.000 0.178
2296.000 0.181
2297.000 0.184
2298.000 0.185
2299.000 0.187
2300.000 0.188
2301.000 0.192
2302.000 0.192
2303.000 0.196
2304.000 0.196
2305.000 0.199
2306.000 0.203
2307.000 0.205
2308.000 0.205
2309.000 0.212
2310.000 0.211
2311.000 0.212
2312.000 0.214
2313.000 0.214
2314.000 0.218
2315.000 0.220
2316.000 0.223
2317.000 0.225
2318.000 0.224
2319.000 0.227
2320.000 0.228
2321.000 0.230
2322.000 0.228
2323.000 0.230
2324.000 0.231
2325.000 0.234
2326.000 0.233
2327.000 0.234
2328.000 0.232
2329.000 0.234
2330.000 0.231
2331.000 0.231
2332.000 0.232
2333.000 0.229
2334.000 0.228
2335.000 0.229
2336.000 0.226
2337.000 0.225
2338.000 0.224
2339.000 0.222
2340.000 0.219
2341.000 0.217
2342.000 0.214
2343.000 0.211
2344.000 0.207
2345.000 0.206
2346.000 0.204
2347.000 0.204
2348.000 0.199
2349.000 0.197
2350.000 0.191
2351.000 0.191
2352.000 0.191
2353.000 0.185
2354.000 0.184
2355.000 0.183
2356.000 0.178
2357.000 0.175
2358.000 0.171
2359.000 0.168
2360.000 0.169
2361.000 0.162
2362.000 0.164
2363.000 0.157
2364.000 0.155
2365.000 0.155
2366.000 0.150
2367.000 0.152
2368.000 0.147
2369.000 0.146
2370.000 0.143
2371.000 0.134
2372.000 0.136
2373.000 0.135
2374.000 0.133
2375.000 0.133
2376.000 0.129
2377.000 0.126
2378.000 0.124
2379.000 0.124
2380.000 0.122
2381.000 0.117
2382.000 0.119
2383.000 0.115
2384.000 0.113
2385.000 0.114
2386.000 0.110
2387.000 0.108
2388.000 0.108
2389.000 0.106
2390.000 0.105
2391.000 0.100
2392.000 0.103
2393.000 0.100
2394.000 0.098
2395.000 0.097
2396.000 0.095
2397.000 0.094
2398.000 0.093
2399.000 0.094
2400.000 0.091
2401.000 0.089
2402.000 0.088
2403.000 0.086
2404.000 0.086
2405.000 0.084
2406.000 0.085
2407.000 0.084
2408.000 0.080
2409.000 0.079
2410.000 0.079
2411.000 0.079
2412.000 0.076
2413.000 0.076
2414.000 0.078
2415.000 0.072
2416.000 0.075
2417.000 0.073
2418.000 0.071
2419.000 0.071
2420.000 0.069
2421.000 0.068
2422.000 0.067
2423.000 0.067
2424.000 0.066
2425.000 0.066
2426.000 0.065
2427.000 0.065
2428.000 0.064
2429.000 0.065
2430.000 0.064
2431.000 0.059
2432.000 0.062
2433.000 0.060
2434.000 0.059
2435.000 0.059
2436.000 0.059
2437.000 0.057
2438.000 0.056
2439.000 0.058
2440.000 0.056
2441.000 0.054
2442.000 0.054
2443.000 0.055
2444.000 0.055
2445.000 0.055
2446.000 0.053
2447.000 0.052
2448.000 0.052
2449.000 0.052
2450.000 0.051
2451.000 0.051
2452.000 0.049
2453.000 0.048
2454.000 0.049
2455.000 0.048
2456.000 0.045
2457.000 0.049
2458.000 0.045
2459.000 0.046
2460.000 0.046
2461.000 0.045
2462.000 0.045
2463.000 0.047
2464.000 0.043
2465.000 0.046
2466.000 0.044
2467.000 0.045
2468.000 0.042
2469.000 0.043
2470.000 0.042
2471.000 0.041
2472.000 0.040
2473.000 0.042
2474.000 0.040
2475.000 0.041
2476.000 0.041
2477.000 0.039
2478.000 0.038
2479.000 0.039
2480.000 0.039
2481.000 0.038
2482.000 0.039
2483.000 0.038
2484.000 0.038
2485.000 0.038
2486.000 0.037
2487.000 0.035
2488.000 0.036
2489.000 0.036
2490.000 0.036
2491.000 0.033
2492.000 0.036
2493.000 0.035
2494.000 0.033
2495.000 0.035
2496.000 0.033
2497.000 0.033
2498.000 0.034
2499.000 0.034
2500.000 0.032
2501.000 0.035
2502.000 0.033
2503.000 0.031
2504.000 0.032
2505.000 0.030
2506.000 0.031
2507.000 0.031
2508.000 0.033
2509.000 0.031
2510.000 0.028
2511.000 0.031
2512.000 0.028
2513.000 0.031
2514.000 0.030
2515.000 0.030
2516.000 0.030
2517.000 0.030
2518.000 0.029
2519.000 0.030
2520.000 0.027
2521.000 0.026
2522.000 0.028
2523.000 0.027
2524.000 0.028
2525.000 0.029
2526.000 0.027
2527.000 0.029
2528.000 0.026
2529.000 0.027
2530.000 0.027
2531.000 0.026
2532.000 0.027
2533.000 0.025
2534.000 0.026
2535.000 0.026
2536.000 0.027
2537.000 0.026
2538.000 0.025
2539.000 0.026
2540.000 0.024
2541.000 0.024
2542.000 0.025
2543.000 0.025
2544.000 0.024
2545.000 0.026
2546.000 0.023
2547.000 0.027
2548.000 0.024
2549.000 0.023
2550.000 0.024
2551.000 0.024
2552.000 0.025
2553.000 0.022
2554.000 0.024
2555.000 0.023
2556.000 0.023
2557.000 0.023
2558.000 0.022
2559.000 0.024
2560.000 0.021
2561.000 0.022
2562.000 0.021
2563.000 0.021
2564.000 0.022
2565.000 0.022
2566.000 0.021
2567.000 0.021
2568.000 0.023
2569.000 0.022
2570.000 0.022
2571.000 0.021
2572.000 0.021
2573.000 0.022
2574.000 0.022
2575.000 0.024
2576.000 0.020
2577.000 0.020
2578.000 0.023
2579.000 0.021
2580.000 0.022
2581.000 0.021
2582.000 0.021
2583.000 0.019
2584.000 0.020
2585.000 0.021
2586.000 0.020
2587.000 0.019
2588.000 0.018
2589.000 0.019
2590.000 0.020
2591.000 0.019
2592.000 0.019
2593.000 0.019
2594.000 0.020
2595.000 0.020
2596.000 0.018
2597.000 0.020
2598.000 0.020
2599.000 0.019
2600.000 0.021
2601.000 0.018
2602.000 0.021
2603.000 0.020
2604.000 0.019
2605.000 0.019
2606.000 0.019
2607.000 0.018
2608.000 0.019
2609.000 0.017
2610.000 0.017
2611.000 0.020
2612.000 0.020
2613.000 0.018
2614.000 0.019
2615.000 0.019
2616.000 0.016
2617.000 0.018
2618.000 0.018
2619.000 0.018
2620.000 0.018
2621.000 0.017
2622.000 0.020
2623.000 0.017
2624.000 0.016
2625.000 0.017
2626.000 0.016
2627.000 0.017
2628.000 0.018
2629.000 0.016
2630.000 0.019
2631.000 0.018
2632.000 0.018
2633.000 0.019
2634.000 0.017
2635.000 0.016
2636.000 0.017
2637.000 0.017
2638.000 0.016
2639.000 0.017
2640.000 0.017
2641.000 0.016
2642.000 0.019
2643.000 0.017
2644.000 0.017
2645.000 0.016
2646.000 0.019
2647.000 0.017
2648.000 0.016
2649.000 0.018
2650.000 0.019
2651.000 0.018
2652.000 0.015
2653.000 0.017
2654.000 0.017
2655.000 0.016
2656.000 0.015
2657.000 0.018
2658.000 0.017
2659.000 0.017
2660.000 0.017
2661.000 0.017
2662.000 0.020
2663.000 0.016
2664.000 0.018
2665.000 0.019
2666.000 0.017
2667.000 0.018
2668.000 0.018
2669.000 0.016
2670.000 0.017
2671.000 0.016
2672.000 0.017
2673.000 0.019
2674.000 0.018
2675.000 0.017
2676.000 0.017
2677.000 0.017
2678.000 0.015
2679.000 0.017
2680.000 0.018
2681.000 0.017
2682.000 0.016
2683.000 0.017
2684.000 0.018
2685.000 0.016
2686.000 0.016
2687.000 0.018
2688.000 0.018
2689.000 0.019
2690.000 0.017
2691.000 0.016
2692.000 0.017
2693.000 0.018
2694.000 0.019
2695.000 0.017
2696.000 0.018
2697.000 0.017
2698.000 0.018
2699.000 0.019
2700.000 0.016
2701.000 0.017
2702.000 0.019
2703.000 0.019
2704.000 0.017
2705.000 0.017
2706.000 0.018
2707.000 0.018
2708.000 0.018
2709.000 0.018
2710.000 0.017
2711.000 0.018
2712.000 0.017
2713.000 0.018
2714.000 0.018
2715.000 0.017
2716.000 0.018
2717.000 0.018
2718.000 0.017
2719.000 0.018
2720.000 0.019
2721.000 0.015
2722.000 0.017
2723.000 0.019
2724.000 0.018
2725.000 0.019
2726.000 0.017
2727.000 0.018
2728.000 0.019
2729.000 0.018
2730.000 0.018
2731.000 0.018
2732.000 0.019
2733.000 0.017
2734.000 0.018
2735.000 0.019
2736.000 0.019
2737.000 0.017
2738.000 0.020
2739.000 0.017
2740.000 0.018
2741.000 0.018
2742.000 0.017
2743.000 0.020
2744.000 0.018
2745.000 0.020
2746.000 0.017
2747.000 0.019
2748.000 0.018
2749.000 0.019
2750.000 0.019
2751.000 0.019
2752.000 0.018
2753.000 0.019
2754.000 0.019
2755.000 0.020
2756.000 0.018
2757.000 0.018
2758.000 0.019
2759.000 0.018
2760.000 0.020
2761.000 0.019
2762.000 0.018
2763.000 0.018
2764.000 0.018
2765.000 0.020
2766.000 0.020
2767.000 0.018
2768.000 0.020
2769.000 0.019
2770.000 0.018
2771.000 0.020
2772.000 0.019
2773.000 0.021
2774.000 0.019
2775.000 0.019
2776.000 0.019
2777.000 0.020
2778.000 0.019
2779.000 0.019
2780.000 0.019
2781.000 0.019
2782.000 0.022
2783.000 0.020
2784.000 0.020
2785.000 0.020
2786.000 0.022
2787.000 0.020
2788.000 0.022
2789.000 0.020
2790.000 0.020
2791.000 0.021
2792.000 0.021
2793.000 0.020
2794.000 0.022
2795.000 0.022
2796.000 0.019
2797.000 0.021
2798.000 0.021
2799.000 0.021
2800.000 0.022
2801.000 0.020
2802.000 0.023
2803.000 0.021
2804.000 0.021
2805.000 0.021
2806.000 0.021
2807.000 0.022
2808.000 0.023
2809.000 0.021
2810.000 0.021
2811.000 0.022
2812.000 0.023
2813.000 0.022
2814.000 0.022
2815.000 0.022
2816.000 0.021
2817.000 0.021
2818.000 0.022
2819.000 0.023
2820.000 0.023
2821.000 0.021
2822.000 0.022
2823.000 0.022
2824.000 0.023
2825.000 0.021
2826.000 0.023
2827.000 0.022
2828.000 0.022
2829.000 0.022
2830.000 0.024
2831.000 0.023
2832.000 0.023
2833.000 0.021
2834.000 0.024
2835.000 0.024
2836.000 0.024
2837.000 0.024
2838.000 0.023
2839.000 0.024
2840.000 0.024
2841.000 0.024
2842.000 0.023
2843.000 0.022
2844.000 0.024
2845.000 0.025
2846.000 0.023
2847.000 0.023
2848.000 0.024
2849.000 0.023
2850.000 0.023
2851.000 0.024
2852.000 0.024
2853.000 0.023
2854.000 0.024
2855.000 0.024
2856.000 0.024
2857.000 0.026
2858.000 0.025
2859.000 0.024
2860.000 0.023
2861.000 0.025
2862.000 0.024
2863.000 0.025
2864.000 0.026
2865.000 0.024
2866.000 0.025
2867.000 0.026
2868.000 0.024
2869.000 0.025
2870.000 0.026
2871.000 0.023
2872.000 0.025
2873.000 0.024
2874.000 0.026
2875.000 0.024
2876.000 0.025
2877.000 0.025
2878.000 0.026
2879.000 0.028
2880.000 0.026
2881.000 0.024
2882.000 0.026
2883.000 0.025
2884.000 0.025
2885.000 0.025
2886.000 0.028
2887.000 0.027
2888.000 0.027
2889.000 0.024
2890.000 0.027
2891.000 0.027
2892.000 0.026
2893.000 0.029
2894.000 0.026
2895.000 0.027
2896.000 0.025
2897.000 0.027
2898.000 0.026
2899.000 0.025
2900.000 0.025
2901.000 0.027
2902.000 0.026
2903.000 0.027
2904.000 0.026
2905.000 0.027
2906.000 0.030
2907.000 0.028
2908.000 0.028
2909.000 0.028
2910.000 0.029
2911.000 0.027
2912.000 0.027
2913.000 0.028
2914.000 0.030
2915.000 0.029
2916.000 0.028
2917.000 0.028
2918.000 0.029
2919.000 0.030
2920.000 0.028
2921.000 0.028
2922.000 0.028
2923.000 0.029
2924.000 0.030
2925.000 0.028
2926.000 0.029
2927.000 0.028
2928.000 0.030
2929.000 0.030
2930.000 0.030
2931.000 0.031
2932.000 0.028
2933.000 0.031
2934.000 0.030
2935.000 0.030
2936.000 0.028
2937.000 0.028
2938.000 0.030
2939.000 0.030
2940.000 0.029
2941.000 0.030
2942.000 0.030
2943.000 0.030
2944.000 0.031
2945.000 0.030
2946.000 0.031
2947.000 0.030
2948.000 0.029
2949.000 0.030
2950.000 0.030
2951.000 0.030
2952.000 0.031
2953.000 0.030
2954.000 0.029
2955.000 0.030
2956.000 0.030
2957.000 0.030
2958.000 0.032
2959.000 0.032
2960.000 0.032
2961.000 0.031
2962.000 0.031
2963.000 0.032
2964.000 0.031
2965.000 0.030
2966.000 0.032
2967.000 0.033
2968.000 0.032
2969.000 0.035
2970.000 0.032
2971.000 0.034
2972.000 0.032
2973.000 0.031
2974.000 0.033
2975.000 0.033
2976.000 0.030
2977.000 0.033
2978.000 0.034
2979.000 0.032
2980.000 0.034
2981.000 0.034
2982.000 0.032
2983.000 0.036
2984.000 0.033
2985.000 0.033
2986.000 0.033
2987.000 0.034
2988.000 0.032
2989.000 0.033
2990.000 0.034
2991.000 0.034
2992.000 0.034
2993.000 0.035
2994.000 0.032
2995.000 0.037
2996.000 0.036
2997.000 0.034
2998.000 0.033
2999.000 0.033
3000.000 0.033
3001.000 0.034
3002.000 0.034
3003.000 0.034
3004.000 0.035
3005.000 0.036
3006.000 0.035
3007.000 0.036
3008.000 0.037
3009.000 0.037
3010.000 0.034
3011.000 0.034
3012.000 0.034
3013.000 0.035
3014.000 0.037
3015.000 0.034
3016.000 0.036
3017.000 0.038
3018.000 0.037
3019.000 0.035
3020.000 0.037
3021.000 0.038
3022.000 0.034
3023.000 0.038
3024.000 0.035
3025.000 0.038
3026.000 0.038
3027.000 0.034
3028.000 0.037
3029.000 0.039
3030.000 0.038
3031.000 0.040
3032.000 0.039
3033.000 0.036
3034.000 0.039
3035.000 0.038
3036.000 0.040
3037.000 0.039
3038.000 0.039
3039.000 0.037
3040.000 0.041
3041.000 0.039
3042.000 0.041
3043.000 0.039
3044.000 0.039
3045.000 0.037
3046.000 0.040
3047.000 0.040
3048.000 0.039
3049.000 0.039
3050.000 0.039
3051.000 0.040
3052.000 0.040
3053.000 0.039
3054.000 0.041
3055.000 0.039
3056.000 0.040
3057.000 0.040
3058.000 0.041
3059.000 0.042
3060.000 0.041
3061.000 0.041
3062.000 0.043
3063.000 0.041
3064.000 0.044
3065.000 0.043
3066.000 0.043
3067.000 0.041
3068.000 0.040
3069.000 0.041
3070.000 0.042
3071.000 0.042
3072.000 0.042
3073.000 0.041
3074.000 0.043
3075.000 0.043
3076.000 0.042
3077.000 0.044
3078.000 0.045
3079.000 0.045
3080.000 0.043
3081.000 0.045
3082.000 0.043
3083.000 0.045
3084.000 0.043
3085.000 0.044
3086.000 0.044
3087.000 0.043
3088.000 0.044
3089.000 0.045
3090.000 0.045
3091.000 0.045
3092.000 0.045
3093.000 0.045
3094.000 0.045
3095.000 0.046
3096.000 0.047
3097.000 0.046
3098.000 0.044
3099.000 0.046
3100.000 0.045
3101.000 0.048
3102.000 0.044
3103.000 0.046
3104.000 0.046
3105.000 0.046
3106.000 0.046
3107.000 0.046
3108.000 0.046
3109.000 0.047
3110.000 0.047
3111.000 0.046
3112.000 0.045
3113.000 0.048
3114.000 0.047
3115.000 0.048
3116.000 0.049
3117.000 0.049
3118.000 0.048
3119.000 0.049
3120.000 0.048
3121.000 0.049
3122.000 0.049
3123.000 0.049
3124.000 0.049
3125.000 0.050
3126.000 0.049
3127.000 0.051
3128.000 0.051
3129.000 0.051
3130.000 0.050
3131.000 0.051
3132.000 0.049
3133.000 0.050
3134.000 0.048
3135.000 0.051
3136.000 0.053
3137.000 0.051
3138.000 0.050
3139.000 0.052
3140.000 0.052
3141.000 0.054
3142.000 0.051
3143.000 0.052
3144.000 0.052
3145.000 0.051
3146.000 0.053
3147.000 0.051
3148.000 0.053
3149.000 0.051
3150.000 0.053
3151.000 0.051
3152.000 0.053
3153.000 0.053
3154.000 0.053
3155.000 0.053
3156.000 0.052
3157.000 0.054
3158.000 0.054
3159.000 0.055
3160.000 0.055
3161.000 0.055
3162.000 0.055
3163.000 0.054
3164.000 0.054
3165.000 0.058
3166.000 0.055
3167.000 0.056
3168.000 0.056
3169.000 0.056
3170.000 0.055
3171.000 0.056
3172.000 0.057
3173.000 0.056
3174.000 0.056
3175.000 0.056
3176.000 0.057
3177.000 0.057
3178.000 0.058
3179.000 0.058
3180.000 0.058
3181.000 0.057
3182.000 0.058
3183.000 0.057
3184.000 0.058
3185.000 0.059
3186.000 0.059
3187.000 0.057
3188.000 0.059
3189.000 0.059
3190.000 0.059
3191.000 0.060
3192.000 0.060
3193.000 0.059
3194.000 0.059
3195.000 0.060
3196.000 0.060
3197.000 0.061
3198.000 0.061
3199.000 0.060
3200.000 0.062
3201.000 0.061
3202.000 0.061
3203.000 0.062
3204.000 0.061
3205.000 0.062
3206.000 0.063
3207.000 0.062
3208.000 0.062
3209.000 0.061
3210.000 0.061
3211.000 0.063
3212.000 0.064
3213.000 0.062
3214.000 0.064
3215.000 0.064
3216.000 0.065
3217.000 0.065
3218.000 0.066
3219.000 0.065
3220.000 0.064
3221.000 0.065
3222.000 0.066
3223.000 0.066
3224.000 0.066
3225.000 0.066
3226.000 0.066
3227.000 0.065
3228.000 0.069
3229.000 0.067
3230.000 0.067
3231.000 0.068
3232.000 0.068
3233.000 0.067
3234.000 0.067
3235.000 0.067
3236.000 0.070
3237.000 0.068
3238.000 0.068
3239.000 0.070
3240.000 0.068
3241.000 0.069
3242.000 0.070
3243.000 0.070
3244.000 0.072
3245.000 0.069
3246.000 0.070
3247.000 0.070
3248.000 0.070
3249.000 0.070
3250.000 0.071
3251.000 0.072
3252.000 0.072
3253.000 0.071
3254.000 0.072
3255.000 0.074
3256.000 0.073
3257.000 0.071
3258.000 0.072
3259.000 0.073
3260.000 0.074
3261.000 0.072
3262.000 0.074
3263.000 0.074
3264.000 0.076
3265.000 0.074
3266.000 0.075
3267.000 0.073
3268.000 0.076
3269.000 0.075
3270.000 0.075
3271.000 0.073
3272.000 0.076
3273.000 0.074
3274.000 0.075
3275.000 0.075
3276.000 0.077
3277.000 0.077
3278.000 0.076
3279.000 0.076
3280.000 0.077
3281.000 0.076
3282.000 0.076
3283.000 0.077
3284.000 0.076
3285.000 0.079
3286.000 0.078
3287.000 0.079
3288.000 0.079
3289.000 0.079
3290.000 0.079
3291.000 0.081
3292.000 0.078
3293.000 0.079
3294.000 0.079
3295.000 0.081
3296.000 0.080
3297.000 0.080
3298.000 0.081
3299.000 0.080
3300.000 0.080
3301.000 0.083
3302.000 0.082
3303.000 0.081
3304.000 0.083
3305.000 0.083
3306.000 0.082
3307.000 0.082
3308.000 0.085
3309.000 0.080
3310.000 0.082
3311.000 0.084
3312.000 0.084
3313.000 0.083
3314.000 0.083
3315.000 0.086
3316.000 0.084
3317.000 0.083
3318.000 0.085
3319.000 0.085
3320.000 0.085
3321.000 0.083
3322.000 0.085
3323.000 0.085
3324.000 0.085
3325.000 0.085
3326.000 0.085
3327.000 0.085
3328.000 0.086
3329.000 0.086
3330.000 0.087
3331.000 0.087
3332.000 0.086
3333.000 0.088
3334.000 0.086
3335.000 0.086
3336.000 0.087
3337.000 0.087
3338.000 0.087
3339.000 0.087
3340.000 0.087
3341.000 0.087
3342.000 0.089
3343.000 0.089
3344.000 0.088
3345.000 0.086
3346.000 0.088
3347.000 0.086
3348.000 0.088
3349.000 0.089
3350.000 0.091
3351.000 0.088
3352.000 0.090
3353.000 0.089
3354.000 0.091
3355.000 0.089
3356.000 0.090
3357.000 0.091
3358.000 0.089
3359.000 0.091
3360.000 0.090
3361.000 0.090
3362.000 0.089
3363.000 0.091
3364.000 0.091
3365.000 0.089
3366.000 0.090
3367.000 0.090
3368.000 0.090
3369.000 0.090
3370.000 0.091
3371.000 0.092
3372.000 0.091
3373.000 0.091
3374.000 0.090
3375.000 0.092
3376.000 0.092
3377.000 0.092
3378.000 0.090
3379.000 0.090
3380.000 0.091
3381.000 0.089
3382.000 0.090
3383.000 0.092
3384.000 0.092
3385.000 0.090
3386.000 0.092
3387.000 0.089
3388.000 0.091
3389.000 0.092
3390.000 0.092
3391.000 0.093
3392.000 0.094
3393.000 0.090
3394.000 0.093
3395.000 0.091
3396.000 0.093
3397.000 0.091
3398.000 0.094
3399.000 0.092
3400.000 0.092
3401.000 0.092
3402.000 0.092
3403.000 0.093
3404.000 0.091
3405.000 0.092
3406.000 0.091
3407.000 0.092
3408.000 0.091
3409.000 0.093
3410.000 0.092
3411.000 0.091
3412.000 0.093
3413.000 0.091
3414.000 0.092
3415.000 0.091
3416.000 0.093
3417.000 0.091
3418.000 0.090
3419.000 0.094
3420.000 0.090
3421.000 0.092
3422.000 0.093
3423.000 0.091
3424.000 0.092
3425.000 0.092
3426.000 0.090
3427.000 0.092
3428.000 0.092
3429.000 0.092
3430.000 0.091
3431.000 0.091
3432.000 0.089
3433.000 0.090
3434.000 0.093
3435.000 0.091
3436.000 0.091
3437.000 0.090
3438.000 0.089
3439.000 0.091
3440.000 0.092
3441.000 0.089
3442.000 0.090
3443.000 0.088
3444.000 0.092
3445.000 0.089
3446.000 0.091
3447.000 0.090
3448.000 0.090
3449.000 0.089
3450.000 0.089
3451.000 0.090
3452.000 0.090
3453.000 0.090
3454.000 0.090
3455.000 0.090
3456.000 0.090
3457.000 0.088
3458.000 0.089
3459.000 0.090
3460.000 0.088
3461.000 0.088
3462.000 0.088
3463.000 0.089
3464.000 0.089
3465.000 0.088
3466.000 0.089
3467.000 0.090
3468.000 0.090
3469.000 0.087
3470.000 0.088
3471.000 0.087
3472.000 0.089
3473.000 0.087
3474.000 0.089
3475.000 0.087
3476.000 0.087
3477.000 0.088
3478.000 0.087
3479.000 0.086
3480.000 0.089
3481.000 0.086
3482.000 0.087
3483.000 0.086
3484.000 0.086
3485.000 0.086
3486.000 0.086
3487.000 0.086
3488.000 0.086
3489.000 0.087
3490.000 0.085
3491.000 0.084
3492.000 0.086
3493.000 0.085
3494.000 0.086
3495.000 0.085
3496.000 0.084
3497.000 0.084
3498.000 0.084
3499.000 0.084
3500.000 0.085
3501.000 0.085
3502.000 0.085
3503.000 0.085
3504.000 0.084
3505.000 0.084
3506.000 0.084
3507.000 0.083
3508.000 0.083
3509.000 0.084
3510.000 0.081
3511.000 0.083
3512.000 0.083
3513.000 0.084
3514.000 0.082
3515.000 0.082
3516.000 0.081
3517.000 0.082
3518.000 0.081
3519.000 0.082
3520.000 0.081
3521.000 0.082
3522.000 0.083
3523.000 0.082
3524.000 0.083
3525.000 0.080
3526.000 0.079
3527.000 0.083
3528.000 0.079
3529.000 0.081
3530.000 0.079
3531.000 0.080
3532.000 0.081
3533.000 0.081
3534.000 0.080
3535.000 0.081
3536.000 0.080
3537.000 0.079
3538.000 0.080
3539.000 0.080
3540.000 0.081
3541.000 0.080
3542.000 0.079
3543.000 0.080
3544.000 0.079
3545.000 0.079
3546.000 0.078
3547.000 0.078
3548.000 0.077
3549.000 0.080
3550.000 0.078
3551.000 0.078
3552.000 0.078
3553.000 0.079
3554.000 0.077
3555.000 0.076
3556.000 0.076
3557.000 0.078
3558.000 0.077
3559.000 0.076
3560.000 0.077
3561.000 0.077
3562.000 0.077
3563.000 0.076
3564.000 0.076
3565.000 0.076
3566.000 0.077
3567.000 0.076
3568.000 0.073
3569.000 0.076
3570.000 0.075
3571.000 0.076
3572.000 0.076
3573.000 0.076
3574.000 0.075
3575.000 0.075
3576.000 0.076
3577.000 0.074
3578.000 0.074
3579.000 0.075
3580.000 0.075
3581.000 0.076
3582.000 0.074
3583.000 0.074
3584.000 0.073
3585.000 0.073
3586.000 0.073
3587.000 0.073
3588.000 0.073
3589.000 0.073
3590.000 0.072
3591.000 0.074
3592.000 0.073
3593.000 0.071
3594.000 0.072
3595.000 0.073
3596.000 0.073
3597.000 0.072
3598.000 0.072
3599.000 0.072
3600.000 0.072
3601.000 0.072
3602.000 0.071
3603.000 0.073
3604.000 0.070
3605.000 0.071
3606.000 0.071
3607.000 0.071
3608.000 0.071
3609.000 0.071
3610.000 0.070
3611.000 0.071
3612.000 0.071
3613.000 0.070
3614.000 0.070
3615.000 0.070
3616.000 0.071
3617.000 0.071
3618.000 0.070
3619.000 0.069
3620.000 0.070
3621.000 0.069
3622.000 0.069
3623.000 0.068
3624.000 0.069
3625.000 0.069
3626.000 0.069
3627.000 0.068
3628.000 0.069
3629.000 0.068
3630.000 0.069
3631.000 0.069
3632.000 0.068
3633.000 0.068
3634.000 0.068
3635.000 0.068
3636.000 0.068
3637.000 0.068
3638.000 0.067
3639.000 0.068
3640.000 0.069
3641.000 0.067
3642.000 0.068
3643.000 0.067
3644.000 0.067
3645.000 0.067
3646.000 0.066
3647.000 0.068
3648.000 0.067
3649.000 0.066
3650.000 0.066
3651.000 0.066
3652.000 0.067
3653.000 0.065
3654.000 0.066
3655.000 0.065
3656.000 0.065
3657.000 0.065
3658.000 0.067
3659.000 0.066
3660.000 0.065
3661.000 0.064
3662.000 0.066
3663.000 0.065
3664.000 0.066
3665.000 0.064
3666.000 0.065
3667.000 0.064
3668.000 0.066
3669.000 0.064
3670.000 0.064
3671.000 0.065
3672.000 0.065
3673.000 0.064
3674.000 0.065
3675.000 0.065
3676.000 0.065
3677.000 0.065
3678.000 0.065
3679.000 0.065
3680.000 0.064
3681.000 0.064
3682.000 0.064
3683.000 0.064
3684.000 0.065
3685.000 0.064
3686.000 0.062
3687.000 0.064
3688.000 0.065
3689.000 0.063
3690.000 0.063
3691.000 0.065
3692.000 0.062
3693.000 0.062
3694.000 0.064
3695.000 0.063
3696.000 0.063
3697.000 0.063
3698.000 0.062
3699.000 0.064
3700.000 0.063
3701.000 0.062
3702.000 0.061
3703.000 0.063
3704.000 0.063
3705.000 0.061
3706.000 0.062
3707.000 0.060
3708.000 0.062
3709.000 0.063
3710.000 0.062
3711.000 0.061
3712.000 0.063
3713.000 0.061
3714.000 0.060
3715.000 0.062
3716.000 0.062
3717.000 0.062
3718.000 0.061
3719.000 0.061
3720.000 0.062
3721.000 0.061
3722.000 0.060
3723.000 0.060
3724.000 0.060
3725.000 0.061
3726.000 0.060
3727.000 0.061
3728.000 0.060
3729.000 0.061
3730.000 0.062
3731.000 0.060
3732.000 0.061
3733.000 0.061
3734.000 0.061
3735.000 0.060
3736.000 0.060
3737.000 0.059
3738.000 0.060
3739.000 0.061
3740.000 0.060
3741.000 0.060
3742.000 0.059
3743.000 0.060
3744.000 0.060
3745.000 0.058
3746.000 0.060
3747.000 0.060
3748.000 0.059
3749.000 0.060
3750.000 0.060
3751.000 0.059
3752.000 0.060
3753.000 0.058
3754.000 0.059
3755.000 0.060
3756.000 0.059
3757.000 0.058
3758.000 0.060
3759.000 0.059
3760.000 0.058
3761.000 0.057
3762.000 0.059
3763.000 0.059
3764.000 0.059
3765.000 0.060
3766.000 0.060
3767.000 0.058
3768.000 0.058
3769.000 0.059
3770.000 0.060
3771.000 0.060
3772.000 0.059
3773.000 0.058
3774.000 0.059
3775.000 0.057
3776.000 0.058
3777.000 0.058
3778.000 0.057
3779.000 0.058
3780.000 0.058
3781.000 0.059
3782.000 0.059
3783.000 0.059
3784.000 0.058
3785.000 0.059
3786.000 0.059
3787.000 0.057
3788.000 0.057
3789.000 0.059
3790.000 0.060
3791.000 0.059
3792.000 0.059
3793.000 0.059
3794.000 0.059
3795.000 0.058
3796.000 0.059
3797.000 0.059
3798.000 0.058
3799.000 0.059
3800.000 0.057
3801.000 0.060
3802.000 0.058
3803.000 0.060
3804.000 0.058
3805.000 0.059
3806.000 0.056
3807.000 0.059
3808.000 0.058
3809.000 0.057
3810.000 0.057
3811.000 0.059
3812.000 0.058
3813.000 0.057
3814.000 0.057
3815.000 0.060
3816.000 0.058
3817.000 0.058
3818.000 0.056
3819.000 0.058
3820.000 0.059
3821.000 0.058
3822.000 0.058
3823.000 0.057
3824.000 0.057
3825.000 0.058
3826.000 0.058
3827.000 0.059
3828.000 0.058
3829.000 0.058
3830.000 0.057
3831.000 0.059
3832.000 0.059
3833.000 0.058
3834.000 0.059
3835.000 0.057
3836.000 0.059
3837.000 0.059
3838.000 0.058
3839.000 0.059
3840.000 0.058
3841.000 0.058
3842.000 0.058
3843.000 0.059
3844.000 0.057
3845.000 0.058
3846.000 0.057
3847.000 0.059
3848.000 0.060
3849.000 0.057
3850.000 0.058
3851.000 0.058
3852.000 0.060
3853.000 0.059
3854.000 0.058
3855.000 0.059
3856.000 0.057
3857.000 0.059
3858.000 0.058
3859.000 0.060
3860.000 0.059
3861.000 0.059
3862.000 0.059
3863.000 0.060
3864.000 0.059
3865.000 0.058
3866.000 0.059
3867.000 0.059
3868.000 0.059
3869.000 0.058
3870.000 0.059
3871.000 0.059
3872.000 0.060
3873.000 0.060
3874.000 0.059
3875.000 0.059
3876.000 0.062
3877.000 0.057
3878.000 0.060
3879.000 0.060
3880.000 0.060
3881.000 0.061
3882.000 0.061
3883.000 0.060
3884.000 0.060
3885.000 0.060
3886.000 0.061
3887.000 0.062
3888.000 0.061
3889.000 0.061
3890.000 0.061
3891.000 0.061
3892.000 0.060
3893.000 0.060
3894.000 0.061
3895.000 0.061
3896.000 0.062
3897.000 0.061
3898.000 0.062
3899.000 0.061
3900.000 0.062
3901.000 0.060
3902.000 0.062
3903.000 0.062
3904.000 0.061
3905.000 0.064
3906.000 0.061
3907.000 0.062
3908.000 0.062
3909.000 0.063
3910.000 0.062
3911.000 0.062
3912.000 0.062
3913.000 0.062
3914.000 0.063
3915.000 0.063
3916.000 0.063
3917.000 0.063
3918.000 0.064
3919.000 0.064
3920.000 0.064
3921.000 0.062
3922.000 0.063
3923.000 0.064
3924.000 0.064
3925.000 0.064
3926.000 0.062
3927.000 0.064
3928.000 0.065
3929.000 0.062
3930.000 0.064
3931.000 0.065
3932.000 0.064
3933.000 0.065
3934.000 0.064
3935.000 0.066
3936.000 0.065
3937.000 0.066
3938.000 0.067
3939.000 0.066
3940.000 0.065
3941.000 0.067
3942.000 0.066
3943.000 0.066
3944.000 0.066
3945.000 0.067
3946.000 0.067
3947.000 0.067
3948.000 0.065
3949.000 0.067
3950.000 0.068
3951.000 0.068
3952.000 0.068
3953.000 0.067
3954.000 0.067
3955.000 0.071
3956.000 0.069
3957.000 0.068
3958.000 0.067
3959.000 0.068
3960.000 0.069
3961.000 0.069
3962.000 0.069
3963.000 0.068
3964.000 0.070
3965.000 0.068
3966.000 0.069
3967.000 0.071
3968.000 0.069
3969.000 0.071
3970.000 0.071
3971.000 0.072
3972.000 0.069
3973.000 0.071
3974.000 0.070
3975.000 0.072
3976.000 0.071
3977.000 0.070
3978.000 0.070
3979.000 0.072
3980.000 0.072
3981.000 0.071
3982.000 0.071
3983.000 0.071
3984.000 0.072
3985.000 0.073
3986.000 0.071
3987.000 0.073
3988.000 0.073
3989.000 0.073
3990.000 0.073
3991.000 0.074
3992.000 0.072
3993.000 0.075
3994.000 0.074
3995.000 0.073
3996.000 0.073
3997.000 0.073
3998.000 0.073
3999.000 0.074
4000.000 0.075
4001.000 0.074
4002.000 0.074
4003.000 0.074
4004.000 0.076
4005.000 0.074
4006.000 0.076
4007.000 0.074
4008.000 0.075
4009.000 0.076
4010.000 0.077
4011.000 0.076
4012.000 0.077
4013.000 0.075
4014.000 0.075
4015.000 0.076
4016.000 0.076
4017.000 0.076
4018.000 0.076
4019.000 0.077
4020.000 0.076
4021.000 0.077
4022.000 0.078
4023.000 0.077
4024.000 0.076
4025.000 0.077
4026.000 0.079
4027.000 0.077
4028.000 0.076
4029.000 0.078
4030.000 0.077
4031.000 0.076
4032.000 0.079
4033.000 0.078
4034.000 0.079
4035.000 0.079
4036.000 0.078
4037.000 0.078
4038.000 0.080
4039.000 0.078
4040.000 0.078
4041.000 0.078
4042.000 0.079
4043.000 0.078
4044.000 0.078
4045.000 0.080
4046.000 0.079
4047.000 0.079
4048.000 0.079
4049.000 0.079
4050.000 0.080
4051.000 0.080
4052.000 0.078
4053.000 0.081
4054.000 0.079
4055.000 0.080
4056.000 0.080
4057.000 0.080
4058.000 0.080
4059.000 0.080
4060.000 0.080
4061.000 0.080
4062.000 0.080
4063.000 0.079
4064.000 0.079
4065.000 0.080
4066.000 0.081
4067.000 0.080
4068.000 0.081
4069.000 0.080
4070.000 0.080
4071.000 0.079
4072.000 0.081
4073.000 0.079
4074.000 0.080
4075.000 0.082
4076.000 0.082
4077.000 0.081
4078.000 0.079
4079.000 0.080
4080.000 0.081
4081.000 0.081
4082.000 0.081
4083.000 0.080
4084.000 0.082
4085.000 0.080
4086.000 0.081
4087.000 0.079
4088.000 0.078
4089.000 0.080
4090.000 0.081
4091.000 0.081
4092.000 0.080
4093.000 0.079
4094.000 0.080
4095.000 0.082
4096.000 0.080
4097.000 0.082
4098.000 0.080
4099.000 0.082
4100.000 0.082
4101.000 0.081
4102.000 0.080
4103.000 0.081
4104.000 0.081
4105.000 0.081
4106.000 0.082
4107.000 0.082
4108.000 0.082
4109.000 0.082
4110.000 0.081
4111.000 0.081
4112.000 0.082
4113.000 0.081
4114.000 0.082
4115.000 0.082
4116.000 0.083
4117.000 0.082
4118.000 0.081
4119.000 0.084
4120.000 0.083
4121.000 0.084
4122.000 0.084
4123.000 0.082
4124.000 0.083
4125.000 0.083
4126.000 0.083
4127.000 0.084
4128.000 0.084
4129.000 0.083
4130.000 0.084
4131.000 0.083
4132.000 0.084
4133.000 0.084
4134.000 0.084
4135.000 0.085
4136.000 0.086
4137.000 0.084
4138.000 0.085
4139.000 0.085
4140.000 0.085
4141.000 0.085
4142.000 0.085
4143.000 0.086
4144.000 0.086
4145.000 0.086
4146.000 0.086
4147.000 0.085
4148.000 0.086
4149.000 0.086
4150.000 0.085
4151.000 0.086
4152.000 0.088
4153.000 0.088
4154.000 0.088
4155.000 0.087
4156.000 0.086
4157.000 0.088
4158.000 0.087
4159.000 0.087
4160.000 0.087
4161.000 0.089
4162.000 0.088
4163.000 0.088
4164.000 0.089
4165.000 0.088
4166.000 0.089
4167.000 0.090
4168.000 0.089
4169.000 0.088
4170.000 0.090
4171.000 0.089
4172.000 0.091
4173.000 0.091
4174.000 0.092
4175.000 0.092
4176.000 0.091
4177.000 0.092
4178.000 0.091
4179.000 0.092
4180.000 0.093
4181.000 0.091
4182.000 0.093
4183.000 0.093
4184.000 0.093
4185.000 0.093
4186.000 0.095
4187.000 0.095
4188.000 0.093
4189.000 0.095
4190.000 0.094
4191.000 0.096
4192.000 0.095
4193.000 0.095
4194.000 0.096
4195.000 0.096
4196.000 0.095
4197.000 0.098
4198.000 0.097
4199.000 0.097
4200.000 0.098
4201.000 0.097
4202.000 0.098
4203.000 0.099
4204.000 0.099
4205.000 0.099
4206.000 0.099
4207.000 0.100
4208.000 0.102
4209.000 0.099
4210.000 0.101
4211.000 0.101
4212.000 0.102
4213.000 0.101
4214.000 0.102
4215.000 0.101
4216.000 0.102
4217.000 0.104
4218.000 0.103
4219.000 0.102
4220.000 0.103
4221.000 0.104
4222.000 0.104
4223.000 0.104
4224.000 0.104
4225.000 0.104
4226.000 0.104
4227.000 0.103
4228.000 0.106
4229.000 0.106
4230.000 0.106
4231.000 0.105
4232.000 0.104
4233.000 0.106
4234.000 0.107
4235.000 0.107
4236.000 0.107
4237.000 0.109
4238.000 0.108
4239.000 0.107
4240.000 0.109
4241.000 0.109
4242.000 0.109
4243.000 0.108
4244.000 0.111
4245.000 0.109
4246.000 0.112
4247.000 0.110
4248.000 0.111
4249.000 0.109
4250.000 0.112
4251.000 0.112
4252.000 0.112
4253.000 0.112
4254.000 0.112
4255.000 0.112
4256.000 0.112
4257.000 0.113
4258.000 0.113
4259.000 0.113
4260.000 0.115
4261.000 0.113
4262.000 0.114
4263.000 0.115
4264.000 0.115
4265.000 0.115
4266.000 0.115
4267.000 0.116
4268.000 0.115
4269.000 0.116
4270.000 0.115
4271.000 0.117
4272.000 0.118
4273.000 0.116
4274.000 0.117
4275.000 0.117
4276.000 0.117
4277.000 0.118
4278.000 0.119
4279.000 0.119
4280.000 0.118
4281.000 0.120
4282.000 0.119
4283.000 0.119
4284.000 0.120
4285.000 0.122
4286.000 0.120
4287.000 0.123
4288.000 0.121
4289.000 0.123
4290.000 0.122
4291.000 0.122
4292.000 0.123
4293.000 0.123
4294.000 0.122
4295.000 0.123
4296.000 0.124
4297.000 0.124
4298.000 0.123
4299.000 0.123
4300.000 0.124
4301.000 0.125
4302.000 0.126
4303.000 0.124
4304.000 0.126
4305.000 0.127
4306.000 0.126
4307.000 0.126
4308.000 0.127
4309.000 0.128
4310.000 0.128
4311.000 0.128
4312.000 0.128
4313.000 0.130
4314.000 0.128
4315.000 0.130
4316.000 0.129
4317.000 0.129
4318.000 0.130
4319.000 0.131
4320.000 0.131
4321.000 0.131
4322.000 0.133
4323.000 0.132
4324.000 0.132
4325.000 0.133
4326.000 0.134
4327.000 0.133
4328.000 0.132
4329.000 0.134
4330.000 0.135
4331.000 0.133
4332.000 0.136
4333.000 0.137
4334.000 0.136
4335.000 0.137
4336.000 0.137
4337.000 0.136
4338.000 0.137
4339.000 0.140
4340.000 0.138
4341.000 0.138
4342.000 0.139
4343.000 0.140
4344.000 0.139
4345.000 0.141
4346.000 0.141
4347.000 0.142
4348.000 0.141
4349.000 0.142
4350.000 0.142
4351.000 0.142
4352.000 0.144
4353.000 0.144
4354.000 0.143
4355.000 0.143
4356.000 0.145
4357.000 0.146
4358.000 0.146
4359.000 0.147
4360.000 0.148
4361.000 0.147
4362.000 0.148
4363.000 0.148
4364.000 0.148
4365.000 0.150
4366.000 0.150
4367.000 0.151
4368.000 0.151
4369.000 0.150
4370.000 0.151
4371.000 0.151
4372.000 0.153
4373.000 0.153
4374.000 0.155
4375.000 0.153
4376.000 0.154
4377.000 0.155
4378.000 0.156
4379.000 0.156
4380.000 0.157
4381.000 0.158
4382.000 0.159
4383.000 0.159
4384.000 0.159
4385.000 0.160
4386.000 0.159
4387.000 0.161
4388.000 0.162
4389.000 0.163
4390.000 0.164
4391.000 0.164
4392.000 0.165
4393.000 0.165
4394.000 0.165
4395.000 0.167
4396.000 0.166
4397.000 0.168
4398.000 0.168
4399.000 0.170
4400.000 0.169
4401.000 0.172
4402.000 0.170
4403.000 0.172
4404.000 0.172
4405.000 0.173
4406.000 0.174
4407.000 0.175
4408.000 0.176
4409.000 0.177
4410.000 0.178
4411.000 0.178
4412.000 0.178
4413.000 0.179
4414.000 0.178
4415.000 0.181
4416.000 0.182
4417.000 0.183
4418.000 0.184
4419.000 0.185
4420.000 0.185
4421.000 0.186
4422.000 0.187
4423.000 0.187
4424.000 0.188
4425.000 0.189
4426.000 0.191
4427.000 0.192
4428.000 0.192
4429.000 0.194
4430.000 0.193
4431.000 0.196
4432.000 0.197
4433.000 0.198
4434.000 0.199
4435.000 0.199
4436.000 0.200
4437.000 0.201
4438.000 0.202
4439.000 0.204
4440.000 0.206
4441.000 0.206
4442.000 0.208
4443.000 0.208
4444.000 0.209
4445.000 0.211
4446.000 0.211
4447.000 0.213
4448.000 0.213
4449.000 0.214
4450.000 0.215
4451.000 0.217
4452.000 0.220
4453.000 0.219
4454.000 0.223
4455.000 0.221
4456.000 0.224
4457.000 0.225
4458.000 0.227
4459.000 0.228
4460.000 0.228
4461.000 0.230
4462.000 0.231
4463.000 0.232
4464.000 0.234
4465.000 0.237
4466.000 0.238
4467.000 0.238
4468.000 0.242
4469.000 0.243
4470.000 0.243
4471.000 0.245
4472.000 0.249
4473.000 0.249
4474.000 0.251
4475.000 0.252
4476.000 0.255
4477.000 0.258
4478.000 0.258
4479.000 0.262
4480.000 0.262
4481.000 0.264
4482.000 0.266
4483.000 0.269
4484.000 0.270
4485.000 0.270
4486.000 0.275
4487.000 0.275
4488.000 0.279
4489.000 0.281
4490.000 0.282
4491.000 0.287
4492.000 0.288
4493.000 0.290
4494.000 0.292
4495.000 0.293
4496.000 0.298
4497.000 0.300
4498.000 0.302
4499.000 0.305
4500.000 0.308
4501.000 0.309
4502.000 0.313
4503.000 0.315
4504.000 0.320
4505.000 0.321
4506.000 0.324
4507.000 0.327
4508.000 0.330
4509.000 0.333
4510.000 0.336
4511.000 0.339
4512.000 0.344
4513.000 0.347
4514.000 0.352
4515.000 0.352
4516.000 0.357
4517.000 0.359
4518.000 0.364
4519.000 0.369
4520.000 0.372
4521.000 0.377
4522.000 0.382
4523.000 0.383
4524.000 0.389
4525.000 0.391
4526.000 0.397
4527.000 0.400
4528.000 0.407
4529.000 0.413
4530.000 0.415
4531.000 0.422
4532.000 0.427
4533.000 0.430
4534.000 0.438
4535.000 0.440
4536.000 0.447
4537.000 0.454
4538.000 0.458
4539.000 0.466
4540.000 0.468
4541.000 0.478
4542.000 0.481
4543.000 0.489
4544.000 0.498
4545.000 0.503
4546.000 0.511
4547.000 0.515
4548.000 0.525
4549.000 0.535
4550.000 0.540
4551.000 0.549
4552.000 0.553
4553.000 0.566
4554.000 0.575
4555.000 0.581
4556.000 0.593
4557.000 0.598
4558.000 0.612
4559.000 0.625
4560.000 0.630
4561.000 0.644
4562.000 0.651
4563.000 0.663
4564.000 0.670
4565.000 0.685
4566.000 0.699
4567.000 0.709
4568.000 0.724
4569.000 0.739
4570.000 0.748
4571.000 0.765
4572.000 0.773
4573.000 0.790
4574.000 0.807
4575.000 0.820
4576.000 0.837
4577.000 0.847
4578.000 0.867
4579.000 0.885
4580.000 0.897
4581.000 0.916
4582.000 0.927
4583.000 0.947
4584.000 0.967
4585.000 0.979
4586.000 0.998
4587.000 1.017
4588.000 1.029
4589.000 1.048
4590.000 1.066
4591.000 1.084
4592.000 1.093
4593.000 1.117
4594.000 1.124
4596.000 1.135
4597.000 1.142
4598.000 1.153
4599.000 1.163
4600.000 1.168
4601.000 1.172
4602.000 1.175
4603.000 1.173
4604.000 1.173
4605.000 1.169
4606.000 1.164
4607.000 1.159
4608.000 1.150
4609.000 1.145
4610.000 1.133
4611.000 1.119
4612.000 1.110
4613.000 1.096
4614.000 1.087
4615.000 1.068
4616.000 1.059
4617.000 1.039
4618.000 1.029
4619.000 1.006
4620.000 0.997
4621.000 0.976
4622.000 0.956
4623.000 0.946
4624.000 0.926
4625.000 0.916
4626.000 0.897
4627.000 0.877
4628.000 0.866
4629.000 0.847
4630.000 0.837
4631.000 0.817
4632.000 0.799
4633.000 0.790
4634.000 0.772
4635.000 0.766
4636.000 0.746
4637.000 0.739
4638.000 0.722
4639.000 0.708
4640.000 0.698
4641.000 0.685
4642.000 0.669
4643.000 0.662
4644.000 0.650
4645.000 0.642
4646.000 0.629
4647.000 0.625
4648.000 0.610
4649.000 0.599
4650.000 0.593
4651.000 0.581
4652.000 0.570
4653.000 0.564
4654.000 0.554
4655.000 0.549
4656.000 0.538
4657.000 0.529
4658.000 0.524
4659.000 0.520
4660.000 0.511
4661.000 0.501
4662.000 0.497
4663.000 0.488
4664.000 0.481
4665.000 0.478
4666.000 0.469
4667.000 0.464
4668.000 0.457
4669.000 0.450
4670.000 0.447
4671.000 0.440
4672.000 0.437
4673.000 0.431
4674.000 0.424
4675.000 0.421
4676.000 0.415
4677.000 0.413
4678.000 0.405
4679.000 0.399
4680.000 0.398
4681.000 0.392
4682.000 0.388
4683.000 0.384
4684.000 0.378
4685.000 0.376
4686.000 0.371
4687.000 0.368
4688.000 0.364
4689.000 0.359
4690.000 0.356
4691.000 0.352
4692.000 0.350
4693.000 0.346
4694.000 0.342
4695.000 0.340
4696.000 0.337
4697.000 0.334
4698.000 0.331
4699.000 0.326
4700.000 0.325
4701.000 0.322
4702.000 0.317
4703.000 0.315
4704.000 0.312
4705.000 0.311
4706.000 0.306
4707.000 0.303
4708.000 0.302
4709.000 0.300
4710.000 0.298
4711.000 0.294
4712.000 0.293
4713.000 0.289
4714.000 0.285
4715.000 0.286
4716.000 0.282
4717.000 0.281
4718.000 0.279
4719.000 0.276
4720.000 0.275
4721.000 0.273
4722.000 0.270
4723.000 0.267
4724.000 0.267
4725.000 0.262
4726.000 0.262
4727.000 0.261
4728.000 0.258
4729.000 0.256
4730.000 0.256
4731.000 0.253
4732.000 0.252
4733.000 0.250
4734.000 0.249
4735.000 0.246
4736.000 0.244
4737.000 0.243
4738.000 0.241
4739.000 0.240
4740.000 0.236
4741.000 0.237
4742.000 0.234
4743.000 0.233
4744.000 0.232
4745.000 0.231
4746.000 0.228
4747.000 0.228
4748.000 0.225
4749.000 0.223
4750.000 0.222
4751.000 0.221
4752.000 0.222
4753.000 0.220
4754.000 0.219
4755.000 0.218
4756.000 0.215
4757.000 0.214
4758.000 0.213
4759.000 0.211
4760.000 0.210
4761.000 0.210
4762.000 0.207
4763.000 0.207
4764.000 0.206
4765.000 0.205
4766.000 0.202
4767.000 0.202
4768.000 0.201
4769.000 0.200
4770.000 0.200
4771.000 0.198
4772.000 0.197
4773.000 0.197
4774.000 0.196
4775.000 0.193
4776.000 0.193
4777.000 0.192
4778.000 0.189
4779.000 0.192
4780.000 0.189
4781.000 0.187
4782.000 0.188
4783.000 0.185
4784.000 0.185
4785.000 0.184
4786.000 0.182
4787.000 0.183
4788.000 0.182
4789.000 0.181
4790.000 0.180
4791.000 0.177
4792.000 0.178
4793.000 0.178
4794.000 0.177
4795.000 0.174
4796.000 0.175
4797.000 0.174
4798.000 0.172
4799.000 0.172
4800.000 0.171
4801.000 0.170
4802.000 0.170
4803.000 0.169
4804.000 0.169
4805.000 0.166
4806.000 0.166
4807.000 0.166
4808.000 0.165
4809.000 0.163
4810.000 0.164
4811.000 0.162
4812.000 0.162
4813.000 0.163
4814.000 0.161
4815.000 0.161
4816.000 0.159
4817.000 0.160
4818.000 0.157
4819.000 0.157
4820.000 0.157
4821.000 0.156
4822.000 0.157
4823.000 0.155
4824.000 0.153
4825.000 0.153
4826.000 0.153
4827.000 0.154
4828.000 0.152
4829.000 0.151
4830.000 0.149
4831.000 0.150
4832.000 0.149
4833.000 0.148
4834.000 0.147
4835.000 0.148
4836.000 0.148
4837.000 0.145
4838.000 0.146
4839.000 0.146
4840.000 0.143
4841.000 0.144
4842.000 0.142
4843.000 0.143
4844.000 0.141
4845.000 0.142
4846.000 0.141
4847.000 0.141
4848.000 0.140
4849.000 0.138
4850.000 0.139
4851.000 0.139
4852.000 0.139
4853.000 0.137
4854.000 0.138
4855.000 0.136
4856.000 0.136
4857.000 0.136
4858.000 0.135
4859.000 0.135
4860.000 0.133
4861.000 0.131
4862.000 0.133
4863.000 0.132
4864.000 0.131
4865.000 0.132
4866.000 0.130
4867.000 0.130
4868.000 0.129
4869.000 0.130
4870.000 0.130
4871.000 0.128
4872.000 0.129
4873.000 0.128
4874.000 0.127
4875.000 0.128
4876.000 0.127
4877.000 0.127
4878.000 0.124
4879.000 0.124
4880.000 0.123
4881.000 0.124
4882.000 0.124
4883.000 0.122
4884.000 0.122
4885.000 0.122
4886.000 0.121
4887.000 0.122
4888.000 0.120
4889.000 0.122
4890.000 0.121
4891.000 0.120
4892.000 0.120
4893.000 0.118
4894.000 0.117
4895.000 0.117
4896.000 0.116
4897.000 0.119
4898.000 0.118
4899.000 0.117
4900.000 0.115
4901.000 0.115
4902.000 0.114
4903.000 0.114
4904.000 0.115
4905.000 0.114
4906.000 0.115
4907.000 0.114
4908.000 0.114
4909.000 0.113
4910.000 0.113
4911.000 0.113
4912.000 0.111
4913.000 0.110
4914.000 0.110
4915.000 0.111
4916.000 0.111
4917.000 0.109
4918.000 0.110
4919.000 0.109
4920.000 0.109
4921.000 0.110
4922.000 0.107
4923.000 0.108
4924.000 0.107
4925.000 0.106
4926.000 0.107
4927.000 0.107
4928.000 0.106
4929.000 0.106
4930.000 0.105
4931.000 0.104
4932.000 0.106
4933.000 0.105
4934.000 0.104
4935.000 0.105
4936.000 0.106
4937.000 0.102
4938.000 0.102
4939.000 0.101
4940.000 0.103
4941.000 0.102
4942.000 0.102
4943.000 0.101
4944.000 0.102
4945.000 0.102
4946.000 0.102
4947.000 0.100
4948.000 0.100
4949.000 0.099
4950.000 0.099
4951.000 0.101
4952.000 0.100
4953.000 0.099
4954.000 0.099
4955.000 0.098
4956.000 0.097
4957.000 0.097
4958.000 0.096
4959.000 0.097
4960.000 0.097
4961.000 0.097
4962.000 0.096
4963.000 0.095
4964.000 0.096
4965.000 0.095
4966.000 0.094
4967.000 0.094
4968.000 0.094
4969.000 0.093
4970.000 0.093
4971.000 0.095
4972.000 0.092
4973.000 0.093
4974.000 0.092
4975.000 0.092
4976.000 0.092
4977.000 0.093
4978.000 0.092
4979.000 0.092
4980.000 0.091
4981.000 0.092
4982.000 0.090
4983.000 0.091
4984.000 0.090
4985.000 0.090
4986.000 0.091
4987.000 0.090
4988.000 0.089
4989.000 0.090
4990.000 0.088
4991.000 0.090
4992.000 0.088
4993.000 0.089
4994.000 0.089
4995.000 0.089
4996.000 0.089
4997.000 0.088
4998.000 0.087
4999.000 0.088
5000.000 0.087
5001.000 0.086
5002.000 0.086
5003.000 0.087
5004.000 0.087
5005.000 0.086
5006.000 0.087
5007.000 0.084
5008.000 0.086
5009.000 0.086
5010.000 0.085
5011.000 0.082
5012.000 0.084
5013.000 0.084
5014.000 0.084
5015.000 0.084
5016.000 0.084
5017.000 0.083
5018.000 0.082
5019.000 0.083
5020.000 0.083
5021.000 0.082
5022.000 0.081
5023.000 0.082
5024.000 0.082
5025.000 0.082
5026.000 0.081
5027.000 0.083
5028.000 0.081
5029.000 0.081
5030.000 0.080
5031.000 0.081
5032.000 0.079
5033.000 0.081
5034.000 0.080
5035.000 0.080
5036.000 0.079
5037.000 0.079
5038.000 0.080
5039.000 0.079
5040.000 0.078
5041.000 0.079
5042.000 0.079
5043.000 0.078
5044.000 0.077
5045.000 0.079
5046.000 0.078
5047.000 0.077
5048.000 0.078
5049.000 0.078
5050.000 0.076
5051.000 0.077
5052.000 0.077
5053.000 0.077
5054.000 0.078
5055.000 0.076
5056.000 0.077
5057.000 0.075
5058.000 0.076
5059.000 0.075
5060.000 0.075
5061.000 0.075
5062.000 0.075
5063.000 0.075
5064.000 0.076
5065.000 0.074
5066.000 0.074
5067.000 0.073
5068.000 0.074
5069.000 0.074
5070.000 0.073
5071.000 0.072
5072.000 0.074
5073.000 0.074
5074.000 0.074
5075.000 0.072
5076.000 0.073
5077.000 0.072
5078.000 0.073
5079.000 0.072
5080.000 0.072
5081.000 0.071
5082.000 0.073
5083.000 0.071
5084.000 0.072
5085.000 0.072
5086.000 0.071
5087.000 0.072
5088.000 0.071
5089.000 0.071
5090.000 0.071
5091.000 0.071
5092.000 0.070
5093.000 0.071
5094.000 0.069
5095.000 0.070
5096.000 0.071
5097.000 0.069
5098.000 0.071
5099.000 0.069
5100.000 0.071
5101.000 0.069
5102.000 0.069
5103.000 0.068
5104.000 0.069
5105.000 0.067
5106.000 0.068
5107.000 0.069
5108.000 0.069
5109.000 0.068
5110.000 0.068
5111.000 0.067
5112.000 0.067
5113.000 0.066
5114.000 0.066
5115.000 0.067
5116.000 0.067
5117.000 0.067
5118.000 0.068
5119.000 0.067
5120.000 0.067
5121.000 0.066
5122.000 0.067
5123.000 0.067
5124.000 0.067
5125.000 0.066
5126.000 0.065
5127.000 0.067
5128.000 0.065
5129.000 0.065
5130.000 0.065
5131.000 0.065
5132.000 0.066
5133.000 0.064
5134.000 0.065
5135.000 0.065
5136.000 0.065
5137.000 0.064
5138.000 0.064
5139.000 0.064
5140.000 0.064
5141.000 0.065
5142.000 0.064
5143.000 0.063
5144.000 0.062
5145.000 0.064
5146.000 0.063
5147.000 0.063
5148.000 0.062
5149.000 0.064
5150.000 0.063
5151.000 0.063
5152.000 0.063
5153.000 0.062
5154.000 0.063
5155.000 0.063
5156.000 0.062
5157.000 0.061
5158.000 0.061
5159.000 0.062
5160.000 0.062
5161.000 0.062
5162.000 0.061
5163.000 0.061
5164.000 0.060
5165.000 0.061
5166.000 0.061
5167.000 0.060
5168.000 0.062
5169.000 0.060
5170.000 0.060
5171.000 0.061
5172.000 0.061
5173.000 0.060
5174.000 0.062
5175.000 0.060
5176.000 0.060
5177.000 0.059
5178.000 0.060
5179.000 0.060
5180.000 0.059
5181.000 0.059
5182.000 0.059
5183.000 0.059
5184.000 0.060
5185.000 0.060
5186.000 0.058
5187.000 0.059
5188.000 0.060
5189.000 0.058
5190.000 0.060
5191.000 0.059
5192.000 0.058
5193.000 0.058
5194.000 0.058
5195.000 0.058
5196.000 0.058
5197.000 0.058
5198.000 0.058
5199.000 0.058
5200.000 0.058
5201.000 0.058
5202.000 0.057
5203.000 0.056
5204.000 0.057
5205.000 0.058
5206.000 0.058
5207.000 0.056
5208.000 0.057
5209.000 0.057
5210.000 0.058
5211.000 0.057
5212.000 0.056
5213.000 0.058
5214.000 0.056
5215.000 0.055
5216.000 0.057
5217.000 0.056
5218.000 0.055
5219.000 0.057
5220.000 0.056
5221.000 0.056
5222.000 0.055
5223.000 0.055
5224.000 0.056
5225.000 0.055
5226.000 0.054
5227.000 0.055
5228.000 0.055
5229.000 0.056
5230.000 0.055
5231.000 0.055
5232.000 0.055
5233.000 0.055
5234.000 0.055
5235.000 0.054
5236.000 0.054
5237.000 0.054
5238.000 0.054
5239.000 0.054
5240.000 0.054
5241.000 0.055
5242.000 0.054
5243.000 0.054
5244.000 0.054
5245.000 0.053
5246.000 0.053
5247.000 0.054
5248.000 0.053
5249.000 0.053
5250.000 0.052
5251.000 0.053
5252.000 0.053
5253.000 0.053
5254.000 0.054
5255.000 0.055
5256.000 0.054
5257.000 0.052
5258.000 0.052
5259.000 0.051
5260.000 0.052
5261.000 0.051
5262.000 0.052
5263.000 0.052
5264.000 0.051
5265.000 0.051
5266.000 0.053
5267.000 0.051
5268.000 0.051
5269.000 0.051
5270.000 0.051
5271.000 0.051
5272.000 0.051
5273.000 0.051
5274.000 0.051
5275.000 0.051
5276.000 0.050
5277.000 0.050
5278.000 0.051
5279.000 0.051
5280.000 0.052
5281.000 0.051
5282.000 0.049
5283.000 0.050
5284.000 0.051
5285.000 0.051
5286.000 0.051
5287.000 0.052
5288.000 0.049
5289.000 0.050
5290.000 0.050
5291.000 0.050
5292.000 0.050
5293.000 0.050
5294.000 0.050
5295.000 0.049
5296.000 0.049
5297.000 0.048
5298.000 0.051
5299.000 0.050
5300.000 0.051
5301.000 0.050
5302.000 0.050
5303.000 0.049
5304.000 0.048
5305.000 0.048
5306.000 0.049
5307.000 0.047
5308.000 0.047
5309.000 0.048
5310.000 0.049
5311.000 0.048
5312.000 0.047
5313.000 0.047
5314.000 0.049
5315.000 0.048
5316.000 0.048
5317.000 0.048
5318.000 0.048
5319.000 0.048
5320.000 0.047
5321.000 0.048
5322.000 0.047
5323.000 0.047
5324.000 0.047
5325.000 0.047
5326.000 0.046
5327.000 0.046
5328.000 0.047
5329.000 0.047
5330.000 0.048
5331.000 0.047
5332.000 0.047
5333.000 0.046
5334.000 0.047
5335.000 0.046
5336.000 0.046
5337.000 0.045
5338.000 0.046
5339.000 0.046
5340.000 0.046
5341.000 0.047
5342.000 0.045
5343.000 0.046
5344.000 0.046
5345.000 0.045
5346.000 0.046
5347.000 0.045
5348.000 0.046
5349.000 0.045
5350.000 0.045
5351.000 0.044
5352.000 0.045
5353.000 0.045
5354.000 0.044
5355.000 0.044
5356.000 0.044
5357.000 0.045
5358.000 0.045
5359.000 0.044
5360.000 0.044
5361.000 0.046
5362.000 0.043
5363.000 0.044
5364.000 0.045
5365.000 0.045
5366.000 0.044
5367.000 0.044
5368.000 0.044
5369.000 0.044
5370.000 0.045
5371.000 0.043
5372.000 0.045
5373.000 0.044
5374.000 0.045
5375.000 0.044
5376.000 0.043
5377.000 0.043
5378.000 0.043
5379.000 0.043
5380.000 0.044
5381.000 0.043
5382.000 0.043
5383.000 0.043
5384.000 0.043
5385.000 0.042
5386.000 0.044
5387.000 0.044
5388.000 0.042
5389.000 0.043
5390.000 0.042
5391.000 0.043
5392.000 0.043
5393.000 0.042
5394.000 0.042
5395.000 0.041
5396.000 0.042
5397.000 0.040
5398.000 0.042
5399.000 0.042
5400.000 0.042
5401.000 0.043
5402.000 0.041
5403.000 0.041
5404.000 0.042
5405.000 0.041
5406.000 0.042
5407.000 0.042
5408.000 0.040
5409.000 0.042
5410.000 0.043
5411.000 0.041
5412.000 0.041
5413.000 0.040
5414.000 0.040
5415.000 0.041
5416.000 0.042
5417.000 0.040
5418.000 0.041
5419.000 0.042
5420.000 0.042
5421.000 0.041
5422.000 0.041
5423.000 0.040
5424.000 0.040
5425.000 0.040
5426.000 0.040
5427.000 0.039
5428.000 0.041
5429.000 0.040
5430.000 0.039
5431.000 0.039
5432.000 0.039
5433.000 0.041
5434.000 0.040
5435.000 0.039
5436.000 0.040
5437.000 0.040
5438.000 0.039
5439.000 0.040
5440.000 0.039
5441.000 0.040
5442.000 0.040
5443.000 0.040
5444.000 0.040
5445.000 0.039
5446.000 0.039
5447.000 0.038
5448.000 0.038
5449.000 0.039
5450.000 0.041
5451.000 0.039
5452.000 0.039
5453.000 0.039
5454.000 0.037
5455.000 0.038
5456.000 0.039
5457.000 0.038
5458.000 0.038
5459.000 0.039
5460.000 0.039
5461.000 0.038
5462.000 0.039
5463.000 0.038
5464.000 0.037
5465.000 0.038
5466.000 0.039
5467.000 0.037
5468.000 0.038
5469.000 0.038
5470.000 0.038
5471.000 0.039
5472.000 0.038
5473.000 0.038
5474.000 0.038
5475.000 0.037
5476.000 0.038
5477.000 0.038
5478.000 0.038
5479.000 0.039
5480.000 0.038
5481.000 0.037
5482.000 0.037
5483.000 0.038
5484.000 0.037
5485.000 0.037
5486.000 0.037
5487.000 0.039
5488.000 0.036
5489.000 0.038
5490.000 0.039
5491.000 0.036
5492.000 0.037
5493.000 0.037
5494.000 0.037
5495.000 0.037
5496.000 0.038
5497.000 0.037
5498.000 0.037
5499.000 0.038
5500.000 0.036
5501.000 0.035
5502.000 0.037
5503.000 0.037
5504.000 0.037
5505.000 0.036
5506.000 0.037
5507.000 0.036
5508.000 0.036
5509.000 0.037
5510.000 0.036
5511.000 0.037
5512.000 0.036
5513.000 0.036
5514.000 0.036
5515.000 0.036
5516.000 0.035
5517.000 0.037
5518.000 0.037
5519.000 0.036
5520.000 0.036
5521.000 0.036
5522.000 0.037
5523.000 0.036
5524.000 0.037
5525.000 0.036
5526.000 0.036
5527.000 0.037
5528.000 0.036
5529.000 0.036
5530.000 0.036
5531.000 0.037
5532.000 0.035
5533.000 0.037
5534.000 0.034
5535.000 0.035
5536.000 0.035
5537.000 0.035
5538.000 0.035
5539.000 0.035
5540.000 0.036
5541.000 0.036
5542.000 0.035
5543.000 0.035
5544.000 0.035
5545.000 0.035
5546.000 0.035
5547.000 0.035
5548.000 0.034
5549.000 0.035
5550.000 0.035
5551.000 0.035
5552.000 0.035
5553.000 0.035
5554.000 0.036
5555.000 0.034
5556.000 0.035
5557.000 0.035
5558.000 0.035
5559.000 0.035
5560.000 0.034
5561.000 0.036
5562.000 0.036
5563.000 0.034
5564.000 0.034
5565.000 0.035
5566.000 0.034
5567.000 0.034
5568.000 0.034
5569.000 0.035
5570.000 0.034
5571.000 0.035
5572.000 0.034
5573.000 0.034
5574.000 0.034
5575.000 0.035
5576.000 0.034
5577.000 0.033
5578.000 0.035
5579.000 0.035
5580.000 0.034
5581.000 0.035
5582.000 0.034
5583.000 0.033
5584.000 0.033
5585.000 0.034
5586.000 0.034
5587.000 0.033
5588.000 0.033
5589.000 0.034
5590.000 0.033
5591.000 0.034
5592.000 0.035
5593.000 0.033
5594.000 0.034
5595.000 0.034
5596.000 0.033
5597.000 0.033
5598.000 0.033
5599.000 0.034
5600.000 0.033
5601.000 0.033
5602.000 0.036
5603.000 0.033
5604.000 0.034
5605.000 0.034
5606.000 0.034
5607.000 0.033
5608.000 0.034
5609.000 0.033
5610.000 0.034
5611.000 0.033
5612.000 0.034
5613.000 0.033
5614.000 0.033
5615.000 0.033
5616.000 0.033
5617.000 0.034
5618.000 0.033
5619.000 0.033
5620.000 0.033
5621.000 0.033
5622.000 0.034
5623.000 0.033
5624.000 0.033
5625.000 0.033
5626.000 0.034
5627.000 0.033
5628.000 0.034
5629.000 0.032
5630.000 0.033
5631.000 0.033
5632.000 0.032
5633.000 0.032
5634.000 0.034
5635.000 0.032
5636.000 0.033
5637.000 0.033
5638.000 0.032
5639.000 0.033
5640.000 0.033
5641.000 0.032
5642.000 0.032
5643.000 0.032
5644.000 0.032
5645.000 0.032
5646.000 0.033
5647.000 0.032
5648.000 0.033
5649.000 0.033
5650.000 0.033
5651.000 0.032
5652.000 0.032
5653.000 0.034
5654.000 0.034
5655.000 0.034
5656.000 0.032
5657.000 0.032
5658.000 0.033
5659.000 0.033
5660.000 0.032
5661.000 0.031
5662.000 0.032
5663.000 0.033
5664.000 0.033
5665.000 0.033
5666.000 0.032
5667.000 0.032
5668.000 0.033
5669.000 0.033
5670.000 0.033
5671.000 0.033
5672.000 0.032
5673.000 0.031
5674.000 0.032
5675.000 0.033
5676.000 0.032
5677.000 0.032
5678.000 0.033
5679.000 0.033
5680.000 0.033
5681.000 0.031
5682.000 0.032
5683.000 0.031
5684.000 0.032
5685.000 0.031
5686.000 0.032
5687.000 0.034
5688.000 0.032
5689.000 0.033
5690.000 0.032
5691.000 0.031
5692.000 0.031
5693.000 0.032
5694.000 0.032
5695.000 0.032
5696.000 0.032
5697.000 0.032
5698.000 0.033
5699.000 0.032
5700.000 0.032
5701.000 0.032
5702.000 0.032
5703.000 0.031
5704.000 0.031
5705.000 0.031
5706.000 0.032
5707.000 0.033
5708.000 0.031
5709.000 0.034
5710.000 0.032
5711.000 0.032
5712.000 0.033
5713.000 0.031
5714.000 0.032
5715.000 0.032
5716.000 0.033
5717.000 0.031
5718.000 0.031
5719.000 0.032
5720.000 0.032
5721.000 0.032
5722.000 0.032
5723.000 0.032
5724.000 0.031
5725.000 0.033
5726.000 0.031
5727.000 0.032
5728.000 0.033
5729.000 0.031
5730.000 0.032
5731.000 0.032
5732.000 0.031
5733.000 0.031
5734.000 0.034
5735.000 0.032
5736.000 0.032
5737.000 0.033
5738.000 0.032
5739.000 0.031
5740.000 0.032
5741.000 0.031
5742.000 0.032
5743.000 0.032
5744.000 0.032
5745.000 0.032
5746.000 0.032
5747.000 0.032
5748.000 0.032
5749.000 0.034
5750.000 0.032
5751.000 0.030
5752.000 0.032
5753.000 0.031
5754.000 0.030
5755.000 0.032
5756.000 0.032
5757.000 0.031
5758.000 0.031
5759.000 0.032
5760.000 0.032
5761.000 0.032
5762.000 0.031
5763.000 0.032
5764.000 0.032
5765.000 0.032
5766.000 0.032
5767.000 0.031
5768.000 0.033
5769.000 0.032
5770.000 0.031
5771.000 0.032
5772.000 0.032
5773.000 0.031
5774.000 0.032
5775.000 0.032
5776.000 0.031
5777.000 0.031
5778.000 0.032
5779.000 0.032
5780.000 0.032
5781.000 0.032
5782.000 0.031
5783.000 0.031
5784.000 0.031
5785.000 0.032
5786.000 0.032
5787.000 0.031
5788.000 0.031
5789.000 0.032
5790.000 0.032
5791.000 0.032
5792.000 0.032
5793.000 0.032
5794.000 0.031
5795.000 0.032
5796.000 0.032
5797.000 0.032
5798.000 0.031
5799.000 0.033
5800.000 0.031
5801.000 0.033
5802.000 0.032
5803.000 0.031
5804.000 0.031
5805.000 0.031
5806.000 0.031
5807.000 0.033
5808.000 0.032
5809.000 0.032
5810.000 0.032
5811.000 0.032
5812.000 0.032
5813.000 0.033
5814.000 0.031
5815.000 0.033
5816.000 0.033
5817.000 0.031
5818.000 0.032
5819.000 0.031
5820.000 0.031
5821.000 0.032
5822.000 0.032
5823.000 0.032
5824.000 0.030
5825.000 0.031
5826.000 0.032
5827.000 0.032
5828.000 0.032
5829.000 0.032
5830.000 0.032
5831.000 0.031
5832.000 0.031
5833.000 0.030
5834.000 0.031
5835.000 0.033
5836.000 0.032
5837.000 0.032
5838.000 0.032
5839.000 0.032
5840.000 0.033
5841.000 0.032
5842.000 0.031
5843.000 0.031
5844.000 0.031
5845.000 0.030
5846.000 0.031
5847.000 0.031
5848.000 0.031
5849.000 0.031
5850.000 0.031
5851.000 0.033
5852.000 0.032
5853.000 0.032
5854.000 0.032
5855.000 0.031
5856.000 0.032
5857.000 0.033
5858.000 0.032
5859.000 0.031
5860.000 0.031
5861.000 0.033
5862.000 0.032
5863.000 0.032
5864.000 0.031
5865.000 0.031
5866.000 0.032
5867.000 0.032
5868.000 0.032
5869.000 0.031
5870.000 0.032
5871.000 0.032
5872.000 0.032
5873.000 0.031
5874.000 0.032
5875.000 0.032
5876.000 0.032
5877.000 0.032
5878.000 0.033
5879.000 0.031
5880.000 0.030
5881.000 0.032
5882.000 0.033
5883.000 0.031
5884.000 0.032
5885.000 0.032
5886.000 0.032
5887.000 0.032
5888.000 0.031
5889.000 0.032
5890.000 0.032
5891.000 0.031
5892.000 0.032
5893.000 0.033
5894.000 0.034
5895.000 0.032
5896.000 0.031
5897.000 0.033
5898.000 0.032
5899.000 0.032
5900.000 0.032
5901.000 0.031
5902.000 0.032
5903.000 0.032
5904.000 0.033
5905.000 0.032
5906.000 0.032
5907.000 0.034
5908.000 0.032
5909.000 0.032
5910.000 0.032
5911.000 0.032
5912.000 0.031
5913.000 0.032
5914.000 0.032
5915.000 0.033
5916.000 0.032
5917.000 0.033
5918.000 0.033
5919.000 0.032
5920.000 0.031
5921.000 0.033
5922.000 0.032
5923.000 0.032
5924.000 0.033
5925.000 0.032
5926.000 0.032
5927.000 0.033
5928.000 0.033
5929.000 0.032
5930.000 0.032
5931.000 0.033
5932.000 0.033
5933.000 0.031
5934.000 0.033
5935.000 0.033
5936.000 0.031
5937.000 0.032
5938.000 0.032
5939.000 0.033
5940.000 0.032
5941.000 0.033
5942.000 0.033
5943.000 0.032
5944.000 0.032
5946.000 0.033
5947.000 0.032
5948.000 0.033
5949.000 0.032
5950.000 0.033
5951.000 0.033
5952.000 0.032
5953.000 0.032
5954.000 0.032
5955.000 0.032
5956.000 0.033
5957.000 0.032
5958.000 0.034
5959.000 0.033
5960.000 0.033
5961.000 0.032
5962.000 0.033
5963.000 0.033
5964.000 0.033
5965.000 0.032
5966.000 0.032
5967.000 0.033
5968.000 0.032
5969.000 0.032
5970.000 0.032
5971.000 0.033
5972.000 0.032
5973.000 0.033
5974.000 0.032
5975.000 0.032
5976.000 0.033
5977.000 0.032
5978.000 0.031
5979.000 0.031
5980.000 0.033
5981.000 0.033
5982.000 0.034
5983.000 0.033
5984.000 0.033
5985.000 0.031
5986.000 0.032
5987.000 0.032
5988.000 0.033
5989.000 0.033
5990.000 0.031
5991.000 0.032
5992.000 0.032
5993.000 0.032
5994.000 0.033
5995.000 0.032
5996.000 0.032
5997.000 0.033
5998.000 0.033
5999.000 0.032
6000.000 0.032
6001.000 0.035
6002.000 0.033
6003.000 0.033
6004.000 0.032
6005.000 0.032
6006.000 0.031
6007.000 0.033
6008.000 0.033
6009.000 0.033
6010.000 0.033
6011.000 0.032
6012.000 0.032
6013.000 0.032
6014.000 0.032
6015.000 0.032
6016.000 0.033
6017.000 0.032
6018.000 0.032
6019.000 0.032
6020.000 0.033
6021.000 0.033
6022.000 0.032
6023.000 0.033
6024.000 0.032
6025.000 0.032
6026.000 0.032
6027.000 0.032
6028.000 0.033
6029.000 0.031
6030.000 0.033
6031.000 0.031
6032.000 0.032
6033.000 0.032
6034.000 0.031
6035.000 0.031
6036.000 0.032
6037.000 0.031
6038.000 0.033
6039.000 0.033
6040.000 0.033
6041.000 0.033
6042.000 0.031
6043.000 0.032
6044.000 0.031
6045.000 0.033
6046.000 0.032
6047.000 0.031
6048.000 0.033
6049.000 0.031
6050.000 0.032
6051.000 0.032
6052.000 0.031
6053.000 0.031
6054.000 0.032
6055.000 0.031
6056.000 0.032
6057.000 0.031
6058.000 0.031
6059.000 0.032
6060.000 0.032
6061.000 0.031
6062.000 0.032
6063.000 0.032
6064.000 0.031
6065.000 0.031
6066.000 0.031
6067.000 0.030
6068.000 0.032
6069.000 0.031
6070.000 0.032
6071.000 0.031
6072.000 0.032
6073.000 0.031
6074.000 0.031
6075.000 0.031
6076.000 0.033
6077.000 0.032
6078.000 0.032
6079.000 0.031
6080.000 0.032
6081.000 0.032
6082.000 0.032
6083.000 0.032
6084.000 0.031
6085.000 0.031
6086.000 0.032
6087.000 0.031
6088.000 0.031
6089.000 0.032
6090.000 0.031
6091.000 0.032
6092.000 0.031
6093.000 0.032
6094.000 0.032
6095.000 0.031
6096.000 0.031
6097.000 0.031
6098.000 0.032
6099.000 0.032
6100.000 0.031
6101.000 0.031
6102.000 0.032
6103.000 0.030
6104.000 0.031
6105.000 0.032
6106.000 0.032
6107.000 0.032
6108.000 0.031
6109.000 0.032
6110.000 0.032
6111.000 0.032
6112.000 0.031
6113.000 0.032
6114.000 0.032
6115.000 0.031
6116.000 0.030
6117.000 0.032
6118.000 0.032
6119.000 0.032
6120.000 0.033
6121.000 0.031
6122.000 0.032
6123.000 0.031
6124.000 0.031
6125.000 0.033
6126.000 0.033
6127.000 0.032
6128.000 0.031
6129.000 0.032
6130.000 0.033
6131.000 0.032
6132.000 0.032
6133.000 0.033
6134.000 0.031
6136.000 0.033
6137.000 0.032
6138.000 0.032
6139.000 0.031
6140.000 0.032
6141.000 0.033
6142.000 0.033
6143.000 0.033
6144.000 0.032
6145.000 0.033
6146.000 0.033
6147.000 0.033
6148.000 0.031
6149.000 0.032
6150.000 0.032
6151.000 0.032
6152.000 0.033
6153.000 0.032
6154.000 0.033
6155.000 0.032
6156.000 0.032
6157.000 0.033
6158.000 0.034
6159.000 0.033
6160.000 0.032
6161.000 0.032
6162.000 0.033
6163.000 0.033
6164.000 0.032
6165.000 0.033
6166.000 0.032
6167.000 0.033
6168.000 0.033
6169.000 0.034
6170.000 0.032
6171.000 0.033
6172.000 0.034
6173.000 0.033
6174.000 0.032
6175.000 0.033
6176.000 0.033
6177.000 0.032
6178.000 0.034
6179.000 0.035
6180.000 0.033
6181.000 0.032
6182.000 0.032
6183.000 0.033
6184.000 0.034
6185.000 0.033
6186.000 0.035
6187.000 0.032
6188.000 0.033
6189.000 0.032
6190.000 0.032
6191.000 0.035
6192.000 0.034
6193.000 0.033
6194.000 0.035
6195.000 0.033
6196.000 0.034
6197.000 0.033
6198.000 0.034
6199.000 0.034
6200.000 0.035
6201.000 0.034
6202.000 0.033
6203.000 0.035
6204.000 0.034
6205.000 0.034
6206.000 0.035
6207.000 0.034
6208.000 0.036
6209.000 0.035
6210.000 0.034
6211.000 0.034
6212.000 0.034
6213.000 0.035
6214.000 0.034
6215.000 0.034
6216.000 0.034
6217.000 0.034
6218.000 0.034
6219.000 0.034
6220.000 0.035
6221.000 0.035
6222.000 0.034
6223.000 0.035
6224.000 0.034
6225.000 0.035
6226.000 0.035
6227.000 0.034
6228.000 0.035
6229.000 0.034
6230.000 0.035
6231.000 0.035
6232.000 0.035
6233.000 0.034
6234.000 0.034
6235.000 0.034
6236.000 0.034
6237.000 0.035
6238.000 0.034
6239.000 0.034
6240.000 0.035
6241.000 0.034
6242.000 0.034
6243.000 0.035
6244.000 0.035
6245.000 0.035
6246.000 0.035
6247.000 0.035
6248.000 0.036
6249.000 0.034
6250.000 0.035
6251.000 0.036
6252.000 0.034
6253.000 0.036
6254.000 0.036
6255.000 0.035
6256.000 0.034
6257.000 0.036
6258.000 0.036
6259.000 0.036
6260.000 0.035
6261.000 0.035
6262.000 0.034
6263.000 0.035
6264.000 0.035
6265.000 0.036
6266.000 0.035
6267.000 0.036
6268.000 0.036
6269.000 0.037
6270.000 0.036
6271.000 0.036
6272.000 0.035
6273.000 0.035
6274.000 0.034
6275.000 0.035
6276.000 0.036
6277.000 0.036
6278.000 0.036
6279.000 0.036
6280.000 0.035
6281.000 0.036
6282.000 0.036
6283.000 0.036
6284.000 0.036
6285.000 0.036
6286.000 0.037
6287.000 0.035
6288.000 0.035
6289.000 0.036
6290.000 0.036
6291.000 0.036
6292.000 0.037
6293.000 0.036
6294.000 0.037
6295.000 0.037
6296.000 0.036
6297.000 0.037
6298.000 0.036
6299.000 0.037
6300.000 0.038
6301.000 0.037
6302.000 0.036
6303.000 0.037
6304.000 0.037
6305.000 0.038
6306.000 0.037
6307.000 0.038
6308.000 0.038
6309.000 0.037
6310.000 0.037
6311.000 0.038
6312.000 0.038
6313.000 0.038
6314.000 0.038
6315.000 0.037
6316.000 0.038
6317.000 0.037
6318.000 0.037
6319.000 0.038
6320.000 0.038
6321.000 0.037
6322.000 0.038
6323.000 0.038
6325.000 0.039
6326.000 0.038
6327.000 0.039
6328.000 0.038
6329.000 0.039
6330.000 0.038
6331.000 0.039
6332.000 0.038
6333.000 0.038
6334.000 0.038
6335.000 0.039
6336.000 0.039
6337.000 0.039
6338.000 0.039
6339.000 0.039
6340.000 0.039
6341.000 0.038
6342.000 0.039
6343.000 0.039
6344.000 0.039
6345.000 0.039
6346.000 0.038
6347.000 0.038
6348.000 0.040
6349.000 0.039
6350.000 0.040
6351.000 0.038
6352.000 0.039
6353.000 0.039
6354.000 0.040
6355.000 0.038
6356.000 0.039
6357.000 0.040
6358.000 0.039
6359.000 0.040
6360.000 0.041
6361.000 0.040
6362.000 0.040
6363.000 0.041
6364.000 0.041
6365.000 0.041
6366.000 0.042
6367.000 0.041
6368.000 0.040
6369.000 0.040
6370.000 0.040
6371.000 0.042
6372.000 0.041
6373.000 0.041
6374.000 0.041
6375.000 0.040
6377.000 0.041
6378.000 0.042
6379.000 0.042
6380.000 0.040
6381.000 0.041
6382.000 0.041
6383.000 0.042
6384.000 0.041
6385.000 0.042
6386.000 0.041
6387.000 0.042
6388.000 0.041
6389.000 0.042
6390.000 0.042
6391.000 0.042
6392.000 0.042
6393.000 0.042
6394.000 0.041
6395.000 0.042
6396.000 0.043
6397.000 0.042
6398.000 0.044
6399.000 0.043
6400.000 0.042
6401.000 0.043
6402.000 0.043
6403.000 0.044
6404.000 0.043
6405.000 0.043
6406.000 0.043
6407.000 0.043
6408.000 0.043
6409.000 0.044
6410.000 0.043
6412.000 0.043
6413.000 0.044
6414.000 0.044
6415.000 0.043
6416.000 0.043
6417.000 0.044
6418.000 0.045
6419.000 0.043
6420.000 0.045
6421.000 0.044
6422.000 0.044
6423.000 0.043
6424.000 0.046
6425.000 0.045
6426.000 0.045
6427.000 0.046
6428.000 0.045
6429.000 0.045
6430.000 0.045
6431.000 0.046
6432.000 0.045
6433.000 0.046
6434.000 0.046
6435.000 0.046
6436.000 0.045
6437.000 0.048
6438.000 0.045
6439.000 0.046
6440.000 0.046
6441.000 0.047
6442.000 0.046
6443.000 0.047
6445.000 0.046
6446.000 0.046
6447.000 0.046
6448.000 0.047
6449.000 0.047
6450.000 0.047
6451.000 0.047
6452.000 0.049
6453.000 0.048
6454.000 0.048
6455.000 0.048
6456.000 0.049
6457.000 0.049
6458.000 0.047
6459.000 0.049
6460.000 0.049
6461.000 0.049
6462.000 0.048
6463.000 0.049
6464.000 0.049
6465.000 0.049
6466.000 0.049
6468.000 0.050
6469.000 0.049
6470.000 0.048
6471.000 0.049
6472.000 0.050
6473.000 0.050
6474.000 0.050
6475.000 0.050
6476.000 0.051
6477.000 0.050
6478.000 0.049
6479.000 0.050
6480.000 0.052
6481.000 0.050
6482.000 0.050
6483.000 0.051
6484.000 0.052
6485.000 0.051
6486.000 0.051
6487.000 0.051
6488.000 0.052
6489.000 0.053
6490.000 0.051
6491.000 0.052
6492.000 0.053
6493.000 0.053
6494.000 0.051
6496.000 0.053
6497.000 0.052
6498.000 0.053
6499.000 0.052
6500.000 0.054
6501.000 0.052
6502.000 0.054
6503.000 0.053
6504.000 0.052
6505.000 0.053
6506.000 0.054
6507.000 0.053
6508.000 0.055
6509.000 0.055
6510.000 0.055
6511.000 0.053
6512.000 0.054
6513.000 0.055
6514.000 0.055
6515.000 0.055
6516.000 0.054
6517.000 0.055
6518.000 0.055
6519.000 0.056
6520.000 0.055
6521.000 0.055
6522.000 0.055
6523.000 0.057
6525.000 0.057
6526.000 0.057
6527.000 0.056
6528.000 0.056
6529.000 0.057
6530.000 0.056
6531.000 0.056
6532.000 0.057
6533.000 0.057
6534.000 0.058
6535.000 0.058
6536.000 0.058
6537.000 0.058
6538.000 0.058
6539.000 0.058
6540.000 0.059
6541.000 0.059
6542.000 0.059
6543.000 0.058
6544.000 0.060
6545.000 0.061
6546.000 0.060
6547.000 0.061
6548.000 0.060
6550.000 0.061
6551.000 0.061
6552.000 0.060
6553.000 0.060
6554.000 0.061
6555.000 0.062
6556.000 0.061
6557.000 0.061
6558.000 0.063
6559.000 0.061
6560.000 0.062
6561.000 0.063
6562.000 0.062
6563.000 0.062
6564.000 0.064
6565.000 0.062
6566.000 0.063
6567.000 0.063
6568.000 0.063
6570.000 0.064
6571.000 0.064
6572.000 0.064
6573.000 0.063
6574.000 0.065
6575.000 0.064
6576.000 0.066
6577.000 0.066
6578.000 0.066
6579.000 0.065
6580.000 0.066
6581.000 0.065
6582.000 0.065
6584.000 0.068
6585.000 0.067
6586.000 0.067
6587.000 0.067
6588.000 0.068
6589.000 0.069
6590.000 0.069
6591.000 0.069
6592.000 0.069
6593.000 0.069
6594.000 0.070
6595.000 0.069
6596.000 0.070
6597.000 0.069
6598.000 0.069
6599.000 0.071
6600.000 0.071
6602.000 0.070
6603.000 0.072
6604.000 0.073
6605.000 0.073
6606.000 0.073
6607.000 0.074
6608.000 0.073
6609.000 0.075
6610.000 0.073
6611.000 0.073
6612.000 0.074
6613.000 0.075
6614.000 0.074
6615.000 0.074
6616.000 0.076
6617.000 0.075
6618.000 0.075
6619.000 0.076
6620.000 0.077
6621.000 0.076
6623.000 0.077
6624.000 0.077
6625.000 0.078
6626.000 0.079
6627.000 0.078
6628.000 0.080
6629.000 0.080
6630.000 0.080
6631.000 0.080
6632.000 0.079
6633.000 0.081
6634.000 0.081
6635.000 0.081
6636.000 0.082
6637.000 0.082
6638.000 0.082
6639.000 0.083
6641.000 0.083
6642.000 0.083
6643.000 0.084
6644.000 0.084
6645.000 0.084
6646.000 0.085
6647.000 0.087
6648.000 0.085
6649.000 0.086
6650.000 0.087
6651.000 0.087
6652.000 0.088
6653.000 0.088
6654.000 0.089
6655.000 0.089
6656.000 0.089
6657.000 0.089
6658.000 0.089
6659.000 0.090
6660.000 0.092
6661.000 0.092
6663.000 0.092
6664.000 0.093
6665.000 0.092
6666.000 0.092
6667.000 0.092
6668.000 0.094
6669.000 0.095
6670.000 0.096
6671.000 0.095
6672.000 0.096
6673.000 0.096
6674.000 0.096
6675.000 0.098
6676.000 0.098
6677.000 0.098
6678.000 0.099
6679.000 0.100
6681.000 0.102
6682.000 0.102
6683.000 0.102
6684.000 0.101
6685.000 0.104
6686.000 0.103
6687.000 0.104
6688.000 0.104
6689.000 0.106
6690.000 0.106
6691.000 0.107
6692.000 0.108
6693.000 0.107
6694.000 0.110
6695.000 0.109
6697.000 0.110
6698.000 0.111
6699.000 0.111
6700.000 0.111
6701.000 0.114
6702.000 0.114
6703.000 0.114
6704.000 0.114
6705.000 0.116
6706.000 0.117
6707.000 0.118
6708.000 0.117
6709.000 0.119
6710.000 0.120
6711.000 0.121
6712.000 0.121
6714.000 0.122
6715.000 0.123
6716.000 0.124
6717.000 0.124
6718.000 0.126
6719.000 0.127
6720.000 0.127
6721.000 0.128
6722.000 0.130
6723.000 0.131
6724.000 0.133
6725.000 0.133
6726.000 0.134
6727.000 0.136
6728.000 0.135
6730.000 0.137
6731.000 0.139
6732.000 0.140
6733.000 0.139
6734.000 0.142
6735.000 0.143
6736.000 0.143
6737.000 0.145
6738.000 0.147
6739.000 0.148
6740.000 0.149
6741.000 0.150
6742.000 0.152
6743.000 0.153
6744.000 0.154
6745.000 0.155
6746.000 0.157
6747.000 0.160
6748.000 0.159
6750.000 0.162
6751.000 0.162
6752.000 0.166
6753.000 0.165
6754.000 0.167
6755.000 0.169
6756.000 0.171
6757.000 0.173
6758.000 0.175
6759.000 0.176
6760.000 0.177
6761.000 0.179
6762.000 0.183
6763.000 0.182
6765.000 0.186
6766.000 0.188
6767.000 0.190
6768.000 0.194
6769.000 0.194
6770.000 0.195
6771.000 0.199
6772.000 0.202
6773.000 0.203
6774.000 0.206
6775.000 0.208
6776.000 0.211
6777.000 0.214
6778.000 0.216
6779.000 0.218
6781.000 0.221
6782.000 0.225
6783.000 0.229
6784.000 0.231
6785.000 0.234
6786.000 0.237
6787.000 0.239
6788.000 0.243
6789.000 0.248
6790.000 0.252
6791.000 0.252
6792.000 0.258
6793.000 0.264
6794.000 0.264
6795.000 0.270
6796.000 0.275
6798.000 0.280
6799.000 0.284
6800.000 0.287
6801.000 0.293
6802.000 0.298
6803.000 0.305
6804.000 0.306
6805.000 0.313
6806.000 0.316
6807.000 0.324
6808.000 0.330
6809.000 0.334
6810.000 0.341
6811.000 0.350
6812.000 0.352
6814.000 0.365
6815.000 0.372
6816.000 0.375
6817.000 0.385
6818.000 0.395
6819.000 0.403
6820.000 0.409
6821.000 0.419
6822.000 0.429
6823.000 0.434
6824.000 0.445
6826.000 0.457
6827.000 0.468
6828.000 0.479
6829.000 0.486
6830.000 0.499
6831.000 0.512
6832.000 0.519
6833.000 0.531
6834.000 0.546
6835.000 0.553
6836.000 0.567
6837.000 0.581
6838.000 0.596
6839.000 0.602
6841.000 0.614
6842.000 0.627
6843.000 0.641
6844.000 0.654
6845.000 0.661
6846.000 0.672
6847.000 0.682
6848.000 0.687
6849.000 0.696
6850.000 0.702
6851.000 0.705
6852.000 0.709
6853.000 0.712
6855.000 0.713
6856.000 0.712
6857.000 0.708
6858.000 0.707
6859.000 0.701
6860.000 0.693
6861.000 0.689
6862.000 0.679
6863.000 0.670
6864.000 0.663
6865.000 0.649
6866.000 0.637
6868.000 0.625
6869.000 0.610
6870.000 0.602
6871.000 0.588
6872.000 0.573
6873.000 0.560
6874.000 0.544
6875.000 0.539
6876.000 0.523
6877.000 0.517
6878.000 0.504
6879.000 0.492
6880.000 0.479
6882.000 0.473
6883.000 0.463
6884.000 0.449
6885.000 0.438
6886.000 0.427
6887.000 0.422
6888.000 0.413
6889.000 0.402
6890.000 0.396
6891.000 0.388
6892.000 0.379
6893.000 0.370
6894.000 0.367
6896.000 0.359
6897.000 0.349
6898.000 0.343
6899.000 0.338
6900.000 0.332
6901.000 0.325
6902.000 0.318
6903.000 0.314
6904.000 0.309
6905.000 0.302
6906.000 0.299
6907.000 0.293
6908.000 0.287
6909.000 0.284
6911.000 0.280
6912.000 0.272
6913.000 0.269
6914.000 0.264
6915.000 0.260
6916.000 0.257
6917.000 0.254
6918.000 0.248
6919.000 0.244
6920.000 0.243
6921.000 0.239
6923.000 0.236
6924.000 0.231
6925.000 0.228
6926.000 0.227
6927.000 0.223
6928.000 0.220
6929.000 0.216
6930.000 0.213
6932.000 0.212
6933.000 0.208
6934.000 0.206
6935.000 0.203
6936.000 0.202
6937.000 0.199
6938.000 0.196
6939.000 0.194
6940.000 0.194
6941.000 0.189
6942.000 0.187
6943.000 0.186
6944.000 0.184
6945.000 0.181
6947.000 0.179
6948.000 0.178
6949.000 0.175
6950.000 0.173
6951.000 0.172
6952.000 0.169
6954.000 0.168
6955.000 0.168
6956.000 0.164
6957.000 0.164
6958.000 0.161
6959.000 0.159
6960.000 0.157
6961.000 0.156
6962.000 0.155
6963.000 0.154
6964.000 0.152
6965.000 0.151
6966.000 0.150
6968.000 0.148
6969.000 0.147
6970.000 0.144
6971.000 0.144
6972.000 0.143
6973.000 0.143
6975.000 0.140
6976.000 0.138
6977.000 0.138
6978.000 0.136
6979.000 0.136
6980.000 0.134
6981.000 0.132
6982.000 0.132
6983.000 0.132
6985.000 0.130
6986.000 0.128
6987.000 0.127
6988.000 0.126
6989.000 0.127
6990.000 0.125
6991.000 0.124
6992.000 0.123
6993.000 0.123
6994.000 0.121
6995.000 0.121
6997.000 0.120
6998.000 0.117
6999.000 0.117
7000.000 0.117
7001.000 0.116
7002.000 0.116
7003.000 0.116
7004.000 0.113
7005.000 0.113
7006.000 0.112
7007.000 0.111
7008.000 0.110
7010.000 0.110
7011.000 0.108
7012.000 0.108
7013.000 0.108
7014.000 0.107
7015.000 0.106
7016.000 0.106
7017.000 0.104
7018.000 0.105
7019.000 0.104
7020.000 0.103
7021.000 0.102
7022.000 0.102
7024.000 0.101
7025.000 0.099
7026.000 0.100
7027.000 0.098
7028.000 0.100
7029.000 0.099
7030.000 0.097
7031.000 0.097
7032.000 0.096
7033.000 0.096
7035.000 0.094
7036.000 0.094
7037.000 0.094
7038.000 0.092
7039.000 0.093
7040.000 0.093
7041.000 0.092
7042.000 0.092
7043.000 0.091
7044.000 0.091
7045.000 0.090
7047.000 0.091
7048.000 0.089
7049.000 0.089
7050.000 0.089
7051.000 0.088
7052.000 0.086
7053.000 0.087
7054.000 0.085
7055.000 0.085
7056.000 0.085
7057.000 0.084
7058.000 0.084
7060.000 0.084
7061.000 0.083
7062.000 0.084
7063.000 0.082
7064.000 0.082
7065.000 0.082
7066.000 0.082
7067.000 0.080
7068.000 0.081
7069.000 0.080
7071.000 0.080
7072.000 0.079
7073.000 0.079
7074.000 0.079
7075.000 0.078
7076.000 0.078
7077.000 0.079
7078.000 0.077
7080.000 0.078
7081.000 0.077
7082.000 0.076
7083.000 0.076
7084.000 0.075
7085.000 0.076
7086.000 0.074
7087.000 0.075
7088.000 0.074
7090.000 0.074
7091.000 0.074
7092.000 0.075
7093.000 0.073
7094.000 0.072
7095.000 0.073
7096.000 0.071
7097.000 0.072
7098.000 0.071
7099.000 0.073
7101.000 0.071
7102.000 0.071
7103.000 0.069
7104.000 0.071
7105.000 0.070
7106.000 0.069
7107.000 0.070
7108.000 0.068
7109.000 0.069
7111.000 0.067
7112.000 0.067
7113.000 0.068
7114.000 0.067
7115.000 0.068
7116.000 0.067
7117.000 0.066
7118.000 0.066
7119.000 0.066
7120.000 0.066
7121.000 0.066
7122.000 0.064
7124.000 0.066
7125.000 0.064
7126.000 0.065
7127.000 0.063
7128.000 0.065
7129.000 0.063
7130.000 0.063
7131.000 0.064
7133.000 0.063
7134.000 0.063
7135.000 0.063
7136.000 0.062
7137.000 0.062
7138.000 0.062
7139.000 0.062
7140.000 0.062
7141.000 0.060
7142.000 0.061
7144.000 0.061
7145.000 0.063
7146.000 0.061
7147.000 0.059
7148.000 0.061
7149.000 0.061
7150.000 0.060
7151.000 0.060
7152.000 0.059
7153.000 0.059
7155.000 0.059
7156.000 0.058
7157.000 0.059
7158.000 0.059
7159.000 0.058
7160.000 0.059
7161.000 0.059
7162.000 0.058
7163.000 0.058
7164.000 0.057
7165.000 0.057
7167.000 0.056
7168.000 0.055
7169.000 0.057
7170.000 0.056
7171.000 0.058
7172.000 0.057
7173.000 0.056
7174.000 0.055
7175.000 0.056
7176.000 0.056
7178.000 0.055
7179.000 0.054
7180.000 0.055
7181.000 0.055
7182.000 0.054
7183.000 0.054
7184.000 0.055
7185.000 0.054
7186.000 0.055
7187.000 0.054
7189.000 0.054
7190.000 0.053
7191.000 0.054
7192.000 0.053
7193.000 0.053
7194.000 0.053
7195.000 0.053
7196.000 0.053
7197.000 0.052
7199.000 0.053
7200.000 0.051
7201.000 0.052
7202.000 0.052
7203.000 0.052
7204.000 0.051
7205.000 0.051
7206.000 0.051
7207.000 0.051
7208.000 0.052
7210.000 0.051
7211.000 0.050
7212.000 0.051
7213.000 0.050
7214.000 0.050
7215.000 0.050
7216.000 0.050
7217.000 0.049
7218.000 0.050
7219.000 0.050
7221.000 0.048
7222.000 0.050
7223.000 0.050
7224.000 0.050
7225.000 0.049
7226.000 0.049
7227.000 0.048
7228.000 0.049
7229.000 0.049
7230.000 0.049
7232.000 0.047
7233.000 0.047
7234.000 0.048
7235.000 0.047
7236.000 0.048
7237.000 0.048
7238.000 0.047
7239.000 0.046
7240.000 0.046
7241.000 0.045
7243.000 0.047
7244.000 0.045
7245.000 0.046
7246.000 0.045
7247.000 0.046
7248.000 0.045
7249.000 0.045
7250.000 0.047
7251.000 0.047
7252.000 0.044
7253.000 0.045
7255.000 0.045
7256.000 0.044
7257.000 0.044
7258.000 0.043
7259.000 0.044
7260.000 0.043
7261.000 0.044
7262.000 0.043
7263.000 0.044
7265.000 0.043
7266.000 0.044
7267.000 0.043
7268.000 0.043
7269.000 0.042
7270.000 0.043
7271.000 0.043
7272.000 0.043
7273.000 0.041
7275.000 0.043
7276.000 0.041
7277.000 0.042
7278.000 0.042
7279.000 0.042
7280.000 0.041
7281.000 0.040
7282.000 0.042
7283.000 0.041
7285.000 0.041
7286.000 0.041
7287.000 0.040
7288.000 0.041
7289.000 0.039
7290.000 0.040
7291.000 0.041
7292.000 0.040
7293.000 0.040
7295.000 0.040
7296.000 0.041
7297.000 0.039
7298.000 0.039
7299.000 0.039
7300.000 0.038
7301.000 0.038
7302.000 0.039
7303.000 0.038
7304.000 0.040
7306.000 0.038
7307.000 0.039
7308.000 0.039
7309.000 0.039
7310.000 0.037
7311.000 0.038
7312.000 0.039
7313.000 0.039
7314.000 0.037
7315.000 0.039
7317.000 0.037
7318.000 0.037
7319.000 0.037
7320.000 0.037
7321.000 0.037
7322.000 0.037
7323.000 0.037
7324.000 0.037
7325.000 0.037
7327.000 0.037
7328.000 0.038
7329.000 0.037
7330.000 0.036
7331.000 0.037
7332.000 0.038
7333.000 0.037
7335.000 0.036
7336.000 0.037
7337.000 0.036
7338.000 0.037
7339.000 0.036
7340.000 0.036
7341.000 0.036
7342.000 0.036
7343.000 0.035
7345.000 0.036
7346.000 0.035
7347.000 0.035
7348.000 0.035
7349.000 0.036
7350.000 0.036
7351.000 0.035
7352.000 0.035
7353.000 0.035
7354.000 0.036
7355.000 0.034
7356.000 0.035
7358.000 0.035
7359.000 0.035
7360.000 0.035
7361.000 0.035
7362.000 0.035
7363.000 0.034
7364.000 0.035
7365.000 0.034
7366.000 0.034
7367.000 0.034
7369.000 0.035
7370.000 0.034
7371.000 0.035
7372.000 0.034
7373.000 0.034
7374.000 0.034
7375.000 0.035
7376.000 0.034
7377.000 0.033
7379.000 0.032
7380.000 0.033
7381.000 0.034
7382.000 0.034
7383.000 0.034
7384.000 0.033
7385.000 0.034
7387.000 0.034
7388.000 0.034
7389.000 0.033
7390.000 0.033
7391.000 0.033
7392.000 0.032
7393.000 0.034
7394.000 0.034
7395.000 0.033
7397.000 0.033
7398.000 0.033
7399.000 0.033
7400.000 0.033
7401.000 0.032
7402.000 0.033
7403.000 0.031
7404.000 0.034
7406.000 0.032
7407.000 0.032
7408.000 0.032
7409.000 0.032
7410.000 0.033
7411.000 0.031
7412.000 0.033
7414.000 0.031
7415.000 0.032
7416.000 0.032
7417.000 0.032
7418.000 0.032
7419.000 0.032
7420.000 0.033
7421.000 0.031
7423.000 0.032
7424.000 0.032
7425.000 0.031
7426.000 0.030
7427.000 0.031
7428.000 0.031
7429.000 0.032
7430.000 0.033
7431.000 0.030
7433.000 0.031
7434.000 0.031
7435.000 0.032
7436.000 0.031
7437.000 0.031
7438.000 0.032
7439.000 0.031
7441.000 0.032
7442.000 0.030
7443.000 0.031
7444.000 0.032
7445.000 0.031
7446.000 0.030
7448.000 0.031
7449.000 0.030
7450.000 0.030
7451.000 0.031
7452.000 0.030
7453.000 0.030
7454.000 0.031
7455.000 0.030
7457.000 0.031
7458.000 0.031
7459.000 0.031
7460.000 0.030
7461.000 0.029
7462.000 0.031
7463.000 0.031
7464.000 0.030
7465.000 0.030
7467.000 0.030
7468.000 0.030
7469.000 0.030
7470.000 0.030
7471.000 0.030
7472.000 0.030
7473.000 0.030
7474.000 0.030
7476.000 0.031
7477.000 0.029
7478.000 0.030
7479.000 0.029
7480.000 0.030
7481.000 0.029
7482.000 0.029
7484.000 0.030
7485.000 0.029
7486.000 0.029
7487.000 0.029
7488.000 0.029
7489.000 0.029
7490.000 0.029
7491.000 0.029
7493.000 0.029
7494.000 0.028
7495.000 0.030
7496.000 0.030
7497.000 0.028
7498.000 0.030
7499.000 0.028
7500.000 0.029
7502.000 0.028
7503.000 0.029
7504.000 0.029
7505.000 0.028
7506.000 0.030
7507.000 0.027
7508.000 0.028
7510.000 0.028
7511.000 0.028
7512.000 0.028
7513.000 0.029
7514.000 0.028
7515.000 0.027
7516.000 0.029
7518.000 0.028
7519.000 0.029
7520.000 0.029
7521.000 0.029
7522.000 0.028
7523.000 0.029
7524.000 0.027
7526.000 0.028
7527.000 0.028
7528.000 0.029
7529.000 0.028
7530.000 0.029
7531.000 0.028
7532.000 0.028
7533.000 0.027
7535.000 0.028
7536.000 0.028
7537.000 0.028
7538.000 0.028
7539.000 0.028
7540.000 0.028
7542.000 0.027
7543.000 0.028
7544.000 0.028
7545.000 0.028
7546.000 0.028
7547.000 0.027
7548.000 0.027
7550.000 0.027
7551.000 0.027
7552.000 0.027
7553.000 0.027
7554.000 0.026
7555.000 0.027
7556.000 0.027
7557.000 0.026
7559.000 0.027
7560.000 0.027
7561.000 0.027
7562.000 0.026
7563.000 0.026
7564.000 0.028
7565.000 0.027
7567.000 0.027
7568.000 0.026
7569.000 0.027
7570.000 0.027
7571.000 0.026
7572.000 0.027
7574.000 0.027
7575.000 0.028
7576.000 0.026
7577.000 0.027
7578.000 0.026
7579.000 0.027
7580.000 0.027
7582.000 0.026
7583.000 0.026
7584.000 0.025
7585.000 0.026
7586.000 0.027
7587.000 0.027
7589.000 0.025
7590.000 0.026
7591.000 0.026
7592.000 0.027
7593.000 0.025
7594.000 0.026
7595.000 0.026
7596.000 0.026
7598.000 0.025
7599.000 0.027
7600.000 0.026
7601.000 0.026
7602.000 0.026
7603.000 0.026
7604.000 0.026
7606.000 0.026
7607.000 0.025
7608.000 0.024
7609.000 0.026
7610.000 0.026
7611.000 0.025
7613.000 0.026
7614.000 0.026
7615.000 0.025
7616.000 0.025
7617.000 0.026
7618.000 0.027
7619.000 0.026
7621.000 0.025
7622.000 0.026
7623.000 0.025
7624.000 0.026
7625.000 0.025
7626.000 0.025
7627.000 0.025
7628.000 0.025
7630.000 0.025
7631.000 0.026
7632.000 0.026
7633.000 0.026
7634.000 0.024
7635.000 0.025
7636.000 0.026
7638.000 0.026
7639.000 0.026
7640.000 0.024
7641.000 0.025
7642.000 0.025
7643.000 0.024
7645.000 0.024
7646.000 0.025
7647.000 0.025
7648.000 0.025
7649.000 0.025
7650.000 0.024
7651.000 0.023
7652.000 0.025
7654.000 0.025
7655.000 0.025
7656.000 0.024
7657.000 0.025
7658.000 0.025
7659.000 0.026
7661.000 0.025
7662.000 0.024
7663.000 0.025
7664.000 0.024
7665.000 0.025
7666.000 0.025
7667.000 0.025
7669.000 0.024
7670.000 0.024
7671.000 0.025
7672.000 0.025
7673.000 0.026
7674.000 0.024
7675.000 0.024
7676.000 0.025
7678.000 0.024
7679.000 0.024
7680.000 0.024
7681.000 0.024
7682.000 0.025
7683.000 0.024
7685.000 0.024
7686.000 0.023
7687.000 0.024
7688.000 0.024
7689.000 0.025
7690.000 0.023
7691.000 0.023
7693.000 0.024
7694.000 0.024
7695.000 0.024
7696.000 0.025
7697.000 0.024
7698.000 0.024
7699.000 0.024
7700.000 0.024
7702.000 0.023
7703.000 0.025
7704.000 0.023
7705.000 0.024
7706.000 0.023
7707.000 0.025
7708.000 0.024
7710.000 0.023
7711.000 0.024
7712.000 0.023
7713.000 0.025
7714.000 0.023
7716.000 0.023
7717.000 0.024
7718.000 0.023
7719.000 0.024
7720.000 0.023
7721.000 0.024
7722.000 0.024
7723.000 0.023
7725.000 0.023
7726.000 0.023
7727.000 0.024
7728.000 0.023
7729.000 0.023
7730.000 0.023
7731.000 0.025
7732.000 0.024
7734.000 0.023
7735.000 0.022
7736.000 0.023
7737.000 0.024
7738.000 0.023
7739.000 0.024
7741.000 0.023
7742.000 0.023
7743.000 0.023
7744.000 0.024
7745.000 0.023
7746.000 0.022
7747.000 0.023
7749.000 0.023
7750.000 0.024
7751.000 0.024
7752.000 0.023
7753.000 0.022
7754.000 0.022
7755.000 0.023
7757.000 0.022
7758.000 0.022
7759.000 0.024
7760.000 0.023
7761.000 0.023
7762.000 0.023
7763.000 0.023
7765.000 0.022
7766.000 0.023
7767.000 0.023
7768.000 0.023
7769.000 0.022
7770.000 0.022
7771.000 0.023
7773.000 0.023
7774.000 0.023
7775.000 0.022
7776.000 0.022
7777.000 0.022
7778.000 0.024
7779.000 0.023
7780.000 0.024
7782.000 0.023
7783.000 0.022
7784.000 0.023
7785.000 0.023
7786.000 0.022
7787.000 0.023
7788.000 0.023
7790.000 0.024
7791.000 0.022
7792.000 0.022
7793.000 0.023
7794.000 0.023
7795.000 0.022
7797.000 0.022
7798.000 0.023
7799.000 0.024
7800.000 0.023
7801.000 0.021
7802.000 0.023
7803.000 0.022
7805.000 0.023
7806.000 0.022
7807.000 0.022
7808.000 0.022
7809.000 0.023
7810.000 0.022
7811.000 0.022
7813.000 0.022
7814.000 0.022
7815.000 0.021
7816.000 0.021
7817.000 0.022
7818.000 0.023
7820.000 0.022
7821.000 0.022
7822.000 0.022
7823.000 0.022
7824.000 0.022
7825.000 0.023
7826.000 0.022
7828.000 0.022
7829.000 0.022
7830.000 0.022
7831.000 0.022
7832.000 0.022
7833.000 0.021
7834.000 0.021
7835.000 0.022
7837.000 0.021
7838.000 0.022
7839.000 0.024
7840.000 0.022
7841.000 0.021
7842.000 0.022
7844.000 0.023
7845.000 0.021
7846.000 0.022
7847.000 0.023
7848.000 0.022
7849.000 0.021
7850.000 0.021
7852.000 0.022
7853.000 0.022
7854.000 0.022
7855.000 0.022
7856.000 0.023
7857.000 0.022
7858.000 0.021
7860.000 0.022
7861.000 0.022
7862.000 0.022
7863.000 0.022
7864.000 0.022
7865.000 0.022
7867.000 0.021
7868.000 0.022
7869.000 0.021
7870.000 0.022
7871.000 0.022
7872.000 0.022
7874.000 0.022
7875.000 0.022
7876.000 0.022
7877.000 0.021
7878.000 0.021
7879.000 0.021
7880.000 0.023
7882.000 0.021
7883.000 0.020
7884.000 0.021
7885.000 0.021
7886.000 0.022
7887.000 0.021
7889.000 0.022
7890.000 0.022
7891.000 0.022
7892.000 0.021
7893.000 0.021
7894.000 0.023
7896.000 0.021
7897.000 0.021
7898.000 0.021
7899.000 0.022
7900.000 0.022
7901.000 0.021
7903.000 0.022
7904.000 0.021
7905.000 0.021
7906.000 0.021
7907.000 0.021
7908.000 0.022
7910.000 0.023
7911.000 0.023
7912.000 0.021
7913.000 0.021
7914.000 0.021
7915.000 0.020
7916.000 0.020
7918.000 0.022
7919.000 0.020
7920.000 0.021
7921.000 0.022
7922.000 0.021
7924.000 0.021
7925.000 0.020
7926.000 0.022
7927.000 0.021
7928.000 0.021
7929.000 0.021
7931.000 0.021
7932.000 0.021
7933.000 0.020
7934.000 0.021
7935.000 0.021
7936.000 0.023
7937.000 0.021
7939.000 0.020
7940.000 0.021
7941.000 0.022
7942.000 0.020
7943.000 0.020
7945.000 0.020
7946.000 0.020
7947.000 0.021
7948.000 0.021
7949.000 0.021
7950.000 0.021
7952.000 0.021
7953.000 0.020
7954.000 0.021
7955.000 0.021
7956.000 0.022
7958.000 0.020
7959.000 0.022
7960.000 0.021
7961.000 0.021
7962.000 0.020
7963.000 0.020
7965.000 0.021
7966.000 0.020
7967.000 0.021
7968.000 0.020
7969.000 0.021
7971.000 0.021
7972.000 0.022
7973.000 0.021
7974.000 0.021
7975.000 0.020
7976.000 0.021
7977.000 0.020
7979.000 0.020
7980.000 0.022
7981.000 0.021
7982.000 0.020
7983.000 0.019
7984.000 0.020
7986.000 0.021
7987.000 0.020
7988.000 0.020
7989.000 0.020
7990.000 0.021
7992.000 0.021
7993.000 0.022
7994.000 0.021
7995.000 0.019
7996.000 0.021
7997.000 0.020
7999.000 0.020
8000.000 0.021
8001.000 0.021
8002.000 0.020
8003.000 0.021
8005.000 0.021
8006.000 0.021
8007.000 0.021
8008.000 0.020
8010.000 0.021
8011.000 0.021
8012.000 0.020
8013.000 0.021
8014.000 0.020
8015.000 0.021
8017.000 0.021
8018.000 0.021
8019.000 0.020
8020.000 0.021
8021.000 0.021
8023.000 0.020
8024.000 0.021
8025.000 0.021
8026.000 0.021
8027.000 0.021
8028.000 0.020
8029.000 0.020
8031.000 0.021
8032.000 0.019
8033.000 0.022
8034.000 0.020
8035.000 0.020
8036.000 0.020
8038.000 0.019
8039.000 0.020
8040.000 0.022
8041.000 0.020
8042.000 0.020
8044.000 0.021
8045.000 0.020
8046.000 0.020
8047.000 0.021
8048.000 0.021
8049.000 0.021
8051.000 0.020
8052.000 0.020
8053.000 0.019
8054.000 0.021
8055.000 0.021
8056.000 0.020
8058.000 0.019
8059.000 0.020
8060.000 0.020
8061.000 0.021
8062.000 0.020
8063.000 0.020
8065.000 0.021
8066.000 0.020
8067.000 0.020
8068.000 0.020
8069.000 0.020
8070.000 0.020
8072.000 0.020
8073.000 0.019
8074.000 0.021
8075.000 0.021
8076.000 0.020
8078.000 0.020
8079.000 0.021
8080.000 0.020
8081.000 0.020
8082.000 0.021
8083.000 0.021
8084.000 0.021
8086.000 0.020
8087.000 0.020
8088.000 0.020
8089.000 0.020
8090.000 0.020
8091.000 0.020
8093.000 0.020
8094.000 0.020
8095.000 0.020
8096.000 0.020
8097.000 0.021
8099.000 0.020
8100.000 0.020
8101.000 0.020
8102.000 0.021
8103.000 0.020
8104.000 0.020
8105.000 0.021
8107.000 0.020
8108.000 0.020
8109.000 0.020
8110.000 0.020
8111.000 0.019
8112.000 0.020
8114.000 0.020
8115.000 0.020
8116.000 0.020
8117.000 0.021
8118.000 0.021
8119.000 0.020
8121.000 0.020
8122.000 0.020
8123.000 0.020
8124.000 0.021
8125.000 0.019
8127.000 0.019
8128.000 0.021
8129.000 0.020
8130.000 0.021
8132.000 0.019
8133.000 0.020
8134.000 0.019
8135.000 0.020
8137.000 0.020
8138.000 0.021
8139.000 0.020
8140.000 0.019
8141.000 0.019
8143.000 0.020
8144.000 0.020
8145.000 0.019
8146.000 0.021
8147.000 0.020
8148.000 0.020
8150.000 0.021
8151.000 0.021
8152.000 0.019
8153.000 0.021
8154.000 0.020
8156.000 0.020
8157.000 0.019
8158.000 0.020
8159.000 0.020
8160.000 0.021
8161.000 0.021
8162.000 0.021
8164.000 0.021
8165.000 0.020
8166.000 0.021
8167.000 0.021
8168.000 0.020
8169.000 0.020
8170.000 0.020
8171.000 0.020
8173.000 0.020
8174.000 0.020
8175.000 0.021
8176.000 0.020
8177.000 0.020
8179.000 0.019
8180.000 0.021
8181.000 0.020
8182.000 0.021
8183.000 0.021
8185.000 0.021
8186.000 0.021
8187.000 0.019
8188.000 0.021
8189.000 0.021
8190.000 0.020
8192.000 0.019
8193.000 0.021
8194.000 0.021
8195.000 0.020
8196.000 0.021
8197.000 0.021
8199.000 0.020
8200.000 0.021
8201.000 0.020
8202.000 0.021
8203.000 0.021
8205.000 0.020
8206.000 0.021
8207.000 0.021
8208.000 0.020
8210.000 0.020
8211.000 0.021
8212.000 0.021
8213.000 0.020
8214.000 0.020
8215.000 0.020
8217.000 0.019
8218.000 0.021
8219.000 0.019
8220.000 0.021
8221.000 0.020
8223.000 0.019
8224.000 0.020
8225.000 0.020
8226.000 0.020
8228.000 0.021
8229.000 0.021
8230.000 0.020
8231.000 0.021
8232.000 0.020
8234.000 0.019
8235.000 0.020
8236.000 0.020
8237.000 0.020
8238.000 0.020
8239.000 0.021
8241.000 0.021
8242.000 0.021
8243.000 0.020
8244.000 0.020
8245.000 0.020
8247.000 0.020
8248.000 0.021
8249.000 0.020
8250.000 0.020
8251.000 0.020
8252.000 0.021
8254.000 0.020
8255.000 0.021
8256.000 0.021
8257.000 0.020
8258.000 0.021
8259.000 0.021
8261.000 0.020
8262.000 0.020
8263.000 0.020
8264.000 0.020
8265.000 0.020
8267.000 0.021
8268.000 0.020
8269.000 0.021
8270.000 0.020
8272.000 0.020
8273.000 0.021
8274.000 0.022
8275.000 0.020
8277.000 0.022
8278.000 0.021
8279.000 0.021
8280.000 0.022
8282.000 0.021
8283.000 0.020
8284.000 0.020
8285.000 0.020
8287.000 0.021
8288.000 0.021
8289.000 0.021
8290.000 0.022
8292.000 0.022
8293.000 0.022
8294.000 0.022
8295.000 0.021
8296.000 0.020
8298.000 0.022
8299.000 0.022
8300.000 0.021
8301.000 0.022
8302.000 0.021
8303.000 0.021
8305.000 0.021
8306.000 0.021
8307.000 0.021
8308.000 0.022
8310.000 0.021
8311.000 0.021
8312.000 0.021
8313.000 0.022
8314.000 0.021
8315.000 0.022
8317.000 0.020
8318.000 0.022
8319.000 0.022
8320.000 0.022
8321.000 0.020
8323.000 0.022
8324.000 0.021
8325.000 0.021
8326.000 0.021
8327.000 0.021
8328.000 0.022
8330.000 0.021
8331.000 0.022
8332.000 0.021
8333.000 0.021
8334.000 0.021
8336.000 0.021
8337.000 0.022
8338.000 0.020
8339.000 0.022
8340.000 0.021
8342.000 0.020
8343.000 0.022
8344.000 0.022
8345.000 0.022
8346.000 0.021
8347.000 0.022
8349.000 0.021
8350.000 0.022
8351.000 0.022
8352.000 0.022
8353.000 0.021
8355.000 0.022
8356.000 0.021
8357.000 0.022
8358.000 0.022
8359.000 0.022
8360.000 0.022
8362.000 0.022
8363.000 0.021
8364.000 0.021
8365.000 0.022
8367.000 0.021
8368.000 0.022
8369.000 0.021
8370.000 0.021
8372.000 0.021
8373.000 0.022
8374.000 0.020
8375.000 0.022
8376.000 0.022
8377.000 0.022
8379.000 0.021
8380.000 0.022
8381.000 0.021
8382.000 0.021
8383.000 0.021
8385.000 0.021
8386.000 0.023
8387.000 0.022
8388.000 0.022
8390.000 0.021
8391.000 0.022
8392.000 0.022
8393.000 0.021
8394.000 0.021
8396.000 0.021
8397.000 0.022
8398.000 0.022
8399.000 0.022
8400.000 0.022
8402.000 0.022
8403.000 0.022
8404.000 0.022
8405.000 0.022
8406.000 0.022
8408.000 0.021
8409.000 0.021
8410.000 0.022
8411.000 0.023
8412.000 0.021
8414.000 0.023
8415.000 0.022
8416.000 0.021
8417.000 0.023
8418.000 0.022
8419.000 0.021
8421.000 0.021
8422.000 0.022
8423.000 0.022
8424.000 0.023
8425.000 0.022
8426.000 0.022
8428.000 0.022
8429.000 0.022
8430.000 0.022
8431.000 0.022
8432.000 0.022
8434.000 0.021
8435.000 0.023
8436.000 0.021
8437.000 0.022
8438.000 0.022
8439.000 0.024
8441.000 0.023
8442.000 0.022
8443.000 0.023
8444.000 0.022
8445.000 0.022
8447.000 0.022
8448.000 0.022
8449.000 0.022
8450.000 0.022
8451.000 0.023
8453.000 0.022
8454.000 0.021
8455.000 0.022
8456.000 0.022
8457.000 0.022
8458.000 0.022
8460.000 0.024
8461.000 0.023
8462.000 0.023
8463.000 0.022
8464.000 0.024
8466.000 0.022
8467.000 0.022
8468.000 0.023
8469.000 0.022
8470.000 0.023
8471.000 0.023
8473.000 0.023
8474.000 0.022
8475.000 0.023
8476.000 0.022
8477.000 0.023
8478.000 0.023
8480.000 0.024
8481.000 0.022
8482.000 0.022
8483.000 0.022
8484.000 0.022
8486.000 0.023
8487.000 0.022
8488.000 0.022
8489.000 0.022
8490.000 0.022
8492.000 0.023
8493.000 0.023
8494.000 0.022
8495.000 0.023
8496.000 0.022
8498.000 0.023
8499.000 0.023
8500.000 0.023
8501.000 0.022
8502.000 0.024
8504.000 0.023
8505.000 0.022
8506.000 0.024
8507.000 0.023
8509.000 0.023
8510.000 0.022
8511.000 0.024
8512.000 0.023
8513.000 0.024
8515.000 0.023
8516.000 0.023
8517.000 0.022
8518.000 0.023
8519.000 0.024
8520.000 0.022
8522.000 0.023
8523.000 0.023
8524.000 0.024
8525.000 0.023
8526.000 0.023
8528.000 0.024
8529.000 0.024
8530.000 0.022
8531.000 0.023
8532.000 0.024
8533.000 0.023
8535.000 0.023
8536.000 0.024
8537.000 0.024
8538.000 0.024
8540.000 0.024
8541.000 0.024
8542.000 0.024
8543.000 0.023
8545.000 0.023
8546.000 0.024
8547.000 0.023
8548.000 0.023
8549.000 0.024
8551.000 0.025
8552.000 0.023
8553.000 0.024
8554.000 0.024
8555.000 0.024
8557.000 0.023
8558.000 0.024
8559.000 0.025
8560.000 0.023
8561.000 0.025
8563.000 0.024
8564.000 0.025
8565.000 0.024
8566.000 0.025
8567.000 0.025
8569.000 0.024
8570.000 0.024
8571.000 0.023
8572.000 0.026
8573.000 0.024
8575.000 0.024
8576.000 0.024
8577.000 0.024
8578.000 0.023
8579.000 0.025
8581.000 0.025
8582.000 0.024
8583.000 0.024
8584.000 0.025
8586.000 0.025
8587.000 0.025
8588.000 0.024
8589.000 0.025
8591.000 0.024
8592.000 0.024
8593.000 0.025
8594.000 0.025
8596.000 0.025
8597.000 0.026
8598.000 0.026
8599.000 0.025
8601.000 0.025
8602.000 0.025
8603.000 0.025
8604.000 0.025
8606.000 0.025
8607.000 0.026
8608.000 0.025
8609.000 0.025
8610.000 0.025
8612.000 0.025
8613.000 0.026
8614.000 0.026
8615.000 0.025
8616.000 0.025
8618.000 0.026
8619.000 0.025
8620.000 0.025
8621.000 0.026
8622.000 0.026
8624.000 0.025
8625.000 0.025
8626.000 0.026
8627.000 0.024
8629.000 0.026
8630.000 0.025
8631.000 0.026
8632.000 0.025
8634.000 0.026
8635.000 0.025
8636.000 0.027
8637.000 0.026
8639.000 0.026
8640.000 0.026
8641.000 0.026
8642.000 0.026
8643.000 0.026
8645.000 0.026
8646.000 0.027
8647.000 0.026
8648.000 0.027
8649.000 0.027
8651.000 0.026
8652.000 0.026
8653.000 0.027
8654.000 0.027
8655.000 0.026
8657.000 0.027
8658.000 0.027
8659.000 0.025
8660.000 0.027
8662.000 0.026
8663.000 0.026
8664.000 0.027
8665.000 0.027
8667.000 0.027
8668.000 0.026
8669.000 0.027
8670.000 0.027
8671.000 0.027
8673.000 0.027
8674.000 0.029
8675.000 0.027
8676.000 0.028
8677.000 0.027
8679.000 0.027
8680.000 0.027
8681.000 0.028
8682.000 0.028
8684.000 0.027
8685.000 0.027
8686.000 0.028
8687.000 0.028
8688.000 0.027
8690.000 0.028
8691.000 0.029
8692.000 0.028
8693.000 0.028
8694.000 0.029
8696.000 0.029
8697.000 0.029
8698.000 0.028
8699.000 0.028
8700.000 0.028
8702.000 0.028
8703.000 0.028
8704.000 0.029
8705.000 0.029
8707.000 0.029
8708.000 0.028
8709.000 0.027
8710.000 0.027
8711.000 0.029
8713.000 0.029
8714.000 0.030
8715.000 0.028
8716.000 0.029
8718.000 0.029
8719.000 0.028
8720.000 0.030
8721.000 0.029
8723.000 0.030
8724.000 0.029
8725.000 0.029
8726.000 0.030
8728.000 0.029
8729.000 0.028
8730.000 0.030
8731.000 0.029
8733.000 0.030
8734.000 0.029
8735.000 0.029
8736.000 0.030
8738.000 0.030
8739.000 0.030
8740.000 0.029
8741.000 0.030
8742.000 0.030
8744.000 0.030
8745.000 0.030
8746.000 0.031
8747.000 0.030
8748.000 0.032
8750.000 0.031
8751.000 0.031
8752.000 0.030
8753.000 0.031
8754.000 0.031
8756.000 0.031
8757.000 0.031
8758.000 0.031
8759.000 0.032
8761.000 0.030
8762.000 0.031
8763.000 0.032
8764.000 0.032
8765.000 0.032
8767.000 0.030
8768.000 0.032
8769.000 0.032
8770.000 0.031
8771.000 0.032
8773.000 0.031
8774.000 0.032
8775.000 0.033
8776.000 0.032
8777.000 0.032
8779.000 0.033
8780.000 0.032
8781.000 0.032
8782.000 0.033
8784.000 0.033
8785.000 0.033
8786.000 0.033
8787.000 0.033
8789.000 0.033
8790.000 0.033
8791.000 0.033
8792.000 0.033
8793.000 0.034
8794.000 0.034
8796.000 0.034
8797.000 0.033
8798.000 0.034
8799.000 0.034
8801.000 0.035
8802.000 0.034
8803.000 0.035
8804.000 0.034
8805.000 0.035
8807.000 0.034
8808.000 0.035
8809.000 0.035
8810.000 0.035
8812.000 0.034
8813.000 0.036
8814.000 0.036
8815.000 0.035
8817.000 0.036
8818.000 0.035
8819.000 0.036
8820.000 0.036
8821.000 0.036
8823.000 0.036
8824.000 0.037
8825.000 0.036
8826.000 0.037
8827.000 0.037
8829.000 0.038
8830.000 0.037
8831.000 0.037
8832.000 0.037
8833.000 0.038
8835.000 0.038
8836.000 0.038
8837.000 0.038
8838.000 0.038
8839.000 0.038
8841.000 0.038
8842.000 0.039
8843.000 0.039
8844.000 0.039
8845.000 0.039
8847.000 0.039
8848.000 0.039
8849.000 0.039
8850.000 0.040
8852.000 0.039
8853.000 0.039
8854.000 0.041
8855.000 0.041
8856.000 0.039
8858.000 0.040
8859.000 0.041
8860.000 0.042
8861.000 0.041
8863.000 0.041
8864.000 0.041
8865.000 0.043
8866.000 0.041
8868.000 0.042
8869.000 0.041
8870.000 0.041
8871.000 0.042
8872.000 0.042
8874.000 0.043
8875.000 0.043
8876.000 0.043
8877.000 0.043
8879.000 0.044
8880.000 0.043
8881.000 0.044
8882.000 0.045
8883.000 0.045
8885.000 0.044
8886.000 0.046
8887.000 0.045
8888.000 0.044
8889.000 0.045
8891.000 0.046
8892.000 0.046
8893.000 0.045
8894.000 0.046
8895.000 0.047
8897.000 0.047
8898.000 0.046
8899.000 0.047
8900.000 0.047
8902.000 0.048
8903.000 0.048
8904.000 0.049
8905.000 0.048
8907.000 0.049
8908.000 0.050
8909.000 0.050
8910.000 0.050
8912.000 0.051
8913.000 0.051
8914.000 0.051
8915.000 0.051
8917.000 0.051
8918.000 0.052
8919.000 0.053
8920.000 0.052
8922.000 0.052
8923.000 0.053
8924.000 0.053
8925.000 0.054
8927.000 0.055
8928.000 0.055
8929.000 0.055
8930.000 0.056
8932.000 0.056
8933.000 0.056
8934.000 0.056
8935.000 0.056
8937.000 0.056
8938.000 0.058
8939.000 0.057
8940.000 0.058
8942.000 0.059
8943.000 0.059
8944.000 0.059
8945.000 0.060
8947.000 0.061
8948.000 0.061
8949.000 0.061
8950.000 0.062
8952.000 0.063
8953.000 0.063
8954.000 0.063
8955.000 0.065
8957.000 0.065
8958.000 0.066
8959.000 0.066
8960.000 0.065
8962.000 0.067
8963.000 0.068
8964.000 0.068
8965.000 0.068
8967.000 0.070
8968.000 0.069
8969.000 0.070
8970.000 0.070
8972.000 0.071
8973.000 0.073
8974.000 0.073
8975.000 0.073
8977.000 0.075
8978.000 0.074
8979.000 0.076
8980.000 0.077
8982.000 0.077
8983.000 0.078
8984.000 0.078
8985.000 0.079
8987.000 0.080
8988.000 0.081
8989.000 0.081
8990.000 0.082
8992.000 0.082
8993.000 0.083
8994.000 0.084
8995.000 0.085
8997.000 0.086
8998.000 0.088
8999.000 0.087
9000.000 0.091
9002.000 0.089
9003.000 0.090
9004.000 0.092
9005.000 0.093
9007.000 0.094
9008.000 0.095
9009.000 0.094
9010.000 0.097
9012.000 0.097
9013.000 0.099
9014.000 0.100
9015.000 0.102
9017.000 0.102
9018.000 0.102
9019.000 0.104
9020.000 0.105
9022.000 0.108
9023.000 0.108
9024.000 0.110
9025.000 0.111
9027.000 0.112
9028.000 0.113
9029.000 0.115
9030.000 0.117
9032.000 0.117
9033.000 0.121
9034.000 0.122
9035.000 0.124
9037.000 0.125
9038.000 0.127
9039.000 0.129
9040.000 0.131
9042.000 0.132
9043.000 0.133
9044.000 0.136
9045.000 0.138
9047.000 0.139
9048.000 0.142
9049.000 0.143
9050.000 0.146
9052.000 0.147
9053.000 0.152
9054.000 0.154
9055.000 0.156
9057.000 0.159
9058.000 0.161
9059.000 0.163
9060.000 0.167
9062.000 0.170
9063.000 0.172
9064.000 0.175
9065.000 0.178
9067.000 0.181
9068.000 0.184
9069.000 0.187
9070.000 0.192
9072.000 0.195
9073.000 0.201
9074.000 0.203
9075.000 0.205
9077.000 0.211
9078.000 0.215
9079.000 0.220
9080.000 0.224
9082.000 0.229
9083.000 0.234
9084.000 0.238
9085.000 0.243
9087.000 0.248
9088.000 0.256
9089.000 0.262
9090.000 0.266
9092.000 0.271
9093.000 0.279
9094.000 0.285
9095.000 0.292
9097.000 0.297
9098.000 0.303
9099.000 0.309
9100.000 0.316
9102.000 0.322
9103.000 0.328
9104.000 0.334
9105.000 0.341
9107.000 0.346
9108.000 0.352
9109.000 0.358
9110.000 0.363
9112.000 0.369
9113.000 0.374
9114.000 0.379
9115.000 0.382
9117.000 0.383
9118.000 0.387
9119.000 0.390
9120.000 0.390
9122.000 0.389
9123.000 0.389
9124.000 0.388
9125.000 0.386
9127.000 0.384
9128.000 0.378
9129.000 0.376
9130.000 0.372
9132.000 0.368
9133.000 0.361
9134.000 0.354
9135.000 0.348
9137.000 0.343
9138.000 0.336
9139.000 0.329
9140.000 0.322
9142.000 0.319
9143.000 0.308
9144.000 0.305
9145.000 0.297
9146.000 0.291
9148.000 0.286
9149.000 0.276
9150.000 0.270
9152.000 0.264
9153.000 0.258
9154.000 0.252
9155.000 0.246
9157.000 0.242
9158.000 0.236
9159.000 0.230
9160.000 0.226
9161.000 0.220
9163.000 0.217
9164.000 0.211
9165.000 0.207
9166.000 0.202
9168.000 0.199
9169.000 0.192
9170.000 0.191
9171.000 0.187
9173.000 0.183
9174.000 0.178
9175.000 0.174
9176.000 0.170
9178.000 0.168
9179.000 0.164
9180.000 0.162
9181.000 0.158
9183.000 0.156
9184.000 0.153
9185.000 0.150
9186.000 0.147
9188.000 0.144
9189.000 0.143
9190.000 0.139
9191.000 0.137
9193.000 0.135
9194.000 0.133
9195.000 0.130
9196.000 0.127
9198.000 0.127
9199.000 0.124
9200.000 0.122
9201.000 0.121
9203.000 0.119
9204.000 0.117
9205.000 0.116
9206.000 0.113
9208.000 0.112
9209.000 0.109
9210.000 0.109
9211.000 0.107
9213.000 0.107
9214.000 0.105
9215.000 0.103
9216.000 0.102
9217.000 0.101
9219.000 0.100
9220.000 0.099
9221.000 0.097
9223.000 0.097
9224.000 0.096
9225.000 0.095
9226.000 0.093
9228.000 0.093
9229.000 0.090
9230.000 0.089
9231.000 0.089
9233.000 0.088
9234.000 0.088
9235.000 0.086
9236.000 0.086
9238.000 0.085
9239.000 0.084
9240.000 0.084
9241.000 0.083
9243.000 0.083
9244.000 0.080
9245.000 0.080
9246.000 0.080
9248.000 0.079
9249.000 0.078
9250.000 0.077
9251.000 0.077
9253.000 0.077
9254.000 0.075
9255.000 0.076
9257.000 0.075
9258.000 0.074
9259.000 0.073
9260.000 0.073
9262.000 0.071
9263.000 0.071
9264.000 0.070
9265.000 0.071
9267.000 0.070
9268.000 0.069
9269.000 0.069
9270.000 0.069
9272.000 0.068
9273.000 0.068
9274.000 0.067
9275.000 0.067
9277.000 0.064
9278.000 0.064
9279.000 0.065
9280.000 0.065
9282.000 0.064
9283.000 0.064
9284.000 0.063
9285.000 0.062
9287.000 0.063
9288.000 0.061
9289.000 0.061
9290.000 0.061
9292.000 0.060
9293.000 0.060
9294.000 0.059
9295.000 0.060
9297.000 0.058
9298.000 0.058
9299.000 0.057
9300.000 0.057
9302.000 0.057
9303.000 0.056
9304.000 0.056
9305.000 0.056
9307.000 0.055
9308.000 0.055
9309.000 0.055
9310.000 0.055
9312.000 0.054
9313.000 0.054
9314.000 0.053
9315.000 0.053
9317.000 0.053
9318.000 0.054
9319.000 0.052
9320.000 0.051
9322.000 0.051
9323.000 0.051
9324.000 0.052
9325.000 0.050
9327.000 0.050
9328.000 0.050
9329.000 0.050
9330.000 0.049
9332.000 0.050
9333.000 0.049
9334.000 0.048
9335.000 0.047
9337.000 0.048
9338.000 0.047
9339.000 0.046
9340.000 0.046
9342.000 0.047
9343.000 0.046
9344.000 0.046
9345.000 0.045
9346.000 0.045
9348.000 0.045
9349.000 0.044
9350.000 0.045
9351.000 0.044
9353.000 0.045
9354.000 0.043
9355.000 0.043
9356.000 0.043
9358.000 0.043
9359.000 0.043
9360.000 0.042
9361.000 0.043
9363.000 0.042
9364.000 0.043
9365.000 0.042
9366.000 0.042
9368.000 0.041
9369.000 0.041
9370.000 0.042
9371.000 0.041
9373.000 0.041
9374.000 0.041
9375.000 0.040
9376.000 0.040
9378.000 0.040
9379.000 0.039
9380.000 0.038
9381.000 0.040
9383.000 0.039
9384.000 0.038
9385.000 0.038
9386.000 0.039
9388.000 0.038
9389.000 0.039
9390.000 0.037
9391.000 0.038
9393.000 0.038
9394.000 0.038
9395.000 0.036
9396.000 0.036
9398.000 0.036
9399.000 0.036
9400.000 0.037
9402.000 0.036
9403.000 0.036
9404.000 0.035
9405.000 0.036
9406.000 0.034
9408.000 0.035
9409.000 0.036
9410.000 0.034
9412.000 0.035
9413.000 0.035
9414.000 0.035
9415.000 0.035
9417.000 0.034
9418.000 0.034
9419.000 0.034
9420.000 0.034
9422.000 0.034
9423.000 0.034
9424.000 0.034
9425.000 0.033
9427.000 0.033
9428.000 0.032
9429.000 0.033
9430.000 0.033
9432.000 0.031
9433.000 0.032
9434.000 0.033
9435.000 0.033
9437.000 0.032
9438.000 0.032
9439.000 0.032
9440.000 0.032
9442.000 0.031
9443.000 0.032
9444.000 0.031
9445.000 0.031
9447.000 0.030
9448.000 0.031
9449.000 0.030
9450.000 0.030
9452.000 0.031
9453.000 0.031
9454.000 0.030
9455.000 0.030
9457.000 0.030
9458.000 0.030
9459.000 0.030
9460.000 0.030
9462.000 0.029
9463.000 0.030
9464.000 0.030
9465.000 0.028
9467.000 0.029
9468.000 0.028
9469.000 0.030
9470.000 0.028
9471.000 0.029
9473.000 0.028
9474.000 0.029
9475.000 0.028
9476.000 0.028
9478.000 0.028
9479.000 0.027
9480.000 0.029
9481.000 0.027
9483.000 0.028
9484.000 0.028
9485.000 0.028
9486.000 0.029
9488.000 0.028
9489.000 0.027
9490.000 0.028
9491.000 0.028
9493.000 0.027
9494.000 0.026
9495.000 0.026
9496.000 0.026
9498.000 0.026
9499.000 0.026
9500.000 0.025
9501.000 0.025
9503.000 0.026
9504.000 0.026
9505.000 0.025
9506.000 0.025
9508.000 0.025
9509.000 0.025
9510.000 0.025
9511.000 0.025
9513.000 0.025
9514.000 0.025
9515.000 0.025
9516.000 0.025
9518.000 0.025
9519.000 0.024
9520.000 0.023
9521.000 0.024
9523.000 0.025
9524.000 0.024
9525.000 0.024
9526.000 0.024
9528.000 0.025
9529.000 0.024
9530.000 0.024
9531.000 0.024
9533.000 0.024
9534.000 0.024
9535.000 0.025
9536.000 0.024
9538.000 0.023
9539.000 0.023
9540.000 0.024
9541.000 0.024
9543.000 0.024
9544.000 0.023
9545.000 0.023
9546.000 0.023
9548.000 0.023
9549.000 0.022
9550.000 0.022
9551.000 0.023
9553.000 0.024
9554.000 0.022
9555.000 0.023
9556.000 0.022
9558.000 0.022
9559.000 0.023
9560.000 0.021
9561.000 0.023
9563.000 0.022
9564.000 0.023
9565.000 0.024
9566.000 0.022
9568.000 0.021
9569.000 0.023
9570.000 0.022
9572.000 0.022
9573.000 0.022
9574.000 0.022
9576.000 0.021
9577.000 0.022
9578.000 0.021
9579.000 0.022
9581.000 0.021
9582.000 0.021
9583.000 0.021
9585.000 0.021
9586.000 0.021
9587.000 0.021
9588.000 0.021
9590.000 0.021
9591.000 0.021
9592.000 0.020
9593.000 0.020
9595.000 0.021
9596.000 0.021
9597.000 0.021
9598.000 0.020
9600.000 0.020
9601.000 0.021
9602.000 0.020
9603.000 0.021
9605.000 0.020
9606.000 0.020
9607.000 0.020
9608.000 0.019
9610.000 0.020
9611.000 0.021
9612.000 0.020
9613.000 0.020
9615.000 0.020
9616.000 0.021
9617.000 0.020
9618.000 0.020
9620.000 0.020
9621.000 0.019
9622.000 0.020
9623.000 0.019
9625.000 0.020
9626.000 0.020
9627.000 0.019
9628.000 0.019
9630.000 0.020
9631.000 0.019
9632.000 0.019
9633.000 0.019
9635.000 0.018
9636.000 0.020
9637.000 0.018
9638.000 0.018
9640.000 0.019
9641.000 0.018
9642.000 0.018
9643.000 0.018
9645.000 0.018
9646.000 0.019
9647.000 0.019
9648.000 0.018
9650.000 0.019
9651.000 0.018
9652.000 0.018
9653.000 0.018
9655.000 0.019
9656.000 0.018
9657.000 0.018
9659.000 0.019
9660.000 0.017
9661.000 0.017
9663.000 0.017
9664.000 0.017
9665.000 0.018
9667.000 0.018
9668.000 0.018
9669.000 0.018
9670.000 0.018
9672.000 0.017
9673.000 0.018
9674.000 0.017
9675.000 0.017
9677.000 0.017
9678.000 0.017
9679.000 0.017
9680.000 0.017
9682.000 0.018
9683.000 0.017
9684.000 0.018
9685.000 0.018
9687.000 0.018
9688.000 0.017
9689.000 0.017
9690.000 0.018
9692.000 0.017
9693.000 0.017
9694.000 0.017
9695.000 0.018
9697.000 0.018
9698.000 0.017
9699.000 0.017
9700.000 0.017
9702.000 0.017
9703.000 0.017
9704.000 0.017
9705.000 0.017
9707.000 0.017
9708.000 0.016
9709.000 0.017
9711.000 0.017
9712.000 0.017
9713.000 0.017
9714.000 0.016
9716.000 0.016
9717.000 0.017
9718.000 0.016
9719.000 0.017
9721.000 0.016
9722.000 0.017
9723.000 0.016
9724.000 0.016
9726.000 0.016
9727.000 0.016
9728.000 0.016
9729.000 0.016
9731.000 0.017
9732.000 0.017
9733.000 0.017
9734.000 0.017
9736.000 0.017
9737.000 0.016
9738.000 0.016
9739.000 0.016
9741.000 0.015
9742.000 0.016
9743.000 0.016
9744.000 0.016
9746.000 0.016
9747.000 0.016
9748.000 0.016
9749.000 0.016
9751.000 0.016
9752.000 0.015
9753.000 0.015
9754.000 0.015
9756.000 0.014
9757.000 0.016
9758.000 0.016
9759.000 0.015
9761.000 0.016
9762.000 0.016
9763.000 0.015
9764.000 0.015
9766.000 0.015
9767.000 0.016
9768.000 0.016
9769.000 0.015
9771.000 0.016
9772.000 0.015
9773.000 0.015
9774.000 0.016
9776.000 0.015
9777.000 0.015
9778.000 0.015
9779.000 0.015
9781.000 0.016
9782.000 0.015
9783.000 0.015
9784.000 0.014
9786.000 0.015
9787.000 0.015
9788.000 0.016
9789.000 0.016
9791.000 0.015
9792.000 0.014
9793.000 0.015
9794.000 0.014
9796.000 0.015
9797.000 0.015
9798.000 0.015
9799.000 0.015
9801.000 0.014
9802.000 0.014
9803.000 0.014
9804.000 0.014
9806.000 0.014
9807.000 0.014
9808.000 0.014
9809.000 0.014
9811.000 0.014
9812.000 0.015
9813.000 0.015
9814.000 0.014
9816.000 0.014
9817.000 0.014
9818.000 0.014
9819.000 0.014
9821.000 0.014
9822.000 0.014
9823.000 0.014
9824.000 0.014
9826.000 0.014
9827.000 0.014
9828.000 0.014
9829.000 0.015
9831.000 0.014
9832.000 0.013
9833.000 0.015
9834.000 0.014
9836.000 0.014
9837.000 0.014
9838.000 0.014
9839.000 0.014
9841.000 0.014
9842.000 0.013
9843.000 0.014
9844.000 0.013
9846.000 0.013
9847.000 0.014
9848.000 0.013
9849.000 0.013
9851.000 0.013
9852.000 0.014
9853.000 0.014
9855.000 0.014
9856.000 0.014
9857.000 0.014
9859.000 0.014
9860.000 0.014
9861.000 0.014
9862.000 0.014
9864.000 0.013
9865.000 0.012
9866.000 0.014
9867.000 0.014
9869.000 0.013
9870.000 0.013
9871.000 0.014
9872.000 0.013
9874.000 0.012
9875.000 0.014
9876.000 0.013
9877.000 0.014
9879.000 0.013
9880.000 0.013
9881.000 0.013
9882.000 0.014
9884.000 0.013
9885.000 0.013
9886.000 0.013
9887.000 0.013
9889.000 0.013
9890.000 0.012
9891.000 0.014
9892.000 0.013
9894.000 0.013
9895.000 0.014
9896.000 0.014
9897.000 0.013
9899.000 0.014
9900.000 0.013
9901.000 0.012
9902.000 0.013
9904.000 0.013
9905.000 0.012
9906.000 0.013
9907.000 0.012
9909.000 0.013
9910.000 0.013
9911.000 0.013
9912.000 0.013
9914.000 0.013
9915.000 0.013
9916.000 0.012
9918.000 0.013
9919.000 0.012
9920.000 0.012
9922.000 0.012
9923.000 0.012
9924.000 0.012
9925.000 0.012
9927.000 0.012
9928.000 0.013
9929.000 0.012
9931.000 0.013
9932.000 0.013
9933.000 0.014
9935.000 0.012
9936.000 0.012
9937.000 0.012
9938.000 0.013
9940.000 0.013
9941.000 0.012
9942.000 0.013
9943.000 0.013
9945.000 0.012
9946.000 0.011
9947.000 0.013
9949.000 0.012
9950.000 0.012
9951.000 0.012
9952.000 0.012
9954.000 0.013
9955.000 0.013
9956.000 0.013
9958.000 0.013
9959.000 0.011
9960.000 0.012
9962.000 0.012
9963.000 0.012
9964.000 0.011
9965.000 0.013
9967.000 0.011
9968.000 0.011
9969.000 0.012
9970.000 0.012
9972.000 0.012
9973.000 0.012
9974.000 0.012
9975.000 0.011
9977.000 0.012
9978.000 0.012
9979.000 0.011
9980.000 0.012
9982.000 0.013
9983.000 0.013
9984.000 0.012
9985.000 0.012
9987.000 0.011
9988.000 0.012
9989.000 0.012
9990.000 0.012
9992.000 0.012
9993.000 0.011
9994.000 0.012
9995.000 0.012
9997.000 0.012
9998.000 0.013
9999.000 0.013
