2.000 0.066
3.000 0.062
4.000 0.062
5.000 0.076
6.000 0.086
7.000 0.046
8.000 0.054
9.000 0.034
10.000 0.101
11.000 0.074
12.000 0.092
13.000 0.092
14.000 0.056
15.000 0.059
16.000 0.071
17.000 0.030
18.000 0.065
19.000 0.060
20.000 0.030
21.000 0.065
22.000 0.089
23.000 0.060
24.000 0.072
25.000 0.067
26.000 0.060
27.000 0.088
28.000 0.081
29.000 0.031
30.000 0.046
31.000 0.068
32.000 0.062
33.000 0.075
34.000 0.069
35.000 0.060
36.000 0.072
37.000 0.060
38.000 0.064
39.000 0.100
40.000 0.053
41.000 0.051
42.000 0.065
43.000 0.058
44.000 0.046
45.000 0.062
46.000 0.062
47.000 0.074
48.000 0.064
49.000 0.064
50.000 0.061
51.000 0.069
52.000 0.039
53.000 0.091
54.000 0.095
55.000 0.092
56.000 0.084
57.000 0.064
58.000 0.068
59.000 0.070
60.000 0.070
61.000 0.079
62.000 0.067
63.000 0.055
64.000 0.057
65.000 0.064
66.000 0.064
67.000 0.060
68.000 0.071
69.000 0.072
70.000 0.097
71.000 0.087
72.000 0.081
73.000 0.056
74.000 0.082
75.000 0.051
76.000 0.034
77.000 0.057
78.000 0.090
79.000 0.099
80.000 0.072
81.000 0.074
82.000 0.050
83.000 0.073
84.000 0.073
85.000 0.076
86.000 0.088
87.000 0.084
88.000 0.051
89.000 0.086
90.000 0.090
91.000 0.059
92.000 0.057
93.000 0.116
94.000 0.059
95.000 0.062
96.000 0.069
97.000 0.057
98.000 0.064
99.000 0.055
100.000 0.083
101.000 0.052
102.000 0.087
103.000 0.118
104.000 0.081
105.000 0.088
106.000 0.078
107.000 0.035
108.000 0.034
109.000 0.083
110.000 0.065
111.000 0.090
112.000 0.078
113.000 0.063
114.000 0.055
115.000 0.094
116.000 0.085
117.000 0.086
118.000 0.071
119.000 0.036
120.000 0.072
121.000 0.108
122.000 0.065
123.000 0.067
124.000 0.066
125.000 0.055
126.000 0.102
127.000 0.063
128.000 0.058
129.000 0.086
130.000 0.057
131.000 0.063
132.000 0.061
133.000 0.060
134.000 0.089
135.000 0.083
136.000 0.055
137.000 0.093
138.000 0.101
139.000 0.057
140.000 0.093
141.000 0.042
142.000 0.066
143.000 0.069
144.000 0.069
145.000 0.044
146.000 0.075
147.000 0.085
148.000 0.080
149.000 0.071
150.000 0.029
151.000 0.047
152.000 0.068
153.000 0.035
154.000 0.055
155.000 0.045
156.000 0.038
157.000 0.075
158.000 0.050
159.000 0.047
160.000 0.055
161.000 0.082
162.000 0.061
163.000 0.068
164.000 0.058
165.000 0.084
166.000 0.052
167.000 0.059
168.000 0.055
169.000 0.074
170.000 0.055
171.000 0.056
172.000 0.065
173.000 0.047
174.000 0.054
175.000 0.047
176.000 0.093
177.000 0.066
178.000 0.073
179.000 0.059
180.000 0.076
181.000 0.059
182.000 0.057
183.000 0.085
184.000 0.047
185.000 0.041
186.000 0.057
187.000 0.093
188.000 0.080
189.000 0.081
190.000 0.068
191.000 0.057
192.000 0.067
193.000 0.059
194.000 0.058
195.000 0.036
196.000 0.049
197.000 0.073
198.000 0.037
199.000 0.045
200.000 0.050
201.000 0.030
202.000 0.048
203.000 0.052
204.000 0.052
205.000 0.043
206.000 0.054
207.000 0.064
208.000 0.067
209.000 0.043
210.000 0.053
211.000 0.048
212.000 0.045
213.000 0.054
214.000 0.046
215.000 0.052
216.000 0.050
217.000 0.032
218.000 0.027
219.000 0.050
220.000 0.040
221.000 0.044
222.000 0.054
223.000 0.036
224.000 0.051
225.000 0.078
226.000 0.050
227.000 0.055
228.000 0.058
229.000 0.034
230.000 0.040
231.000 0.051
232.000 0.045
233.000 0.059
234.000 0.038
235.000 0.061
236.000 0.065
237.000 0.037
238.000 0.028
239.000 0.047
240.000 0.045
241.000 0.055
242.000 0.056
243.000 0.025
244.000 0.046
245.000 0.040
246.000 0.035
247.000 0.042
248.000 0.043
249.000 0.118
250.000 0.042
251.000 0.027
252.000 0.040
253.000 0.062
254.000 0.031
255.000 0.038
256.000 0.037
257.000 0.031
258.000 0.055
259.000 0.055
260.000 0.050
261.000 0.048
262.000 0.039
263.000 0.032
264.000 0.040
265.000 0.031
266.000 0.051
267.000 0.037
268.000 0.044
269.000 0.037
270.000 0.036
271.000 0.045
272.000 0.037
273.000 0.037
274.000 0.042
275.000 0.057
276.000 0.043
277.000 0.058
278.000 0.042
279.000 0.037
280.000 0.037
281.000 0.029
282.000 0.031
283.000 0.033
284.000 0.035
285.000 0.031
286.000 0.030
287.000 0.032
288.000 0.032
289.000 0.043
290.000 0.037
291.000 0.039
292.000 0.035
293.000 0.036
294.000 0.045
295.000 0.028
296.000 0.034
297.000 0.031
298.000 0.038
299.000 0.028
300.000 0.040
301.000 0.038
302.000 0.033
303.000 0.037
304.000 0.042
305.000 0.032
306.000 0.047
307.000 0.046
308.000 0.033
309.000 0.030
310.000 0.035
311.000 0.039
312.000 0.034
313.000 0.040
314.000 0.031
315.000 0.033
316.000 0.042
317.000 0.035
318.000 0.043
319.000 0.041
320.000 0.042
321.000 0.035
322.000 0.041
323.000 0.034
324.000 0.033
325.000 0.039
326.000 0.030
327.000 0.028
328.000 0.035
329.000 0.037
330.000 0.041
331.000 0.037
332.000 0.043
333.000 0.037
334.000 0.036
335.000 0.031
336.000 0.038
337.000 0.043
338.000 0.036
339.000 0.033
340.000 0.038
341.000 0.037
342.000 0.041
343.000 0.036
344.000 0.040
345.000 0.049
346.000 0.039
347.000 0.047
348.000 0.040
349.000 0.041
350.000 0.043
351.000 0.042
352.000 0.038
353.000 0.043
354.000 0.045
355.000 0.041
356.000 0.045
357.000 0.048
358.000 0.044
359.000 0.040
360.000 0.041
361.000 0.048
362.000 0.044
363.000 0.042
364.000 0.045
365.000 0.048
366.000 0.049
367.000 0.049
368.000 0.051
369.000 0.054
370.000 0.049
371.000 0.045
372.000 0.049
373.000 0.048
374.000 0.047
375.000 0.048
376.000 0.050
377.000 0.051
378.000 0.063
379.000 0.061
380.000 0.056
381.000 0.057
382.000 0.056
383.000 0.056
384.000 0.055
385.000 0.055
386.000 0.054
387.000 0.055
388.000 0.055
389.000 0.062
390.000 0.058
391.000 0.057
392.000 0.058
393.000 0.061
394.000 0.059
395.000 0.066
396.000 0.061
397.000 0.057
398.000 0.058
399.000 0.060
400.000 0.056
401.000 0.061
402.000 0.061
403.000 0.062
404.000 0.060
405.000 0.057
406.000 0.058
407.000 0.058
408.000 0.060
409.000 0.062
410.000 0.059
411.000 0.059
412.000 0.061
413.000 0.062
414.000 0.064
415.000 0.059
416.000 0.062
417.000 0.065
418.000 0.062
419.000 0.066
420.000 0.060
421.000 0.063
422.000 0.062
423.000 0.056
424.000 0.062
425.000 0.063
426.000 0.059
427.000 0.052
428.000 0.055
429.000 0.059
430.000 0.064
431.000 0.061
432.000 0.051
433.000 0.056
434.000 0.056
435.000 0.054
436.000 0.051
437.000 0.061
438.000 0.053
439.000 0.048
440.000 0.054
441.000 0.052
442.000 0.054
443.000 0.053
444.000 0.051
445.000 0.049
446.000 0.049
447.000 0.052
448.000 0.046
449.000 0.045
450.000 0.048
451.000 0.043
452.000 0.042
453.000 0.038
454.000 0.043
455.000 0.051
456.000 0.045
457.000 0.041
458.000 0.040
459.000 0.043
460.000 0.042
461.000 0.045
462.000 0.046
463.000 0.050
464.000 0.047
465.000 0.039
466.000 0.045
467.000 0.042
468.000 0.039
469.000 0.038
470.000 0.037
471.000 0.038
472.000 0.038
473.000 0.039
474.000 0.032
475.000 0.037
476.000 0.041
477.000 0.034
478.000 0.040
479.000 0.037
480.000 0.034
481.000 0.033
482.000 0.038
483.000 0.033
484.000 0.038
485.000 0.033
486.000 0.036
487.000 0.043
488.000 0.036
489.000 0.036
490.000 0.030
491.000 0.040
492.000 0.033
493.000 0.030
494.000 0.032
495.000 0.031
496.000 0.027
497.000 0.026
498.000 0.032
499.000 0.028
500.000 0.031
501.000 0.036
502.000 0.028
503.000 0.032
504.000 0.034
505.000 0.035
506.000 0.028
507.000 0.033
508.000 0.030
509.000 0.030
510.000 0.028
511.000 0.028
512.000 0.023
513.000 0.033
514.000 0.023
515.000 0.026
516.000 0.026
517.000 0.024
518.000 0.032
519.000 0.024
520.000 0.025
521.000 0.028
522.000 0.028
523.000 0.024
524.000 0.027
525.000 0.026
526.000 0.024
527.000 0.027
528.000 0.024
529.000 0.029
530.000 0.028
531.000 0.022
532.000 0.031
533.000 0.027
534.000 0.022
535.000 0.026
536.000 0.020
537.000 0.026
538.000 0.029
539.000 0.028
540.000 0.028
541.000 0.022
542.000 0.022
543.000 0.018
544.000 0.024
545.000 0.022
546.000 0.029
547.000 0.021
548.000 0.020
549.000 0.021
550.000 0.018
551.000 0.023
552.000 0.022
553.000 0.023
554.000 0.019
555.000 0.020
556.000 0.023
557.000 0.022
558.000 0.023
559.000 0.024
560.000 0.017
561.000 0.027
562.000 0.016
563.000 0.025
564.000 0.017
565.000 0.017
566.000 0.018
567.000 0.021
568.000 0.024
569.000 0.019
570.000 0.020
571.000 0.018
572.000 0.025
573.000 0.023
574.000 0.021
575.000 0.019
576.000 0.019
577.000 0.023
578.000 0.025
579.000 0.023
580.000 0.022
581.000 0.020
582.000 0.016
583.000 0.018
584.000 0.016
585.000 0.017
586.000 0.017
587.000 0.020
588.000 0.019
589.000 0.020
590.000 0.017
591.000 0.022
592.000 0.021
593.000 0.015
594.000 0.014
595.000 0.019
596.000 0.018
597.000 0.016
598.000 0.015
599.000 0.018
600.000 0.018
601.000 0.019
602.000 0.018
603.000 0.019
604.000 0.016
605.000 0.022
606.000 0.017
607.000 0.016
608.000 0.015
609.000 0.020
610.000 0.018
611.000 0.016
612.000 0.020
613.000 0.017
614.000 0.019
615.000 0.021
616.000 0.020
617.000 0.014
618.000 0.018
619.000 0.023
620.000 0.017
621.000 0.022
622.000 0.016
623.000 0.017
624.000 0.017
625.000 0.019
626.000 0.016
627.000 0.017
628.000 0.018
629.000 0.013
630.000 0.016
631.000 0.014
632.000 0.020
633.000 0.016
634.000 0.013
635.000 0.016
636.000 0.019
637.000 0.013
638.000 0.015
639.000 0.021
640.000 0.015
641.000 0.014
642.000 0.017
643.000 0.013
644.000 0.019
645.000 0.023
646.000 0.015
647.000 0.012
648.000 0.012
649.000 0.020
650.000 0.016
651.000 0.014
652.000 0.022
653.000 0.015
654.000 0.017
655.000 0.013
656.000 0.013
657.000 0.017
658.000 0.019
659.000 0.012
660.000 0.017
661.000 0.020
662.000 0.019
663.000 0.012
664.000 0.019
665.000 0.017
666.000 0.015
667.000 0.019
668.000 0.014
669.000 0.015
670.000 0.009
671.000 0.015
672.000 0.012
673.000 0.014
674.000 0.021
675.000 0.016
676.000 0.015
677.000 0.011
678.000 0.017
679.000 0.014
680.000 0.017
681.000 0.014
682.000 0.013
683.000 0.015
684.000 0.013
685.000 0.016
686.000 0.015
687.000 0.014
688.000 0.014
689.000 0.015
690.000 0.013
691.000 0.009
692.000 0.011
693.000 0.015
694.000 0.013
695.000 0.014
696.000 0.018
697.000 0.018
698.000 0.012
699.000 0.011
700.000 0.016
701.000 0.016
702.000 0.011
703.000 0.015
704.000 0.011
705.000 0.015
706.000 0.012
707.000 0.013
708.000 0.014
709.000 0.012
710.000 0.012
711.000 0.015
712.000 0.019
713.000 0.013
714.000 0.018
715.000 0.018
716.000 0.018
717.000 0.016
718.000 0.012
719.000 0.012
720.000 0.016
721.000 0.011
722.000 0.014
723.000 0.015
724.000 0.013
725.000 0.012
726.000 0.015
727.000 0.012
728.000 0.014
729.000 0.013
730.000 0.017
731.000 0.008
732.000 0.013
733.000 0.014
734.000 0.013
735.000 0.014
736.000 0.013
737.000 0.011
738.000 0.015
739.000 0.014
740.000 0.013
741.000 0.013
742.000 0.014
743.000 0.013
744.000 0.018
745.000 0.012
746.000 0.014
747.000 0.013
748.000 0.016
749.000 0.013
750.000 0.012
751.000 0.009
752.000 0.012
753.000 0.011
754.000 0.011
755.000 0.013
756.000 0.013
757.000 0.011
758.000 0.011
759.000 0.014
760.000 0.011
761.000 0.010
762.000 0.014
763.000 0.013
764.000 0.013
765.000 0.013
766.000 0.010
767.000 0.011
768.000 0.016
769.000 0.014
770.000 0.010
771.000 0.014
772.000 0.010
773.000 0.015
774.000 0.010
775.000 0.013
776.000 0.013
777.000 0.012
778.000 0.011
779.000 0.014
780.000 0.008
781.000 0.012
782.000 0.014
783.000 0.010
784.000 0.017
785.000 0.013
786.000 0.013
787.000 0.015
788.000 0.014
789.000 0.008
790.000 0.012
791.000 0.012
792.000 0.015
793.000 0.009
794.000 0.012
795.000 0.010
796.000 0.013
797.000 0.010
798.000 0.014
799.000 0.011
800.000 0.008
801.000 0.015
802.000 0.008
803.000 0.015
804.000 0.014
805.000 0.015
806.000 0.010
807.000 0.009
808.000 0.014
809.000 0.010
810.000 0.011
811.000 0.012
812.000 0.009
813.000 0.013
814.000 0.013
815.000 0.015
816.000 0.014
817.000 0.014
818.000 0.015
819.000 0.012
820.000 0.014
821.000 0.012
822.000 0.012
823.000 0.011
824.000 0.011
825.000 0.009
826.000 0.009
827.000 0.014
828.000 0.012
829.000 0.010
830.000 0.011
831.000 0.015
832.000 0.011
833.000 0.007
834.000 0.011
835.000 0.012
836.000 0.012
837.000 0.012
838.000 0.011
839.000 0.010
840.000 0.010
841.000 0.011
842.000 0.013
843.000 0.011
844.000 0.007
845.000 0.011
846.000 0.007
847.000 0.013
848.000 0.012
849.000 0.008
850.000 0.009
851.000 0.009
852.000 0.012
853.000 0.011
854.000 0.012
855.000 0.013
856.000 0.010
857.000 0.011
858.000 0.014
859.000 0.010
860.000 0.009
861.000 0.012
862.000 0.008
863.000 0.008
864.000 0.010
865.000 0.010
866.000 0.012
867.000 0.011
868.000 0.011
869.000 0.011
870.000 0.009
871.000 0.016
872.000 0.013
873.000 0.011
874.000 0.013
875.000 0.009
876.000 0.011
877.000 0.010
878.000 0.010
879.000 0.009
880.000 0.012
881.000 0.011
882.000 0.013
883.000 0.013
884.000 0.012
885.000 0.012
886.000 0.007
887.000 0.008
888.000 0.009
889.000 0.009
890.000 0.010
891.000 0.010
892.000 0.009
893.000 0.010
894.000 0.012
895.000 0.011
896.000 0.013
897.000 0.011
898.000 0.009
899.000 0.013
900.000 0.010
901.000 0.009
902.000 0.011
903.000 0.009
904.000 0.016
905.000 0.010
906.000 0.014
907.000 0.009
908.000 0.009
909.000 0.010
910.000 0.012
911.000 0.011
912.000 0.016
913.000 0.013
914.000 0.008
915.000 0.012
916.000 0.009
917.000 0.011
918.000 0.010
919.000 0.013
920.000 0.013
921.000 0.010
922.000 0.008
923.000 0.010
924.000 0.011
925.000 0.009
926.000 0.009
927.000 0.013
928.000 0.012
929.000 0.013
930.000 0.009
931.000 0.011
932.000 0.012
933.000 0.008
934.000 0.008
935.000 0.009
936.000 0.009
937.000 0.011
938.000 0.008
939.000 0.008
940.000 0.011
941.000 0.012
942.000 0.012
943.000 0.009
944.000 0.012
945.000 0.010
946.000 0.008
947.000 0.011
948.000 0.012
949.000 0.010
950.000 0.008
951.000 0.008
952.000 0.009
953.000 0.012
954.000 0.009
955.000 0.010
956.000 0.009
957.000 0.006
958.000 0.008
959.000 0.009
960.000 0.007
961.000 0.008
962.000 0.008
963.000 0.011
964.000 0.010
965.000 0.010
966.000 0.013
967.000 0.012
968.000 0.009
969.000 0.009
970.000 0.010
971.000 0.014
972.000 0.009
973.000 0.009
974.000 0.007
975.000 0.009
976.000 0.007
977.000 0.011
978.000 0.010
979.000 0.008
980.000 0.009
981.000 0.010
982.000 0.007
983.000 0.009
984.000 0.009
985.000 0.010
986.000 0.012
987.000 0.012
988.000 0.012
989.000 0.009
990.000 0.008
991.000 0.009
992.000 0.007
993.000 0.009
994.000 0.009
995.000 0.008
996.000 0.010
997.000 0.009
998.000 0.007
999.000 0.009
1000.000 0.015
1001.000 0.007
1002.000 0.012
1003.000 0.008
1004.000 0.010
1005.000 0.013
1006.000 0.010
1007.000 0.009
1008.000 0.013
1009.000 0.012
1010.000 0.010
1011.000 0.008
1012.000 0.011
1013.000 0.011
1014.000 0.009
1015.000 0.009
1016.000 0.008
1017.000 0.008
1018.000 0.011
1019.000 0.013
1020.000 0.010
1021.000 0.009
1022.000 0.010
1023.000 0.009
1024.000 0.009
1025.000 0.008
1026.000 0.008
1027.000 0.009
1028.000 0.009
1029.000 0.009
1030.000 0.011
1031.000 0.009
1032.000 0.010
1033.000 0.008
1034.000 0.007
1035.000 0.008
1036.000 0.009
1037.000 0.009
1038.000 0.010
1039.000 0.008
1040.000 0.009
1041.000 0.010
1042.000 0.007
1043.000 0.008
1044.000 0.010
1045.000 0.009
1046.000 0.013
1047.000 0.010
1048.000 0.009
1049.000 0.009
1050.000 0.007
1051.000 0.009
1052.000 0.011
1053.000 0.009
1054.000 0.011
1055.000 0.009
1056.000 0.008
1057.000 0.010
1058.000 0.009
1059.000 0.006
1060.000 0.011
1061.000 0.006
1062.000 0.010
1063.000 0.008
1064.000 0.008
1065.000 0.008
1066.000 0.009
1067.000 0.010
1068.000 0.008
1069.000 0.007
1070.000 0.009
1071.000 0.008
1072.000 0.009
1073.000 0.009
1074.000 0.009
1075.000 0.009
1076.000 0.008
1077.000 0.008
1078.000 0.011
1079.000 0.006
1080.000 0.006
1081.000 0.008
1082.000 0.008
1083.000 0.007
1084.000 0.007
1085.000 0.009
1086.000 0.007
1087.000 0.008
1088.000 0.010
1089.000 0.008
1090.000 0.008
1091.000 0.010
1092.000 0.006
1093.000 0.008
1094.000 0.011
1095.000 0.010
1096.000 0.009
1097.000 0.008
1098.000 0.010
1099.000 0.011
1100.000 0.007
1101.000 0.008
1102.000 0.007
1103.000 0.005
1104.000 0.006
1105.000 0.009
1106.000 0.008
1107.000 0.008
1108.000 0.009
1109.000 0.007
1110.000 0.010
1111.000 0.008
1112.000 0.007
1113.000 0.008
1114.000 0.007
1115.000 0.010
1116.000 0.008
1117.000 0.006
1118.000 0.010
1119.000 0.006
1120.000 0.011
1121.000 0.007
1122.000 0.012
1123.000 0.006
1124.000 0.009
1125.000 0.009
1126.000 0.011
1127.000 0.008
1128.000 0.009
1129.000 0.011
1130.000 0.006
1131.000 0.007
1132.000 0.006
1133.000 0.008
1134.000 0.008
1135.000 0.010
1136.000 0.007
1137.000 0.011
1138.000 0.009
1139.000 0.007
1140.000 0.009
1141.000 0.008
1142.000 0.008
1143.000 0.011
1144.000 0.006
1145.000 0.012
1146.000 0.008
1147.000 0.008
1148.000 0.011
1149.000 0.006
1150.000 0.007
1151.000 0.008
1152.000 0.006
1153.000 0.006
1154.000 0.008
1155.000 0.012
1156.000 0.011
1157.000 0.008
1158.000 0.009
1159.000 0.006
1160.000 0.005
1161.000 0.008
1162.000 0.008
1163.000 0.008
1164.000 0.006
1165.000 0.008
1166.000 0.009
1167.000 0.010
1168.000 0.010
1169.000 0.012
1170.000 0.006
1171.000 0.008
1172.000 0.009
1173.000 0.010
1174.000 0.007
1175.000 0.007
1176.000 0.008
1177.000 0.008
1178.000 0.008
1179.000 0.007
1180.000 0.010
1181.000 0.008
1182.000 0.010
1183.000 0.009
1184.000 0.009
1185.000 0.007
1186.000 0.009
1187.000 0.007
1188.000 0.008
1189.000 0.009
1190.000 0.008
1191.000 0.007
1192.000 0.007
1193.000 0.010
1194.000 0.008
1195.000 0.007
1196.000 0.006
1197.000 0.008
1198.000 0.007
1199.000 0.009
1200.000 0.008
1201.000 0.008
1202.000 0.007
1203.000 0.007
1204.000 0.006
1205.000 0.007
1206.000 0.007
1207.000 0.009
1208.000 0.007
1209.000 0.007
1210.000 0.010
1211.000 0.005
1212.000 0.006
1213.000 0.008
1214.000 0.008
1215.000 0.009
1216.000 0.009
1217.000 0.008
1218.000 0.009
1219.000 0.008
1220.000 0.009
1221.000 0.008
1222.000 0.008
1223.000 0.004
1224.000 0.009
1225.000 0.006
1226.000 0.008
1227.000 0.007
1228.000 0.008
1229.000 0.009
1230.000 0.008
1231.000 0.007
1232.000 0.005
1233.000 0.007
1234.000 0.011
1235.000 0.008
1236.000 0.007
1237.000 0.009
1238.000 0.009
1239.000 0.009
1240.000 0.006
1241.000 0.007
1242.000 0.006
1243.000 0.007
1244.000 0.009
1245.000 0.007
1246.000 0.008
1247.000 0.005
1248.000 0.007
1249.000 0.007
1250.000 0.007
1251.000 0.009
1252.000 0.006
1253.000 0.008
1254.000 0.009
1255.000 0.010
1256.000 0.009
1257.000 0.009
1258.000 0.009
1259.000 0.008
1260.000 0.009
1261.000 0.007
1262.000 0.010
1263.000 0.006
1264.000 0.010
1265.000 0.008
1266.000 0.008
1267.000 0.005
1268.000 0.007
1269.000 0.009
1270.000 0.008
1271.000 0.009
1272.000 0.007
1273.000 0.009
1274.000 0.006
1275.000 0.007
1276.000 0.011
1277.000 0.006
1278.000 0.006
1279.000 0.010
1280.000 0.009
1281.000 0.005
1282.000 0.008
1283.000 0.006
1284.000 0.010
1285.000 0.009
1286.000 0.006
1287.000 0.008
1288.000 0.007
1289.000 0.006
1290.000 0.007
1291.000 0.007
1292.000 0.008
1293.000 0.008
1294.000 0.007
1295.000 0.007
1296.000 0.006
1297.000 0.006
1298.000 0.007
1299.000 0.009
1300.000 0.007
1301.000 0.006
1302.000 0.010
1303.000 0.009
1304.000 0.004
1305.000 0.007
1306.000 0.008
1307.000 0.009
1308.000 0.008
1309.000 0.006
1310.000 0.012
1311.000 0.010
1312.000 0.009
1313.000 0.008
1314.000 0.009
1315.000 0.007
1316.000 0.008
1317.000 0.008
1318.000 0.010
1319.000 0.006
1320.000 0.008
1321.000 0.007
1322.000 0.009
1323.000 0.007
1324.000 0.008
1325.000 0.009
1326.000 0.008
1327.000 0.005
1328.000 0.009
1329.000 0.005
1330.000 0.008
1331.000 0.006
1332.000 0.007
1333.000 0.009
1334.000 0.007
1335.000 0.008
1336.000 0.007
1337.000 0.008
1338.000 0.006
1339.000 0.007
1340.000 0.005
1341.000 0.007
1342.000 0.009
1343.000 0.007
1344.000 0.008
1345.000 0.007
1346.000 0.010
1347.000 0.010
1348.000 0.009
1349.000 0.008
1350.000 0.008
1351.000 0.010
1352.000 0.009
1353.000 0.006
1354.000 0.007
1355.000 0.014
1356.000 0.009
1357.000 0.008
1358.000 0.007
1359.000 0.006
1360.000 0.011
1361.000 0.006
1362.000 0.009
1363.000 0.008
1364.000 0.010
1365.000 0.009
1366.000 0.006
1367.000 0.008
1368.000 0.008
1369.000 0.007
1370.000 0.008
1371.000 0.009
1372.000 0.009
1373.000 0.007
1374.000 0.008
1375.000 0.008
1376.000 0.006
1377.000 0.008
1378.000 0.008
1379.000 0.009
1380.000 0.008
1381.000 0.008
1382.000 0.007
1383.000 0.008
1384.000 0.008
1385.000 0.010
1386.000 0.008
1387.000 0.009
1388.000 0.010
1389.000 0.008
1390.000 0.008
1391.000 0.011
1392.000 0.008
1393.000 0.008
1394.000 0.010
1395.000 0.008
1396.000 0.007
1397.000 0.010
1398.000 0.009
1399.000 0.007
1400.000 0.008
1401.000 0.008
1402.000 0.009
1403.000 0.008
1404.000 0.006
1405.000 0.008
1406.000 0.011
1407.000 0.007
1408.000 0.007
1409.000 0.010
1410.000 0.008
1411.000 0.010
1412.000 0.009
1413.000 0.006
1414.000 0.010
1415.000 0.009
1416.000 0.010
1417.000 0.008
1418.000 0.010
1419.000 0.007
1420.000 0.009
1421.000 0.011
1422.000 0.010
1423.000 0.008
1424.000 0.007
1425.000 0.007
1426.000 0.009
1427.000 0.007
1428.000 0.009
1429.000 0.009
1430.000 0.009
1431.000 0.010
1432.000 0.007
1433.000 0.010
1434.000 0.008
1435.000 0.009
1436.000 0.013
1437.000 0.011
1438.000 0.010
1439.000 0.009
1440.000 0.008
1441.000 0.009
1442.000 0.010
1443.000 0.007
1444.000 0.009
1445.000 0.009
1446.000 0.008
1447.000 0.008
1448.000 0.011
1449.000 0.010
1450.000 0.010
1451.000 0.008
1452.000 0.011
1453.000 0.009
1454.000 0.007
1455.000 0.008
1456.000 0.010
1457.000 0.010
1458.000 0.010
1459.000 0.011
1460.000 0.008
1461.000 0.013
1462.000 0.010
1463.000 0.009
1464.000 0.009
1465.000 0.011
1466.000 0.013
1467.000 0.009
1468.000 0.008
1469.000 0.009
1470.000 0.007
1471.000 0.008
1472.000 0.009
1473.000 0.008
1474.000 0.011
1475.000 0.010
1476.000 0.007
1477.000 0.011
1478.000 0.009
1479.000 0.010
1480.000 0.009
1481.000 0.009
1482.000 0.011
1483.000 0.010
1484.000 0.009
1485.000 0.011
1486.000 0.012
1487.000 0.009
1488.000 0.010
1489.000 0.014
1490.000 0.009
1491.000 0.011
1492.000 0.009
1493.000 0.012
1494.000 0.009
1495.000 0.011
1496.000 0.011
1497.000 0.010
1498.000 0.010
1499.000 0.008
1500.000 0.012
1501.000 0.011
1502.000 0.010
1503.000 0.011
1504.000 0.009
1505.000 0.012
1506.000 0.010
1507.000 0.011
1508.000 0.011
1509.000 0.009
1510.000 0.011
1511.000 0.012
1512.000 0.010
1513.000 0.010
1514.000 0.012
1515.000 0.013
1516.000 0.013
1517.000 0.013
1518.000 0.011
1519.000 0.012
1520.000 0.013
1521.000 0.012
1522.000 0.014
1523.000 0.011
1524.000 0.013
1525.000 0.012
1526.000 0.013
1527.000 0.012
1528.000 0.010
1529.000 0.013
1530.000 0.012
1531.000 0.010
1532.000 0.012
1533.000 0.011
1534.000 0.011
1535.000 0.012
1536.000 0.012
1537.000 0.013
1538.000 0.015
1539.000 0.011
1540.000 0.013
1541.000 0.012
1542.000 0.013
1543.000 0.013
1544.000 0.012
1545.000 0.013
1546.000 0.012
1547.000 0.016
1548.000 0.013
1549.000 0.010
1550.000 0.013
1551.000 0.012
1552.000 0.014
1553.000 0.017
1554.000 0.013
1555.000 0.013
1556.000 0.013
1557.000 0.013
1558.000 0.012
1559.000 0.016
1560.000 0.012
1561.000 0.013
1562.000 0.013
1563.000 0.013
1564.000 0.013
1565.000 0.015
1566.000 0.013
1567.000 0.014
1568.000 0.012
1569.000 0.015
1570.000 0.014
1571.000 0.015
1572.000 0.015
1573.000 0.015
1574.000 0.013
1575.000 0.016
1576.000 0.016
1577.000 0.012
1578.000 0.015
1579.000 0.018
1580.000 0.016
1581.000 0.016
1582.000 0.015
1583.000 0.016
1584.000 0.017
1585.000 0.017
1586.000 0.016
1587.000 0.015
1588.000 0.018
1589.000 0.016
1590.000 0.016
1591.000 0.017
1592.000 0.015
1593.000 0.017
1594.000 0.017
1595.000 0.015
1596.000 0.015
1597.000 0.018
1598.000 0.016
1599.000 0.017
1600.000 0.018
1601.000 0.016
1602.000 0.016
1603.000 0.016
1604.000 0.017
1605.000 0.017
1606.000 0.016
1607.000 0.017
1608.000 0.018
1609.000 0.016
1610.000 0.014
1611.000 0.019
1612.000 0.017
1613.000 0.018
1614.000 0.017
1615.000 0.018
1616.000 0.017
1617.000 0.017
1618.000 0.018
1619.000 0.021
1620.000 0.021
1621.000 0.019
1622.000 0.017
1623.000 0.019
1624.000 0.017
1625.000 0.017
1626.000 0.017
1627.000 0.022
1628.000 0.018
1629.000 0.020
1630.000 0.021
1631.000 0.019
1632.000 0.021
1633.000 0.019
1634.000 0.021
1635.000 0.020
1636.000 0.022
1637.000 0.021
1638.000 0.019
1639.000 0.019
1640.000 0.020
1641.000 0.020
1642.000 0.019
1643.000 0.020
1644.000 0.020
1645.000 0.023
1646.000 0.020
1647.000 0.020
1648.000 0.022
1649.000 0.019
1650.000 0.023
1651.000 0.020
1652.000 0.022
1653.000 0.023
1654.000 0.021
1655.000 0.023
1656.000 0.022
1657.000 0.025
1658.000 0.025
1659.000 0.020
1660.000 0.021
1661.000 0.025
1662.000 0.024
1663.000 0.021
1664.000 0.023
1665.000 0.023
1666.000 0.024
1667.000 0.023
1668.000 0.024
1669.000 0.023
1670.000 0.024
1671.000 0.026
1672.000 0.026
1673.000 0.025
1674.000 0.024
1675.000 0.027
1676.000 0.025
1677.000 0.023
1678.000 0.024
1679.000 0.024
1680.000 0.025
1681.000 0.025
1682.000 0.023
1683.000 0.027
1684.000 0.027
1685.000 0.027
1686.000 0.025
1687.000 0.025
1688.000 0.026
1689.000 0.026
1690.000 0.025
1691.000 0.028
1692.000 0.026
1693.000 0.028
1694.000 0.029
1695.000 0.028
1696.000 0.029
1697.000 0.028
1698.000 0.026
1699.000 0.029
1700.000 0.028
1701.000 0.029
1702.000 0.029
1703.000 0.028
1704.000 0.030
1705.000 0.030
1706.000 0.030
1707.000 0.030
1708.000 0.029
1709.000 0.032
1710.000 0.032
1711.000 0.030
1712.000 0.030
1713.000 0.031
1714.000 0.033
1715.000 0.033
1716.000 0.031
1717.000 0.033
1718.000 0.031
1719.000 0.032
1720.000 0.031
1721.000 0.032
1722.000 0.034
1723.000 0.033
1724.000 0.036
1725.000 0.031
1726.000 0.033
1727.000 0.034
1728.000 0.032
1729.000 0.034
1730.000 0.032
1731.000 0.034
1732.000 0.036
1733.000 0.033
1734.000 0.035
1735.000 0.035
1736.000 0.037
1737.000 0.037
1738.000 0.034
1739.000 0.036
1740.000 0.036
1741.000 0.038
1742.000 0.036
1743.000 0.036
1744.000 0.038
1745.000 0.038
1746.000 0.038
1747.000 0.036
1748.000 0.039
1749.000 0.038
1750.000 0.040
1751.000 0.036
1752.000 0.038
1753.000 0.042
1754.000 0.039
1755.000 0.040
1756.000 0.040
1757.000 0.040
1758.000 0.042
1759.000 0.040
1760.000 0.040
1761.000 0.040
1762.000 0.042
1763.000 0.043
1764.000 0.041
1765.000 0.043
1766.000 0.041
1767.000 0.044
1768.000 0.042
1769.000 0.043
1770.000 0.042
1771.000 0.043
1772.000 0.045
1773.000 0.042
1774.000 0.045
1775.000 0.046
1776.000 0.044
1777.000 0.045
1778.000 0.046
1779.000 0.044
1780.000 0.045
1781.000 0.048
1782.000 0.046
1783.000 0.047
1784.000 0.048
1785.000 0.050
1786.000 0.048
1787.000 0.049
1788.000 0.049
1789.000 0.049
1790.000 0.048
1791.000 0.052
1792.000 0.050
1793.000 0.051
1794.000 0.050
1795.000 0.052
1796.000 0.051
1797.000 0.048
1798.000 0.054
1799.000 0.052
1800.000 0.056
1801.000 0.051
1802.000 0.053
1803.000 0.054
1804.000 0.054
1805.000 0.054
1806.000 0.055
1807.000 0.056
1808.000 0.057
1809.000 0.056
1810.000 0.055
1811.000 0.055
1812.000 0.059
1813.000 0.056
1814.000 0.057
1815.000 0.060
1816.000 0.059
1817.000 0.058
1818.000 0.058
1819.000 0.061
1820.000 0.059
1821.000 0.060
1822.000 0.060
1823.000 0.061
1824.000 0.060
1825.000 0.061
1826.000 0.061
1827.000 0.062
1828.000 0.064
1829.000 0.063
1830.000 0.062
1831.000 0.062
1832.000 0.062
1833.000 0.063
1834.000 0.063
1835.000 0.064
1836.000 0.064
1837.000 0.064
1838.000 0.064
1839.000 0.069
1840.000 0.062
1841.000 0.067
1842.000 0.066
1843.000 0.066
1844.000 0.068
1845.000 0.069
1846.000 0.068
1847.000 0.069
1848.000 0.068
1849.000 0.068
1850.000 0.069
1851.000 0.069
1852.000 0.071
1853.000 0.069
1854.000 0.072
1855.000 0.069
1856.000 0.071
1857.000 0.071
1858.000 0.072
1859.000 0.073
1860.000 0.072
1861.000 0.073
1862.000 0.074
1863.000 0.072
1864.000 0.076
1865.000 0.074
1866.000 0.075
1867.000 0.073
1868.000 0.076
1869.000 0.077
1870.000 0.076
1871.000 0.076
1872.000 0.077
1873.000 0.078
1874.000 0.079
1875.000 0.080
1876.000 0.078
1877.000 0.077
1878.000 0.079
1879.000 0.080
1880.000 0.078
1881.000 0.081
1882.000 0.081
1883.000 0.079
1884.000 0.081
1885.000 0.080
1886.000 0.081
1887.000 0.083
1888.000 0.084
1889.000 0.084
1890.000 0.084
1891.000 0.083
1892.000 0.084
1893.000 0.085
1894.000 0.083
1895.000 0.086
1896.000 0.087
1897.000 0.086
1898.000 0.086
1899.000 0.087
1900.000 0.086
1901.000 0.090
1902.000 0.089
1903.000 0.091
1904.000 0.090
1905.000 0.093
1906.000 0.089
1907.000 0.091
1908.000 0.089
1909.000 0.092
1910.000 0.090
1911.000 0.094
1912.000 0.094
1913.000 0.095
1914.000 0.095
1915.000 0.095
1916.000 0.096
1917.000 0.097
1918.000 0.096
1919.000 0.099
1920.000 0.099
1921.000 0.097
1922.000 0.099
1923.000 0.099
1924.000 0.101
1925.000 0.102
1926.000 0.102
1927.000 0.103
1928.000 0.103
1929.000 0.107
1930.000 0.106
1931.000 0.104
1932.000 0.108
1933.000 0.107
1934.000 0.108
1935.000 0.109
1936.000 0.109
1937.000 0.108
1938.000 0.111
1939.000 0.111
1940.000 0.114
1941.000 0.115
1942.000 0.115
1943.000 0.115
1944.000 0.116
1945.000 0.118
1946.000 0.119
1947.000 0.119
1948.000 0.122
1949.000 0.122
1950.000 0.124
1951.000 0.122
1952.000 0.126
1953.000 0.126
1954.000 0.126
1955.000 0.127
1956.000 0.130
1957.000 0.130
1958.000 0.133
1959.000 0.134
1960.000 0.137
1961.000 0.137
1962.000 0.139
1963.000 0.142
1964.000 0.142
1965.000 0.146
1966.000 0.147
1967.000 0.147
1968.000 0.149
1969.000 0.153
1970.000 0.154
1971.000 0.155
1972.000 0.158
1973.000 0.160
1974.000 0.166
1975.000 0.166
1976.000 0.169
1977.000 0.169
1978.000 0.174
1979.000 0.179
1980.000 0.181
1981.000 0.184
1982.000 0.185
1983.000 0.190
1984.000 0.196
1985.000 0.200
1986.000 0.204
1987.000 0.206
1988.000 0.212
1989.000 0.216
1990.000 0.218
1991.000 0.227
1992.000 0.232
1993.000 0.240
1994.000 0.246
1995.000 0.253
1996.000 0.262
1997.000 0.272
1998.000 0.278
1999.000 0.288
2000.000 0.295
2001.000 0.309
2002.000 0.317
2003.000 0.332
2004.000 0.349
2005.000 0.363
2006.000 0.382
2007.000 0.393
2008.000 0.418
2009.000 0.447
2010.000 0.461
2011.000 0.494
2012.000 0.515
2013.000 0.556
2014.000 0.577
2015.000 0.624
2016.000 0.672
2017.000 0.696
2018.000 0.747
2019.000 0.791
2020.000 0.810
2021.000 0.830
2022.000 0.833
2023.000 0.820
2024.000 0.780
2025.000 0.754
2026.000 0.690
2027.000 0.656
2028.000 0.592
2029.000 0.557
2030.000 0.504
2031.000 0.458
2032.000 0.435
2033.000 0.396
2034.000 0.362
2035.000 0.346
2036.000 0.320
2037.000 0.309
2038.000 0.286
2039.000 0.277
2040.000 0.258
2041.000 0.241
2042.000 0.232
2043.000 0.218
2044.000 0.204
2045.000 0.199
2046.000 0.188
2047.000 0.184
2048.000 0.172
2049.000 0.164
2050.000 0.162
2051.000 0.152
2052.000 0.147
2053.000 0.142
2054.000 0.141
2055.000 0.133
2056.000 0.129
2057.000 0.124
2058.000 0.118
2059.000 0.115
2060.000 0.112
2061.000 0.107
2062.000 0.105
2063.000 0.100
2064.000 0.099
2065.000 0.096
2066.000 0.090
2067.000 0.091
2068.000 0.085
2069.000 0.084
2070.000 0.083
2071.000 0.078
2072.000 0.076
2073.000 0.074
2074.000 0.075
2075.000 0.071
2076.000 0.068
2077.000 0.064
2078.000 0.064
2079.000 0.062
2080.000 0.061
2081.000 0.060
2082.000 0.057
2083.000 0.056
2084.000 0.054
2085.000 0.053
2086.000 0.052
2087.000 0.051
2088.000 0.048
2089.000 0.048
2090.000 0.047
2091.000 0.047
2092.000 0.045
2093.000 0.044
2094.000 0.043
2095.000 0.039
2096.000 0.040
2097.000 0.038
2098.000 0.037
2099.000 0.038
2100.000 0.034
2101.000 0.035
2102.000 0.034
2103.000 0.033
2104.000 0.032
2105.000 0.030
2106.000 0.028
2107.000 0.030
2108.000 0.029
2109.000 0.028
2110.000 0.027
2111.000 0.025
2112.000 0.026
2113.000 0.024
2114.000 0.025
2115.000 0.023
2116.000 0.021
2117.000 0.020
2118.000 0.022
2119.000 0.018
2120.000 0.020
2121.000 0.018
2122.000 0.016
2123.000 0.017
2124.000 0.014
2125.000 0.015
2126.000 0.013
2127.000 0.015
2128.000 0.013
2129.000 0.013
2130.000 0.013
2131.000 0.012
2132.000 0.012
2133.000 0.009
2134.000 0.007
2135.000 0.010
2136.000 0.008
2137.000 0.009
2138.000 0.009
2139.000 0.008
2140.000 0.006
2141.000 0.006
2142.000 0.005
2143.000 0.008
2144.000 0.006
2145.000 0.007
2146.000 0.006
2147.000 0.008
2148.000 0.007
2149.000 0.006
2150.000 0.006
2151.000 0.008
2152.000 0.007
2153.000 0.009
2154.000 0.009
2155.000 0.011
2156.000 0.011
2157.000 0.009
2158.000 0.011
2159.000 0.015
2160.000 0.012
2161.000 0.014
2162.000 0.012
2163.000 0.015
2164.000 0.015
2165.000 0.015
2166.000 0.017
2167.000 0.017
2168.000 0.031
2169.000 0.021
2170.000 0.018
2171.000 0.018
2172.000 0.021
2173.000 0.021
2174.000 0.021
2175.000 0.023
2176.000 0.023
2177.000 0.024
2178.000 0.026
2179.000 0.028
2180.000 0.025
2181.000 0.025
2182.000 0.026
2183.000 0.028
2184.000 0.031
2185.000 0.030
2186.000 0.030
2187.000 0.032
2188.000 0.031
2189.000 0.031
2190.000 0.034
2191.000 0.035
2192.000 0.037
2193.000 0.037
2194.000 0.038
2195.000 0.040
2196.000 0.041
2197.000 0.040
2198.000 0.044
2199.000 0.044
2200.000 0.047
2201.000 0.045
2202.000 0.047
2203.000 0.049
2204.000 0.048
2205.000 0.053
2206.000 0.055
2207.000 0.056
2208.000 0.058
2209.000 0.060
2210.000 0.062
2211.000 0.062
2212.000 0.068
2213.000 0.071
2214.000 0.071
2215.000 0.072
2216.000 0.080
2217.000 0.078
2218.000 0.081
2219.000 0.087
2220.000 0.090
2221.000 0.092
2222.000 0.096
2223.000 0.103
2224.000 0.107
2225.000 0.113
2226.000 0.115
2227.000 0.124
2228.000 0.134
2229.000 0.135
2230.000 0.146
2231.000 0.151
2232.000 0.164
2233.000 0.171
2234.000 0.186
2235.000 0.201
2236.000 0.208
2237.000 0.225
2238.000 0.248
2239.000 0.259
2240.000 0.281
2241.000 0.301
2242.000 0.310
2243.000 0.319
2244.000 0.332
2245.000 0.338
2246.000 0.340
2247.000 0.331
2248.000 0.325
2249.000 0.302
2250.000 0.281
2251.000 0.264
2252.000 0.243
2253.000 0.223
2254.000 0.213
2255.000 0.203
2256.000 0.188
2257.000 0.174
2258.000 0.168
2259.000 0.156
2260.000 0.147
2261.000 0.141
2262.000 0.133
2263.000 0.128
2264.000 0.122
2265.000 0.116
2266.000 0.113
2267.000 0.108
2268.000 0.104
2269.000 0.100
2270.000 0.097
2271.000 0.097
2272.000 0.092
2273.000 0.088
2274.000 0.086
2275.000 0.082
2276.000 0.083
2277.000 0.078
2278.000 0.076
2279.000 0.073
2280.000 0.071
2281.000 0.071
2282.000 0.068
2283.000 0.066
2284.000 0.066
2285.000 0.064
2286.000 0.061
2287.000 0.061
2288.000 0.063
2289.000 0.058
2290.000 0.058
2291.000 0.057
2292.000 0.055
2293.000 0.055
2294.000 0.052
2295.000 0.052
2296.000 0.051
2297.000 0.052
2298.000 0.050
2299.000 0.048
2300.000 0.051
2301.000 0.048
2302.000 0.046
2303.000 0.044
2304.000 0.044
2305.000 0.046
2306.000 0.046
2307.000 0.040
2308.000 0.042
2309.000 0.041
2310.000 0.041
2311.000 0.043
2312.000 0.041
2313.000 0.038
2314.000 0.037
2315.000 0.037
2316.000 0.038
2317.000 0.037
2318.000 0.037
2319.000 0.037
2320.000 0.035
2321.000 0.035
2322.000 0.033
2323.000 0.034
2324.000 0.034
2325.000 0.034
2326.000 0.035
2327.000 0.032
2328.000 0.032
2329.000 0.033
2330.000 0.031
2331.000 0.033
2332.000 0.031
2333.000 0.031
2334.000 0.032
2335.000 0.030
2336.000 0.028
2337.000 0.029
2338.000 0.030
2339.000 0.028
2340.000 0.028
2341.000 0.031
2342.000 0.028
2343.000 0.029
2344.000 0.031
2345.000 0.027
2346.000 0.028
2347.000 0.027
2348.000 0.026
2349.000 0.026
2350.000 0.026
2351.000 0.026
2352.000 0.026
2353.000 0.025
2354.000 0.024
2355.000 0.023
2356.000 0.025
2357.000 0.023
2358.000 0.023
2359.000 0.024
2360.000 0.023
2361.000 0.024
2362.000 0.023
2363.000 0.022
2364.000 0.023
2365.000 0.025
2366.000 0.021
2367.000 0.020
2368.000 0.025
2369.000 0.021
2370.000 0.022
2371.000 0.021
2372.000 0.024
2373.000 0.020
2374.000 0.023
2375.000 0.019
2376.000 0.020
2377.000 0.020
2378.000 0.020
2379.000 0.021
2380.000 0.019
2381.000 0.019
2382.000 0.022
2383.000 0.021
2384.000 0.020
2385.000 0.020
2386.000 0.019
2387.000 0.020
2388.000 0.020
2389.000 0.019
2390.000 0.018
2391.000 0.018
2392.000 0.018
2393.000 0.019
2394.000 0.018
2395.000 0.018
2396.000 0.017
2397.000 0.017
2398.000 0.017
2399.000 0.018
2400.000 0.019
2401.000 0.019
2402.000 0.019
2403.000 0.019
2404.000 0.020
2405.000 0.019
2406.000 0.020
2407.000 0.017
2408.000 0.019
2409.000 0.016
2410.000 0.017
2411.000 0.015
2412.000 0.018
2413.000 0.017
2414.000 0.017
2415.000 0.017
2416.000 0.019
2417.000 0.017
2418.000 0.017
2419.000 0.017
2420.000 0.014
2421.000 0.016
2422.000 0.017
2423.000 0.017
2424.000 0.015
2425.000 0.016
2426.000 0.015
2427.000 0.016
2428.000 0.016
2429.000 0.015
2430.000 0.016
2431.000 0.015
2432.000 0.015
2433.000 0.017
2434.000 0.016
2435.000 0.015
2436.000 0.015
2437.000 0.015
2438.000 0.016
2439.000 0.015
2440.000 0.018
2441.000 0.016
2442.000 0.015
2443.000 0.014
2444.000 0.016
2445.000 0.016
2446.000 0.016
2447.000 0.015
2448.000 0.015
2449.000 0.015
2450.000 0.015
2451.000 0.016
2452.000 0.015
2453.000 0.015
2454.000 0.015
2455.000 0.014
2456.000 0.015
2457.000 0.015
2458.000 0.015
2459.000 0.014
2460.000 0.015
2461.000 0.014
2462.000 0.013
2463.000 0.015
2464.000 0.013
2465.000 0.013
2466.000 0.015
2467.000 0.015
2468.000 0.014
2469.000 0.014
2470.000 0.017
2471.000 0.012
2472.000 0.013
2473.000 0.015
2474.000 0.014
2475.000 0.016
2476.000 0.015
2477.000 0.014
2478.000 0.014
2479.000 0.013
2480.000 0.015
2481.000 0.014
2482.000 0.013
2483.000 0.014
2484.000 0.013
2485.000 0.013
2486.000 0.014
2487.000 0.015
2488.000 0.013
2489.000 0.015
2490.000 0.015
2491.000 0.015
2492.000 0.014
2493.000 0.015
2494.000 0.015
2495.000 0.015
2496.000 0.014
2497.000 0.014
2498.000 0.013
2499.000 0.015
2500.000 0.016
2501.000 0.014
2502.000 0.014
2503.000 0.015
2504.000 0.014
2505.000 0.015
2506.000 0.015
2507.000 0.016
2508.000 0.015
2509.000 0.016
2510.000 0.013
2511.000 0.016
2512.000 0.014
2513.000 0.013
2514.000 0.016
2515.000 0.014
2516.000 0.014
2517.000 0.015
2518.000 0.016
2519.000 0.013
2520.000 0.016
2521.000 0.015
2522.000 0.014
2523.000 0.014
2524.000 0.014
2525.000 0.015
2526.000 0.014
2527.000 0.016
2528.000 0.013
2529.000 0.016
2530.000 0.016
2531.000 0.015
2532.000 0.014
2533.000 0.016
2534.000 0.015
2535.000 0.014
2536.000 0.015
2537.000 0.015
2538.000 0.016
2539.000 0.016
2540.000 0.017
2541.000 0.017
2542.000 0.018
2543.000 0.014
2544.000 0.016
2545.000 0.016
2546.000 0.017
2547.000 0.015
2548.000 0.013
2549.000 0.016
2550.000 0.016
2551.000 0.017
2552.000 0.018
2553.000 0.017
2554.000 0.015
2555.000 0.015
2556.000 0.018
2557.000 0.014
2558.000 0.017
2559.000 0.016
2560.000 0.015
2561.000 0.017
2562.000 0.015
2563.000 0.018
2564.000 0.017
2565.000 0.017
2566.000 0.016
2567.000 0.017
2568.000 0.016
2569.000 0.018
2570.000 0.016
2571.000 0.018
2572.000 0.017
2573.000 0.017
2574.000 0.018
2575.000 0.016
2576.000 0.018
2577.000 0.018
2578.000 0.018
2579.000 0.018
2580.000 0.017
2581.000 0.017
2582.000 0.018
2583.000 0.020
2584.000 0.019
2585.000 0.017
2586.000 0.019
2587.000 0.019
2588.000 0.020
2589.000 0.018
2590.000 0.019
2591.000 0.017
2592.000 0.017
2593.000 0.019
2594.000 0.017
2595.000 0.017
2596.000 0.019
2597.000 0.018
2598.000 0.019
2599.000 0.018
2600.000 0.020
2601.000 0.018
2602.000 0.018
2603.000 0.020
2604.000 0.019
2605.000 0.020
2606.000 0.019
2607.000 0.018
2608.000 0.021
2609.000 0.018
2610.000 0.020
2611.000 0.020
2612.000 0.019
2613.000 0.020
2614.000 0.021
2615.000 0.022
2616.000 0.022
2617.000 0.020
2618.000 0.021
2619.000 0.020
2620.000 0.022
2621.000 0.020
2622.000 0.020
2623.000 0.021
2624.000 0.018
2625.000 0.019
2626.000 0.020
2627.000 0.021
2628.000 0.021
2629.000 0.022
2630.000 0.022
2631.000 0.021
2632.000 0.021
2633.000 0.022
2634.000 0.022
2635.000 0.023
2636.000 0.023
2637.000 0.022
2638.000 0.023
2639.000 0.022
2640.000 0.022
2641.000 0.022
2642.000 0.024
2643.000 0.022
2644.000 0.024
2645.000 0.022
2646.000 0.023
2647.000 0.023
2648.000 0.021
2649.000 0.025
2650.000 0.024
2651.000 0.024
2652.000 0.022
2653.000 0.023
2654.000 0.026
2655.000 0.024
2656.000 0.025
2657.000 0.023
2658.000 0.024
2659.000 0.025
2660.000 0.023
2661.000 0.023
2662.000 0.026
2663.000 0.025
2664.000 0.024
2665.000 0.026
2666.000 0.024
2667.000 0.026
2668.000 0.024
2669.000 0.025
2670.000 0.027
2671.000 0.025
2672.000 0.027
2673.000 0.027
2674.000 0.025
2675.000 0.026
2676.000 0.026
2677.000 0.026
2678.000 0.026
2679.000 0.028
2680.000 0.026
2681.000 0.025
2682.000 0.027
2683.000 0.027
2684.000 0.029
2685.000 0.026
2686.000 0.028
2687.000 0.027
2688.000 0.028
2689.000 0.028
2690.000 0.026
2691.000 0.028
2692.000 0.028
2693.000 0.028
2694.000 0.027
2695.000 0.029
2696.000 0.028
2697.000 0.029
2698.000 0.028
2699.000 0.029
2700.000 0.029
2701.000 0.029
2702.000 0.028
2703.000 0.031
2704.000 0.031
2705.000 0.030
2706.000 0.030
2707.000 0.029
2708.000 0.031
2709.000 0.030
2710.000 0.031
2711.000 0.030
2712.000 0.031
2713.000 0.030
2714.000 0.032
2715.000 0.032
2716.000 0.032
2717.000 0.031
2718.000 0.031
2719.000 0.030
2720.000 0.029
2721.000 0.031
2722.000 0.030
2723.000 0.032
2724.000 0.031
2725.000 0.034
2726.000 0.033
2727.000 0.034
2728.000 0.033
2729.000 0.033
2730.000 0.034
2731.000 0.031
2732.000 0.033
2733.000 0.034
2734.000 0.035
2735.000 0.035
2736.000 0.036
2737.000 0.034
2738.000 0.034
2739.000 0.034
2740.000 0.036
2741.000 0.036
2742.000 0.035
2743.000 0.033
2744.000 0.035
2745.000 0.035
2746.000 0.036
2747.000 0.036
2748.000 0.035
2749.000 0.033
2750.000 0.036
2751.000 0.035
2752.000 0.036
2753.000 0.036
2754.000 0.037
2755.000 0.036
2756.000 0.038
2757.000 0.037
2758.000 0.038
2759.000 0.036
2760.000 0.038
2761.000 0.037
2762.000 0.037
2763.000 0.038
2764.000 0.039
2765.000 0.037
2766.000 0.037
2767.000 0.038
2768.000 0.040
2769.000 0.038
2770.000 0.037
2771.000 0.039
2772.000 0.040
2773.000 0.039
2774.000 0.042
2775.000 0.041
2776.000 0.043
2777.000 0.041
2778.000 0.040
2779.000 0.040
2780.000 0.041
2781.000 0.041
2782.000 0.043
2783.000 0.041
2784.000 0.041
2785.000 0.040
2786.000 0.042
2787.000 0.043
2788.000 0.041
2789.000 0.043
2790.000 0.042
2791.000 0.042
2792.000 0.040
2793.000 0.043
2794.000 0.043
2795.000 0.044
2796.000 0.042
2797.000 0.041
2798.000 0.042
2799.000 0.043
2800.000 0.043
2801.000 0.043
2802.000 0.043
2803.000 0.044
2804.000 0.043
2805.000 0.044
2806.000 0.044
2807.000 0.044
2808.000 0.045
2809.000 0.045
2810.000 0.044
2811.000 0.044
2812.000 0.044
2813.000 0.044
2814.000 0.046
2815.000 0.045
2816.000 0.046
2817.000 0.046
2818.000 0.048
2819.000 0.045
2820.000 0.045
2821.000 0.046
2822.000 0.046
2823.000 0.045
2824.000 0.047
2825.000 0.046
2826.000 0.047
2827.000 0.047
2828.000 0.048
2829.000 0.048
2830.000 0.047
2831.000 0.048
2832.000 0.048
2833.000 0.046
2834.000 0.048
2835.000 0.047
2836.000 0.048
2837.000 0.047
2838.000 0.048
2839.000 0.049
2840.000 0.048
2841.000 0.049
2842.000 0.049
2843.000 0.050
2844.000 0.049
2845.000 0.049
2846.000 0.049
2847.000 0.049
2848.000 0.049
2849.000 0.050
2850.000 0.048
2851.000 0.048
2852.000 0.049
2853.000 0.050
2854.000 0.052
2855.000 0.051
2856.000 0.050
2857.000 0.051
2858.000 0.051
2859.000 0.051
2860.000 0.050
2861.000 0.053
2862.000 0.052
2863.000 0.051
2864.000 0.051
2865.000 0.049
2866.000 0.052
2867.000 0.053
2868.000 0.052
2869.000 0.052
2870.000 0.052
2871.000 0.053
2872.000 0.051
2873.000 0.051
2874.000 0.053
2875.000 0.053
2876.000 0.052
2877.000 0.054
2878.000 0.053
2879.000 0.052
2880.000 0.053
2881.000 0.052
2882.000 0.052
2883.000 0.054
2884.000 0.055
2885.000 0.052
2886.000 0.053
2887.000 0.054
2888.000 0.053
2889.000 0.052
2890.000 0.053
2891.000 0.052
2892.000 0.054
2893.000 0.054
2894.000 0.053
2895.000 0.055
2896.000 0.056
2897.000 0.053
2898.000 0.054
2899.000 0.054
2900.000 0.054
2901.000 0.055
2902.000 0.054
2903.000 0.056
2904.000 0.055
2905.000 0.054
2906.000 0.058
2907.000 0.053
2908.000 0.055
2909.000 0.054
2910.000 0.057
2911.000 0.055
2912.000 0.055
2913.000 0.055
2914.000 0.056
2915.000 0.055
2916.000 0.057
2917.000 0.056
2918.000 0.052
2919.000 0.056
2920.000 0.056
2921.000 0.055
2922.000 0.055
2923.000 0.056
2924.000 0.058
2925.000 0.058
2926.000 0.056
2927.000 0.056
2928.000 0.057
2929.000 0.056
2930.000 0.057
2931.000 0.056
2932.000 0.057
2933.000 0.057
2934.000 0.055
2935.000 0.055
2936.000 0.055
2937.000 0.054
2938.000 0.057
2939.000 0.055
2940.000 0.057
2941.000 0.055
2942.000 0.058
2943.000 0.057
2944.000 0.056
2945.000 0.057
2946.000 0.057
2947.000 0.057
2948.000 0.056
2949.000 0.057
2950.000 0.055
2951.000 0.056
2952.000 0.058
2953.000 0.057
2954.000 0.057
2955.000 0.056
2956.000 0.056
2957.000 0.058
2958.000 0.057
2959.000 0.057
2960.000 0.055
2961.000 0.058
2962.000 0.056
2963.000 0.058
2964.000 0.059
2965.000 0.058
2966.000 0.056
2967.000 0.055
2968.000 0.055
2969.000 0.057
2970.000 0.057
2971.000 0.055
2972.000 0.055
2973.000 0.059
2974.000 0.058
2975.000 0.057
2976.000 0.058
2977.000 0.058
2978.000 0.056
2979.000 0.059
2980.000 0.055
2981.000 0.059
2982.000 0.059
2983.000 0.058
2984.000 0.056
2985.000 0.058
2986.000 0.061
2987.000 0.058
2988.000 0.054
2989.000 0.059
2990.000 0.057
2991.000 0.059
2992.000 0.058
2993.000 0.058
2994.000 0.055
2995.000 0.057
2996.000 0.059
2997.000 0.058
2998.000 0.057
2999.000 0.058
3000.000 0.057
3001.000 0.057
3002.000 0.057
3003.000 0.058
3004.000 0.058
3005.000 0.061
3006.000 0.058
3007.000 0.057
3008.000 0.059
3009.000 0.059
3010.000 0.059
3011.000 0.058
3012.000 0.059
3013.000 0.058
3014.000 0.060
3015.000 0.058
3016.000 0.059
3017.000 0.057
3018.000 0.060
3019.000 0.060
3020.000 0.058
3021.000 0.062
3022.000 0.059
3023.000 0.060
3024.000 0.059
3025.000 0.061
3026.000 0.059
3027.000 0.058
3028.000 0.060
3029.000 0.060
3030.000 0.060
3031.000 0.061
3032.000 0.058
3033.000 0.057
3034.000 0.059
3035.000 0.062
3036.000 0.060
3037.000 0.062
3038.000 0.062
3039.000 0.061
3040.000 0.060
3041.000 0.060
3042.000 0.060
3043.000 0.061
3044.000 0.061
3045.000 0.060
3046.000 0.062
3047.000 0.062
3048.000 0.062
3049.000 0.063
3050.000 0.061
3051.000 0.062
3052.000 0.060
3053.000 0.061
3054.000 0.063
3055.000 0.064
3056.000 0.060
3057.000 0.066
3058.000 0.061
3059.000 0.064
3060.000 0.062
3061.000 0.063
3062.000 0.059
3063.000 0.060
3064.000 0.061
3065.000 0.059
3066.000 0.060
3067.000 0.061
3068.000 0.063
3069.000 0.063
3070.000 0.064
3071.000 0.061
3072.000 0.063
3073.000 0.062
3074.000 0.062
3075.000 0.063
3076.000 0.062
3077.000 0.063
3078.000 0.063
3079.000 0.062
3080.000 0.061
3081.000 0.064
3082.000 0.064
3083.000 0.063
3084.000 0.062
3085.000 0.063
3086.000 0.065
3087.000 0.064
3088.000 0.066
3089.000 0.064
3090.000 0.064
3091.000 0.066
3092.000 0.063
3093.000 0.065
3094.000 0.063
3095.000 0.065
3096.000 0.065
3097.000 0.064
3098.000 0.065
3099.000 0.063
3100.000 0.065
3101.000 0.064
3102.000 0.065
3103.000 0.064
3104.000 0.063
3105.000 0.066
3106.000 0.065
3107.000 0.064
3108.000 0.065
3109.000 0.066
3110.000 0.064
3111.000 0.067
3112.000 0.067
3113.000 0.067
3114.000 0.063
3115.000 0.067
3116.000 0.067
3117.000 0.067
3118.000 0.064
3119.000 0.067
3120.000 0.067
3121.000 0.067
3122.000 0.068
3123.000 0.068
3124.000 0.066
3125.000 0.067
3126.000 0.069
3127.000 0.068
3128.000 0.067
3129.000 0.068
3130.000 0.068
3131.000 0.067
3132.000 0.068
3133.000 0.070
3134.000 0.068
3135.000 0.071
3136.000 0.070
3137.000 0.068
3138.000 0.069
3139.000 0.069
3140.000 0.070
3141.000 0.070
3142.000 0.072
3143.000 0.070
3144.000 0.071
3145.000 0.072
3146.000 0.071
3147.000 0.072
3148.000 0.071
3149.000 0.072
3150.000 0.071
3151.000 0.073
3152.000 0.072
3153.000 0.071
3154.000 0.074
3155.000 0.072
3156.000 0.072
3157.000 0.073
3158.000 0.074
3159.000 0.073
3160.000 0.074
3161.000 0.073
3162.000 0.074
3163.000 0.074
3164.000 0.075
3165.000 0.074
3166.000 0.076
3167.000 0.075
3168.000 0.075
3169.000 0.073
3170.000 0.076
3171.000 0.075
3172.000 0.075
3173.000 0.077
3174.000 0.075
3175.000 0.076
3176.000 0.078
3177.000 0.076
3178.000 0.078
3179.000 0.077
3180.000 0.080
3181.000 0.078
3182.000 0.078
3183.000 0.079
3184.000 0.079
3185.000 0.079
3186.000 0.079
3187.000 0.080
3188.000 0.080
3189.000 0.080
3190.000 0.081
3191.000 0.080
3192.000 0.080
3193.000 0.081
3194.000 0.082
3195.000 0.081
3196.000 0.082
3197.000 0.082
3198.000 0.082
3199.000 0.083
3200.000 0.084
3201.000 0.083
3202.000 0.083
3203.000 0.083
3204.000 0.084
3205.000 0.085
3206.000 0.085
3207.000 0.083
3208.000 0.086
3209.000 0.085
3210.000 0.087
3211.000 0.087
3212.000 0.087
3213.000 0.088
3214.000 0.089
3215.000 0.088
3216.000 0.089
3217.000 0.089
3218.000 0.092
3219.000 0.089
3220.000 0.090
3221.000 0.090
3222.000 0.092
3223.000 0.092
3224.000 0.092
3225.000 0.090
3226.000 0.093
3227.000 0.093
3228.000 0.094
3229.000 0.093
3230.000 0.095
3231.000 0.096
3232.000 0.096
3233.000 0.095
3234.000 0.097
3235.000 0.097
3236.000 0.099
3237.000 0.100
3238.000 0.096
3239.000 0.098
3240.000 0.101
3241.000 0.101
3242.000 0.100
3243.000 0.100
3244.000 0.102
3245.000 0.103
3246.000 0.103
3247.000 0.102
3248.000 0.105
3249.000 0.105
3250.000 0.106
3251.000 0.105
3252.000 0.107
3253.000 0.108
3254.000 0.108
3255.000 0.109
3256.000 0.110
3257.000 0.111
3258.000 0.112
3259.000 0.111
3260.000 0.112
3261.000 0.110
3262.000 0.114
3263.000 0.115
3264.000 0.115
3265.000 0.117
3266.000 0.116
3267.000 0.116
3268.000 0.117
3269.000 0.118
3270.000 0.121
3271.000 0.120
3272.000 0.122
3273.000 0.122
3274.000 0.124
3275.000 0.126
3276.000 0.124
3277.000 0.127
3278.000 0.128
3279.000 0.128
3280.000 0.130
3281.000 0.132
3282.000 0.132
3283.000 0.131
3284.000 0.133
3285.000 0.137
3286.000 0.137
3287.000 0.137
3288.000 0.138
3289.000 0.140
3290.000 0.142
3291.000 0.143
3292.000 0.143
3293.000 0.146
3294.000 0.147
3295.000 0.150
3296.000 0.149
3297.000 0.152
3298.000 0.154
3299.000 0.154
3300.000 0.154
3301.000 0.157
3302.000 0.159
3303.000 0.161
3304.000 0.162
3305.000 0.164
3306.000 0.168
3307.000 0.169
3308.000 0.172
3309.000 0.172
3310.000 0.174
3311.000 0.177
3312.000 0.175
3313.000 0.181
3314.000 0.182
3315.000 0.186
3316.000 0.188
3317.000 0.191
3318.000 0.194
3319.000 0.195
3320.000 0.198
3321.000 0.200
3322.000 0.203
3323.000 0.205
3324.000 0.210
3325.000 0.214
3326.000 0.215
3327.000 0.219
3328.000 0.225
3329.000 0.227
3330.000 0.231
3331.000 0.234
3332.000 0.241
3333.000 0.242
3334.000 0.247
3335.000 0.253
3336.000 0.256
3337.000 0.262
3338.000 0.268
3339.000 0.272
3340.000 0.280
3341.000 0.284
3342.000 0.290
3343.000 0.295
3344.000 0.303
3345.000 0.312
3346.000 0.316
3347.000 0.326
3348.000 0.333
3349.000 0.343
3350.000 0.354
3351.000 0.362
3352.000 0.375
3353.000 0.389
3354.000 0.397
3355.000 0.412
3356.000 0.421
3357.000 0.440
3358.000 0.450
3359.000 0.469
3360.000 0.492
3361.000 0.506
3362.000 0.531
3363.000 0.562
3364.000 0.580
3365.000 0.612
3366.000 0.632
3367.000 0.674
3368.000 0.721
3369.000 0.747
3370.000 0.805
3371.000 0.836
3372.000 0.907
3373.000 0.944
3374.000 1.029
3375.000 1.122
3376.000 1.174
3377.000 1.285
3378.000 1.338
3379.000 1.438
3380.000 1.522
3381.000 1.550
3382.000 1.570
3383.000 1.558
3384.000 1.479
3385.000 1.345
3386.000 1.267
3387.000 1.106
3388.000 1.032
3389.000 0.898
3390.000 0.788
3391.000 0.738
3392.000 0.655
3393.000 0.584
3394.000 0.554
3395.000 0.527
3396.000 0.487
3397.000 0.455
3398.000 0.447
3399.000 0.438
3400.000 0.442
3401.000 0.448
3402.000 0.471
3403.000 0.481
3404.000 0.507
3405.000 0.528
3406.000 0.535
3407.000 0.542
3408.000 0.536
3409.000 0.529
3410.000 0.514
3411.000 0.503
3412.000 0.480
3413.000 0.469
3414.000 0.450
3415.000 0.428
3416.000 0.417
3417.000 0.396
3418.000 0.378
3419.000 0.371
3420.000 0.354
3421.000 0.348
3422.000 0.333
3423.000 0.327
3424.000 0.314
3425.000 0.303
3426.000 0.298
3427.000 0.288
3428.000 0.282
3429.000 0.274
3430.000 0.263
3431.000 0.259
3432.000 0.252
3433.000 0.245
3434.000 0.239
3435.000 0.235
3436.000 0.232
3437.000 0.222
3438.000 0.219
3439.000 0.213
3440.000 0.207
3441.000 0.208
3442.000 0.200
3443.000 0.197
3444.000 0.192
3445.000 0.187
3446.000 0.185
3447.000 0.182
3448.000 0.179
3449.000 0.175
3450.000 0.173
3451.000 0.170
3452.000 0.165
3453.000 0.165
3454.000 0.160
3455.000 0.157
3456.000 0.157
3457.000 0.153
3458.000 0.152
3459.000 0.147
3460.000 0.144
3461.000 0.145
3462.000 0.140
3463.000 0.139
3464.000 0.135
3465.000 0.136
3466.000 0.134
3467.000 0.130
3468.000 0.128
3469.000 0.127
3470.000 0.124
3471.000 0.123
3472.000 0.123
3473.000 0.121
3474.000 0.118
3475.000 0.116
3476.000 0.115
3477.000 0.113
3478.000 0.111
3479.000 0.111
3480.000 0.108
3481.000 0.108
3482.000 0.106
3483.000 0.103
3484.000 0.103
3485.000 0.102
3486.000 0.101
3487.000 0.099
3488.000 0.098
3489.000 0.096
3490.000 0.095
3491.000 0.093
3492.000 0.092
3493.000 0.089
3494.000 0.089
3495.000 0.088
3496.000 0.088
3497.000 0.089
3498.000 0.086
3499.000 0.083
3500.000 0.085
3501.000 0.082
3502.000 0.082
3503.000 0.081
3504.000 0.078
3505.000 0.078
3506.000 0.078
3507.000 0.075
3508.000 0.076
3509.000 0.074
3510.000 0.073
3511.000 0.071
3512.000 0.072
3513.000 0.070
3514.000 0.068
3515.000 0.069
3516.000 0.067
3517.000 0.066
3518.000 0.065
3519.000 0.064
3520.000 0.063
3521.000 0.063
3522.000 0.061
3523.000 0.062
3524.000 0.061
3525.000 0.059
3526.000 0.058
3527.000 0.057
3528.000 0.056
3529.000 0.054
3530.000 0.054
3531.000 0.055
3532.000 0.052
3533.000 0.053
3534.000 0.052
3535.000 0.049
3536.000 0.049
3537.000 0.047
3538.000 0.047
3539.000 0.047
3540.000 0.046
3541.000 0.045
3542.000 0.045
3543.000 0.044
3544.000 0.042
3545.000 0.041
3546.000 0.039
3547.000 0.037
3548.000 0.038
3549.000 0.036
3550.000 0.038
3551.000 0.036
3552.000 0.035
3553.000 0.033
3554.000 0.032
3555.000 0.032
3556.000 0.030
3557.000 0.028
3558.000 0.030
3559.000 0.027
3560.000 0.027
3561.000 0.025
3562.000 0.026
3563.000 0.023
3564.000 0.023
3565.000 0.023
3566.000 0.023
3567.000 0.020
3568.000 0.019
3569.000 0.019
3570.000 0.020
3571.000 0.019
3572.000 0.020
3573.000 0.018
3574.000 0.021
3575.000 0.022
3576.000 0.023
3577.000 0.023
3578.000 0.028
3579.000 0.030
3580.000 0.031
3581.000 0.035
3582.000 0.039
3583.000 0.040
3584.000 0.046
3585.000 0.049
3586.000 0.053
3587.000 0.055
3588.000 0.063
3589.000 0.072
3590.000 0.073
3591.000 0.083
3592.000 0.088
3593.000 0.097
3594.000 0.108
3595.000 0.117
3596.000 0.127
3597.000 0.140
3598.000 0.149
3599.000 0.167
3600.000 0.172
3601.000 0.191
3602.000 0.198
3603.000 0.214
3604.000 0.229
3605.000 0.237
3606.000 0.247
3607.000 0.252
3608.000 0.252
3609.000 0.247
3610.000 0.245
3611.000 0.236
3612.000 0.227
3613.000 0.222
3614.000 0.212
3615.000 0.207
3616.000 0.198
3617.000 0.191
3618.000 0.183
3619.000 0.174
3620.000 0.171
3621.000 0.163
3622.000 0.160
3623.000 0.153
3624.000 0.147
3625.000 0.147
3626.000 0.141
3627.000 0.137
3628.000 0.133
3629.000 0.130
3630.000 0.128
3631.000 0.126
3632.000 0.123
3633.000 0.121
3634.000 0.117
3635.000 0.115
3636.000 0.114
3637.000 0.113
3638.000 0.110
3639.000 0.106
3640.000 0.105
3641.000 0.103
3642.000 0.102
3643.000 0.102
3644.000 0.100
3645.000 0.098
3646.000 0.096
3647.000 0.097
3648.000 0.094
3649.000 0.093
3650.000 0.092
3651.000 0.090
3652.000 0.089
3653.000 0.089
3654.000 0.088
3655.000 0.087
3656.000 0.087
3657.000 0.083
3658.000 0.083
3659.000 0.084
3660.000 0.083
3661.000 0.082
3662.000 0.082
3663.000 0.081
3664.000 0.080
3665.000 0.078
3666.000 0.078
3667.000 0.078
3668.000 0.076
3669.000 0.076
3670.000 0.077
3671.000 0.075
3672.000 0.075
3673.000 0.074
3674.000 0.073
3675.000 0.074
3676.000 0.072
3677.000 0.070
3678.000 0.071
3679.000 0.070
3680.000 0.070
3681.000 0.069
3682.000 0.068
3683.000 0.069
3684.000 0.068
3685.000 0.069
3686.000 0.068
3687.000 0.065
3688.000 0.066
3689.000 0.066
3690.000 0.067
3691.000 0.067
3692.000 0.066
3693.000 0.065
3694.000 0.065
3695.000 0.063
3696.000 0.064
3697.000 0.065
3698.000 0.062
3699.000 0.061
3700.000 0.062
3701.000 0.061
3702.000 0.061
3703.000 0.061
3704.000 0.061
3705.000 0.061
3706.000 0.061
3707.000 0.060
3708.000 0.059
3709.000 0.060
3710.000 0.059
3711.000 0.059
3712.000 0.059
3713.000 0.059
3714.000 0.059
3715.000 0.059
3716.000 0.059
3717.000 0.056
3718.000 0.058
3719.000 0.057
3720.000 0.057
3721.000 0.055
3722.000 0.056
3723.000 0.056
3724.000 0.054
3725.000 0.055
3726.000 0.055
3727.000 0.054
3728.000 0.055
3729.000 0.054
3730.000 0.054
3731.000 0.053
3732.000 0.055
3733.000 0.055
3734.000 0.053
3735.000 0.053
3736.000 0.053
3737.000 0.052
3738.000 0.052
3739.000 0.053
3740.000 0.052
3741.000 0.053
3742.000 0.053
3743.000 0.053
3744.000 0.051
3745.000 0.052
3746.000 0.050
3747.000 0.051
3748.000 0.051
3749.000 0.050
3750.000 0.050
3751.000 0.051
3752.000 0.051
3753.000 0.051
3754.000 0.051
3755.000 0.050
3756.000 0.049
3757.000 0.050
3758.000 0.051
3759.000 0.048
3760.000 0.051
3761.000 0.048
3762.000 0.050
3763.000 0.048
3764.000 0.047
3765.000 0.048
3766.000 0.047
3767.000 0.047
3768.000 0.048
3769.000 0.047
3770.000 0.047
3771.000 0.049
3772.000 0.047
3773.000 0.048
3774.000 0.047
3775.000 0.046
3776.000 0.046
3777.000 0.046
3778.000 0.047
3779.000 0.045
3780.000 0.046
3781.000 0.047
3782.000 0.047
3783.000 0.048
3784.000 0.048
3785.000 0.046
3786.000 0.045
3787.000 0.045
3788.000 0.045
3789.000 0.047
3790.000 0.045
3791.000 0.046
3792.000 0.045
3793.000 0.045
3794.000 0.045
3795.000 0.044
3796.000 0.046
3797.000 0.044
3798.000 0.044
3799.000 0.044
3800.000 0.044
3801.000 0.045
3802.000 0.044
3803.000 0.043
3804.000 0.043
3805.000 0.043
3806.000 0.044
3807.000 0.044
3808.000 0.044
3809.000 0.043
3810.000 0.044
3811.000 0.042
3812.000 0.043
3813.000 0.044
3814.000 0.043
3815.000 0.043
3816.000 0.041
3817.000 0.041
3818.000 0.043
3819.000 0.044
3820.000 0.043
3821.000 0.041
3822.000 0.042
3823.000 0.041
3824.000 0.042
3825.000 0.043
3826.000 0.044
3827.000 0.041
3828.000 0.042
3829.000 0.041
3830.000 0.041
3831.000 0.039
3832.000 0.041
3833.000 0.041
3834.000 0.041
3835.000 0.042
3836.000 0.042
3837.000 0.042
3838.000 0.039
3839.000 0.039
3840.000 0.040
3841.000 0.040
3842.000 0.039
3843.000 0.041
3844.000 0.041
3845.000 0.040
3846.000 0.040
3847.000 0.040
3848.000 0.039
3849.000 0.039
3850.000 0.039
3851.000 0.041
3852.000 0.039
3853.000 0.041
3854.000 0.039
3855.000 0.040
3856.000 0.039
3857.000 0.039
3858.000 0.039
3859.000 0.040
3860.000 0.040
3861.000 0.039
3862.000 0.039
3863.000 0.038
3864.000 0.040
3865.000 0.038
3866.000 0.039
3867.000 0.038
3868.000 0.040
3869.000 0.039
3870.000 0.040
3871.000 0.040
3872.000 0.038
3873.000 0.039
3874.000 0.038
3875.000 0.038
3876.000 0.039
3877.000 0.039
3878.000 0.039
3879.000 0.039
3880.000 0.038
3881.000 0.038
3882.000 0.038
3883.000 0.038
3884.000 0.039
3885.000 0.038
3886.000 0.039
3887.000 0.038
3888.000 0.037
3889.000 0.037
3890.000 0.037
3891.000 0.038
3892.000 0.038
3893.000 0.037
3894.000 0.037
3895.000 0.038
3896.000 0.037
3897.000 0.037
3898.000 0.037
3899.000 0.036
3900.000 0.037
3901.000 0.037
3902.000 0.039
3903.000 0.036
3904.000 0.036
3905.000 0.036
3906.000 0.038
3907.000 0.039
3908.000 0.036
3909.000 0.037
3910.000 0.036
3911.000 0.036
3912.000 0.037
3913.000 0.035
3914.000 0.036
3915.000 0.036
3916.000 0.036
3917.000 0.035
3918.000 0.036
3919.000 0.036
3920.000 0.037
3921.000 0.036
3922.000 0.036
3923.000 0.035
3924.000 0.036
3925.000 0.036
3926.000 0.036
3927.000 0.037
3928.000 0.036
3929.000 0.037
3930.000 0.036
3931.000 0.035
3932.000 0.036
3933.000 0.037
3934.000 0.036
3935.000 0.035
3936.000 0.036
3937.000 0.037
3938.000 0.036
3939.000 0.035
3940.000 0.034
3941.000 0.036
3942.000 0.036
3943.000 0.036
3944.000 0.035
3945.000 0.036
3946.000 0.036
3947.000 0.036
3948.000 0.033
3949.000 0.036
3950.000 0.035
3951.000 0.035
3952.000 0.036
3953.000 0.035
3954.000 0.037
3955.000 0.036
3956.000 0.034
3957.000 0.035
3958.000 0.035
3959.000 0.034
3960.000 0.034
3961.000 0.035
3962.000 0.036
3963.000 0.035
3964.000 0.034
3965.000 0.035
3966.000 0.034
3967.000 0.034
3968.000 0.035
3969.000 0.035
3970.000 0.036
3971.000 0.034
3972.000 0.035
3973.000 0.035
3974.000 0.034
3975.000 0.034
3976.000 0.034
3977.000 0.036
3978.000 0.035
3979.000 0.035
3980.000 0.035
3981.000 0.034
3982.000 0.034
3983.000 0.036
3984.000 0.034
3985.000 0.035
3986.000 0.034
3987.000 0.033
3988.000 0.033
3989.000 0.033
3990.000 0.034
3991.000 0.035
3992.000 0.033
3993.000 0.035
3994.000 0.034
3995.000 0.034
3996.000 0.035
3997.000 0.035
3998.000 0.033
3999.000 0.034
4000.000 0.035
4001.000 0.033
4002.000 0.034
4003.000 0.033
4004.000 0.033
4005.000 0.034
4006.000 0.035
4007.000 0.034
4008.000 0.034
4009.000 0.033
4010.000 0.035
4011.000 0.032
4012.000 0.033
4013.000 0.034
4014.000 0.034
4015.000 0.033
4016.000 0.034
4017.000 0.034
4018.000 0.033
4019.000 0.034
4020.000 0.034
4021.000 0.034
4022.000 0.035
4023.000 0.035
4024.000 0.033
4025.000 0.033
4026.000 0.035
4027.000 0.034
4028.000 0.033
4029.000 0.033
4030.000 0.034
4031.000 0.034
4032.000 0.032
4033.000 0.033
4034.000 0.034
4035.000 0.034
4036.000 0.034
4037.000 0.034
4038.000 0.034
4039.000 0.033
4040.000 0.032
4041.000 0.033
4042.000 0.033
4043.000 0.033
4044.000 0.034
4045.000 0.034
4046.000 0.033
4047.000 0.034
4048.000 0.034
4049.000 0.033
4050.000 0.034
4051.000 0.033
4052.000 0.033
4053.000 0.032
4054.000 0.033
4055.000 0.033
4056.000 0.034
4057.000 0.032
4058.000 0.032
4059.000 0.032
4060.000 0.034
4061.000 0.034
4062.000 0.034
4063.000 0.033
4064.000 0.034
4065.000 0.032
4066.000 0.033
4067.000 0.034
4068.000 0.034
4069.000 0.034
4070.000 0.033
4071.000 0.033
4072.000 0.032
4073.000 0.032
4074.000 0.034
4075.000 0.034
4076.000 0.033
4077.000 0.033
4078.000 0.033
4079.000 0.034
4080.000 0.033
4081.000 0.034
4082.000 0.034
4083.000 0.033
4084.000 0.034
4085.000 0.034
4086.000 0.033
4087.000 0.033
4088.000 0.033
4089.000 0.032
4090.000 0.033
4091.000 0.034
4092.000 0.033
4093.000 0.034
4094.000 0.033
4095.000 0.034
4096.000 0.033
4097.000 0.034
4098.000 0.034
4099.000 0.034
4100.000 0.032
4101.000 0.034
4102.000 0.032
4103.000 0.032
4104.000 0.034
4105.000 0.032
4106.000 0.034
4107.000 0.034
4108.000 0.033
4109.000 0.033
4110.000 0.034
4111.000 0.034
4112.000 0.034
4113.000 0.033
4114.000 0.034
4115.000 0.034
4116.000 0.034
4117.000 0.035
4118.000 0.034
4119.000 0.035
4120.000 0.034
4121.000 0.035
4122.000 0.036
4123.000 0.034
4124.000 0.034
4125.000 0.035
4126.000 0.034
4127.000 0.033
4128.000 0.034
4129.000 0.035
4130.000 0.034
4131.000 0.035
4132.000 0.034
4133.000 0.035
4134.000 0.034
4135.000 0.035
4136.000 0.034
4137.000 0.033
4138.000 0.033
4139.000 0.033
4140.000 0.034
4141.000 0.035
4142.000 0.034
4143.000 0.034
4144.000 0.033
4145.000 0.035
4146.000 0.034
4147.000 0.034
4148.000 0.034
4149.000 0.034
4150.000 0.035
4151.000 0.034
4152.000 0.033
4153.000 0.035
4154.000 0.034
4155.000 0.034
4156.000 0.035
4157.000 0.034
4158.000 0.033
4159.000 0.034
4160.000 0.036
4161.000 0.034
4162.000 0.035
4163.000 0.035
4164.000 0.033
4165.000 0.035
4166.000 0.034
4167.000 0.036
4168.000 0.035
4169.000 0.034
4170.000 0.036
4171.000 0.034
4172.000 0.035
4173.000 0.035
4174.000 0.036
4175.000 0.036
4176.000 0.034
4177.000 0.035
4178.000 0.034
4179.000 0.034
4180.000 0.033
4181.000 0.036
4182.000 0.035
4183.000 0.036
4184.000 0.034
4185.000 0.036
4186.000 0.036
4187.000 0.036
4188.000 0.036
4189.000 0.036
4190.000 0.035
4191.000 0.037
4192.000 0.036
4193.000 0.037
4194.000 0.036
4195.000 0.036
4196.000 0.035
4197.000 0.035
4198.000 0.035
4199.000 0.036
4200.000 0.035
4201.000 0.036
4202.000 0.037
4203.000 0.036
4204.000 0.038
4205.000 0.035
4206.000 0.035
4207.000 0.036
4208.000 0.037
4209.000 0.035
4210.000 0.037
4211.000 0.034
4212.000 0.037
4213.000 0.037
4214.000 0.037
4215.000 0.037
4216.000 0.036
4217.000 0.036
4218.000 0.036
4219.000 0.036
4220.000 0.037
4221.000 0.036
4222.000 0.038
4223.000 0.036
4224.000 0.037
4225.000 0.035
4226.000 0.037
4227.000 0.036
4228.000 0.036
4229.000 0.037
4230.000 0.038
4231.000 0.036
4232.000 0.036
4233.000 0.036
4234.000 0.037
4235.000 0.039
4236.000 0.037
4237.000 0.037
4238.000 0.036
4239.000 0.037
4240.000 0.038
4241.000 0.038
4242.000 0.038
4243.000 0.037
4244.000 0.038
4245.000 0.038
4246.000 0.037
4247.000 0.037
4248.000 0.038
4249.000 0.039
4250.000 0.038
4251.000 0.037
4252.000 0.039
4253.000 0.038
4254.000 0.039
4255.000 0.038
4256.000 0.037
4257.000 0.038
4258.000 0.039
4259.000 0.038
4260.000 0.039
4261.000 0.039
4262.000 0.039
4263.000 0.040
4264.000 0.038
4265.000 0.039
4266.000 0.038
4267.000 0.039
4268.000 0.039
4269.000 0.039
4270.000 0.039
4271.000 0.038
4272.000 0.039
4273.000 0.038
4274.000 0.040
4275.000 0.040
4276.000 0.040
4277.000 0.039
4278.000 0.040
4279.000 0.041
4280.000 0.040
4281.000 0.038
4282.000 0.040
4283.000 0.040
4284.000 0.041
4285.000 0.041
4286.000 0.041
4287.000 0.042
4288.000 0.041
4289.000 0.041
4290.000 0.041
4291.000 0.040
4292.000 0.041
4293.000 0.040
4294.000 0.041
4295.000 0.042
4296.000 0.043
4297.000 0.041
4298.000 0.040
4299.000 0.042
4300.000 0.042
4301.000 0.042
4302.000 0.041
4303.000 0.043
4304.000 0.041
4305.000 0.042
4306.000 0.043
4307.000 0.043
4308.000 0.043
4309.000 0.043
4310.000 0.041
4311.000 0.042
4312.000 0.043
4313.000 0.042
4314.000 0.043
4315.000 0.042
4316.000 0.043
4317.000 0.040
4318.000 0.045
4319.000 0.044
4320.000 0.043
4321.000 0.043
4322.000 0.043
4323.000 0.043
4324.000 0.044
4325.000 0.042
4326.000 0.045
4327.000 0.045
4328.000 0.043
4329.000 0.044
4330.000 0.045
4331.000 0.044
4332.000 0.045
4333.000 0.045
4334.000 0.045
4335.000 0.046
4336.000 0.045
4337.000 0.045
4338.000 0.046
4339.000 0.045
4340.000 0.046
4341.000 0.046
4342.000 0.046
4343.000 0.044
4344.000 0.045
4345.000 0.044
4346.000 0.045
4347.000 0.045
4348.000 0.046
4349.000 0.046
4350.000 0.046
4351.000 0.047
4352.000 0.048
4353.000 0.047
4354.000 0.049
4355.000 0.047
4356.000 0.047
4357.000 0.047
4358.000 0.047
4359.000 0.046
4360.000 0.048
4361.000 0.048
4362.000 0.047
4363.000 0.047
4364.000 0.048
4365.000 0.049
4366.000 0.049
4367.000 0.047
4368.000 0.049
4369.000 0.049
4370.000 0.049
4371.000 0.049
4372.000 0.049
4373.000 0.049
4374.000 0.049
4375.000 0.049
4376.000 0.051
4377.000 0.051
4378.000 0.050
4379.000 0.051
4380.000 0.050
4381.000 0.050
4382.000 0.051
4383.000 0.051
4384.000 0.051
4385.000 0.050
4386.000 0.052
4387.000 0.051
4388.000 0.051
4389.000 0.051
4390.000 0.052
4391.000 0.052
4392.000 0.054
4393.000 0.053
4394.000 0.053
4395.000 0.053
4396.000 0.055
4397.000 0.054
4398.000 0.053
4399.000 0.054
4400.000 0.054
4401.000 0.053
4402.000 0.055
4403.000 0.055
4404.000 0.054
4405.000 0.055
4406.000 0.054
4407.000 0.056
4408.000 0.054
4409.000 0.056
4410.000 0.055
4411.000 0.056
4412.000 0.058
4413.000 0.057
4414.000 0.057
4415.000 0.058
4416.000 0.057
4417.000 0.057
4418.000 0.057
4419.000 0.057
4420.000 0.059
4421.000 0.057
4422.000 0.059
4423.000 0.060
4424.000 0.059
4425.000 0.059
4426.000 0.061
4427.000 0.059
4428.000 0.061
4429.000 0.060
4430.000 0.061
4431.000 0.061
4432.000 0.060
4433.000 0.062
4434.000 0.061
4435.000 0.063
4436.000 0.062
4437.000 0.062
4438.000 0.062
4439.000 0.063
4440.000 0.063
4441.000 0.063
4442.000 0.063
4443.000 0.064
4444.000 0.065
4445.000 0.066
4446.000 0.064
4447.000 0.066
4448.000 0.065
4449.000 0.067
4450.000 0.065
4451.000 0.067
4452.000 0.066
4453.000 0.067
4454.000 0.069
4455.000 0.068
4456.000 0.067
4457.000 0.068
4458.000 0.068
4459.000 0.069
4460.000 0.070
4461.000 0.071
4462.000 0.071
4463.000 0.071
4464.000 0.072
4465.000 0.073
4466.000 0.073
4467.000 0.074
4468.000 0.073
4469.000 0.072
4470.000 0.074
4471.000 0.075
4472.000 0.075
4473.000 0.076
4474.000 0.076
4475.000 0.077
4476.000 0.077
4477.000 0.077
4478.000 0.077
4479.000 0.077
4480.000 0.079
4481.000 0.079
4482.000 0.079
4483.000 0.080
4484.000 0.081
4485.000 0.081
4486.000 0.081
4487.000 0.082
4488.000 0.083
4489.000 0.082
4490.000 0.084
4491.000 0.084
4492.000 0.085
4493.000 0.086
4494.000 0.086
4495.000 0.086
4496.000 0.087
4497.000 0.087
4498.000 0.087
4499.000 0.089
4500.000 0.089
4501.000 0.090
4502.000 0.090
4503.000 0.091
4504.000 0.093
4505.000 0.093
4506.000 0.093
4507.000 0.094
4508.000 0.094
4509.000 0.096
4510.000 0.095
4511.000 0.098
4512.000 0.098
4513.000 0.098
4514.000 0.100
4515.000 0.101
4516.000 0.102
4517.000 0.103
4518.000 0.105
4519.000 0.104
4520.000 0.105
4521.000 0.106
4522.000 0.107
4523.000 0.109
4524.000 0.109
4525.000 0.109
4526.000 0.111
4527.000 0.112
4528.000 0.113
4529.000 0.115
4530.000 0.116
4531.000 0.116
4532.000 0.118
4533.000 0.118
4534.000 0.120
4535.000 0.120
4536.000 0.122
4537.000 0.124
4538.000 0.124
4539.000 0.126
4540.000 0.129
4541.000 0.132
4542.000 0.131
4543.000 0.131
4544.000 0.134
4545.000 0.137
4546.000 0.136
4547.000 0.140
4548.000 0.140
4549.000 0.143
4550.000 0.143
4551.000 0.145
4552.000 0.147
4553.000 0.150
4554.000 0.152
4555.000 0.154
4556.000 0.155
4557.000 0.158
4558.000 0.159
4559.000 0.162
4560.000 0.163
4561.000 0.166
4562.000 0.169
4563.000 0.169
4564.000 0.171
4565.000 0.175
4566.000 0.177
4567.000 0.180
4568.000 0.183
4569.000 0.185
4570.000 0.189
4571.000 0.190
4572.000 0.193
4573.000 0.197
4574.000 0.202
4575.000 0.204
4576.000 0.209
4577.000 0.211
4578.000 0.217
4579.000 0.222
4580.000 0.224
4581.000 0.229
4582.000 0.237
4583.000 0.240
4584.000 0.246
4585.000 0.254
4586.000 0.258
4587.000 0.267
4588.000 0.270
4589.000 0.278
4590.000 0.281
4591.000 0.290
4592.000 0.300
4593.000 0.304
4594.000 0.316
4595.000 0.326
4596.000 0.333
4597.000 0.347
4598.000 0.352
4599.000 0.367
4600.000 0.375
4601.000 0.391
4602.000 0.409
4603.000 0.418
4604.000 0.436
4605.000 0.446
4606.000 0.466
4607.000 0.492
4608.000 0.503
4609.000 0.529
4610.000 0.557
4611.000 0.572
4612.000 0.587
4613.000 0.618
4614.000 0.649
4615.000 0.664
4616.000 0.694
4617.000 0.722
4618.000 0.733
4619.000 0.754
4620.000 0.766
4621.000 0.767
4622.000 0.764
4623.000 0.762
4624.000 0.752
4625.000 0.750
4626.000 0.752
4627.000 0.763
4628.000 0.795
4629.000 0.854
4630.000 0.889
4631.000 0.970
4632.000 1.051
4633.000 1.088
4634.000 1.142
4635.000 1.157
4636.000 1.153
4637.000 1.134
4638.000 1.075
4639.000 0.995
4640.000 0.954
4641.000 0.877
4642.000 0.839
4643.000 0.775
4644.000 0.717
4645.000 0.691
4646.000 0.647
4647.000 0.603
4648.000 0.584
4649.000 0.553
4650.000 0.535
4651.000 0.506
4652.000 0.494
4653.000 0.468
4654.000 0.446
4655.000 0.436
4656.000 0.417
4657.000 0.400
4658.000 0.393
4659.000 0.376
4660.000 0.370
4661.000 0.356
4662.000 0.343
4663.000 0.340
4664.000 0.327
4665.000 0.323
4666.000 0.314
4667.000 0.308
4668.000 0.299
4669.000 0.291
4670.000 0.289
4671.000 0.280
4672.000 0.273
4673.000 0.269
4674.000 0.264
4675.000 0.262
4676.000 0.257
4677.000 0.253
4678.000 0.248
4679.000 0.244
4680.000 0.242
4681.000 0.239
4682.000 0.233
4683.000 0.234
4684.000 0.231
4685.000 0.228
4686.000 0.226
4687.000 0.225
4688.000 0.223
4689.000 0.223
4690.000 0.222
4691.000 0.221
4692.000 0.220
4693.000 0.221
4694.000 0.224
4695.000 0.225
4696.000 0.228
4697.000 0.231
4698.000 0.235
4699.000 0.243
4700.000 0.248
4701.000 0.258
4702.000 0.265
4703.000 0.273
4704.000 0.281
4705.000 0.278
4706.000 0.260
4707.000 0.235
4708.000 0.167
4709.000 0.073
4710.000 0.038
4711.000 0.046
4712.000 0.054
4713.000 0.056
4714.000 0.065
4715.000 0.066
4716.000 0.070
4717.000 0.074
4718.000 0.076
4719.000 0.079
4720.000 0.080
4721.000 0.080
4722.000 0.081
4723.000 0.082
4724.000 0.085
4725.000 0.084
4726.000 0.084
4727.000 0.085
4728.000 0.085
4729.000 0.084
4730.000 0.084
4731.000 0.084
4732.000 0.085
4733.000 0.085
4734.000 0.084
4735.000 0.084
4736.000 0.083
4737.000 0.083
4738.000 0.081
4739.000 0.082
4740.000 0.082
4741.000 0.081
4742.000 0.081
4743.000 0.081
4744.000 0.079
4745.000 0.079
4746.000 0.079
4747.000 0.078
4748.000 0.078
4749.000 0.079
4750.000 0.077
4751.000 0.076
4752.000 0.076
4753.000 0.075
4754.000 0.075
4755.000 0.074
4756.000 0.074
4757.000 0.075
4758.000 0.073
4759.000 0.072
4760.000 0.074
4761.000 0.073
4762.000 0.072
4763.000 0.072
4764.000 0.071
4765.000 0.070
4766.000 0.069
4767.000 0.070
4768.000 0.069
4769.000 0.068
4770.000 0.068
4771.000 0.066
4772.000 0.067
4773.000 0.067
4774.000 0.065
4775.000 0.066
4776.000 0.067
4777.000 0.066
4778.000 0.063
4779.000 0.064
4780.000 0.063
4781.000 0.065
4782.000 0.062
4783.000 0.063
4784.000 0.062
4785.000 0.061
4786.000 0.062
4787.000 0.061
4788.000 0.061
4789.000 0.060
4790.000 0.061
4791.000 0.058
4792.000 0.059
4793.000 0.058
4794.000 0.057
4795.000 0.058
4796.000 0.056
4797.000 0.057
4798.000 0.055
4799.000 0.056
4800.000 0.056
4801.000 0.054
4802.000 0.056
4803.000 0.055
4804.000 0.053
4805.000 0.052
4806.000 0.053
4807.000 0.052
4808.000 0.053
4809.000 0.052
4810.000 0.052
4811.000 0.052
4812.000 0.051
4813.000 0.051
4814.000 0.051
4815.000 0.050
4816.000 0.050
4817.000 0.048
4818.000 0.048
4819.000 0.047
4820.000 0.049
4821.000 0.047
4822.000 0.047
4823.000 0.046
4824.000 0.046
4825.000 0.045
4826.000 0.044
4827.000 0.045
4828.000 0.044
4829.000 0.043
4830.000 0.043
4831.000 0.043
4832.000 0.043
4833.000 0.041
4834.000 0.041
4835.000 0.039
4836.000 0.041
4837.000 0.039
4838.000 0.039
4839.000 0.038
4840.000 0.038
4841.000 0.039
4842.000 0.037
4843.000 0.036
4844.000 0.035
4845.000 0.034
4846.000 0.033
4847.000 0.032
4848.000 0.034
4849.000 0.032
4850.000 0.030
4851.000 0.031
4852.000 0.030
4853.000 0.029
4854.000 0.030
4855.000 0.029
4856.000 0.027
4857.000 0.029
4858.000 0.028
4859.000 0.028
4860.000 0.027
4861.000 0.028
4862.000 0.029
4863.000 0.031
4864.000 0.032
4865.000 0.036
4866.000 0.039
4867.000 0.041
4868.000 0.044
4869.000 0.047
4870.000 0.051
4871.000 0.055
4872.000 0.060
4873.000 0.067
4874.000 0.069
4875.000 0.076
4876.000 0.083
4877.000 0.083
4878.000 0.090
4879.000 0.092
4880.000 0.095
4881.000 0.096
4882.000 0.099
4883.000 0.100
4884.000 0.100
4885.000 0.097
4886.000 0.096
4887.000 0.097
4888.000 0.095
4889.000 0.094
4890.000 0.093
4891.000 0.093
4892.000 0.090
4893.000 0.087
4894.000 0.089
4895.000 0.085
4896.000 0.085
4897.000 0.084
4898.000 0.084
4899.000 0.080
4900.000 0.080
4901.000 0.079
4902.000 0.079
4903.000 0.077
4904.000 0.076
4905.000 0.075
4906.000 0.075
4907.000 0.074
4908.000 0.075
4909.000 0.073
4910.000 0.073
4911.000 0.072
4912.000 0.070
4913.000 0.069
4914.000 0.070
4915.000 0.069
4916.000 0.068
4917.000 0.068
4918.000 0.068
4919.000 0.067
4920.000 0.066
4921.000 0.066
4922.000 0.065
4923.000 0.064
4924.000 0.065
4925.000 0.064
4926.000 0.064
4927.000 0.062
4928.000 0.062
4929.000 0.063
4930.000 0.063
4931.000 0.061
4932.000 0.063
4933.000 0.061
4934.000 0.061
4935.000 0.061
4936.000 0.061
4937.000 0.061
4938.000 0.060
4939.000 0.059
4940.000 0.059
4941.000 0.060
4942.000 0.058
4943.000 0.060
4944.000 0.058
4945.000 0.059
4946.000 0.056
4947.000 0.058
4948.000 0.059
4949.000 0.058
4950.000 0.057
4951.000 0.057
4952.000 0.056
4953.000 0.057
4954.000 0.057
4955.000 0.057
4956.000 0.056
4957.000 0.055
4958.000 0.057
4959.000 0.055
4960.000 0.057
4961.000 0.054
4962.000 0.055
4963.000 0.054
4964.000 0.055
4965.000 0.055
4966.000 0.054
4967.000 0.055
4968.000 0.054
4969.000 0.055
4970.000 0.054
4971.000 0.054
4972.000 0.054
4973.000 0.054
4974.000 0.054
4975.000 0.053
4976.000 0.054
4977.000 0.053
4978.000 0.054
4979.000 0.053
4980.000 0.052
4981.000 0.053
4982.000 0.052
4983.000 0.052
4984.000 0.052
4985.000 0.053
4986.000 0.052
4987.000 0.052
4988.000 0.052
4989.000 0.051
4990.000 0.052
4991.000 0.051
4992.000 0.051
4993.000 0.052
4994.000 0.052
4995.000 0.050
4996.000 0.050
4997.000 0.050
4998.000 0.051
4999.000 0.051
5000.000 0.050
5001.000 0.050
5002.000 0.050
5003.000 0.051
5004.000 0.052
5005.000 0.051
5006.000 0.050
5007.000 0.050
5008.000 0.050
5009.000 0.050
5010.000 0.050
5011.000 0.049
5012.000 0.051
5013.000 0.051
5014.000 0.049
5015.000 0.050
5016.000 0.049
5017.000 0.049
5018.000 0.048
5019.000 0.049
5020.000 0.049
5021.000 0.049
5022.000 0.049
5023.000 0.049
5024.000 0.050
5025.000 0.049
5026.000 0.047
5027.000 0.048
5028.000 0.049
5029.000 0.048
5030.000 0.048
5031.000 0.050
5032.000 0.047
5033.000 0.048
5034.000 0.049
5035.000 0.048
5036.000 0.048
5037.000 0.047
5038.000 0.047
5039.000 0.048
5040.000 0.049
5041.000 0.048
5042.000 0.047
5043.000 0.048
5044.000 0.048
5045.000 0.047
5046.000 0.048
5047.000 0.047
5048.000 0.048
5049.000 0.046
5050.000 0.047
5051.000 0.047
5052.000 0.047
5053.000 0.047
5054.000 0.046
5055.000 0.046
5056.000 0.046
5057.000 0.047
5058.000 0.048
5059.000 0.048
5060.000 0.046
5061.000 0.047
5062.000 0.046
5063.000 0.047
5064.000 0.047
5065.000 0.047
5066.000 0.045
5067.000 0.048
5068.000 0.047
5069.000 0.047
5070.000 0.048
5071.000 0.045
5072.000 0.046
5073.000 0.047
5074.000 0.046
5075.000 0.045
5076.000 0.046
5077.000 0.046
5078.000 0.046
5079.000 0.045
5080.000 0.047
5081.000 0.047
5082.000 0.046
5083.000 0.046
5084.000 0.047
5085.000 0.046
5086.000 0.046
5087.000 0.045
5088.000 0.045
5089.000 0.046
5090.000 0.045
5091.000 0.045
5092.000 0.046
5093.000 0.045
5094.000 0.046
5095.000 0.046
5096.000 0.045
5097.000 0.045
5098.000 0.045
5099.000 0.045
5100.000 0.046
5101.000 0.044
5102.000 0.045
5103.000 0.045
5104.000 0.046
5105.000 0.044
5106.000 0.044
5107.000 0.046
5108.000 0.045
5109.000 0.046
5110.000 0.044
5111.000 0.045
5112.000 0.046
5113.000 0.045
5114.000 0.044
5115.000 0.044
5116.000 0.045
5117.000 0.045
5118.000 0.045
5119.000 0.044
5120.000 0.045
5121.000 0.043
5122.000 0.045
5123.000 0.045
5124.000 0.044
5125.000 0.044
5126.000 0.044
5127.000 0.044
5128.000 0.044
5129.000 0.044
5130.000 0.045
5131.000 0.044
5132.000 0.044
5133.000 0.045
5134.000 0.044
5135.000 0.044
5136.000 0.044
5137.000 0.044
5138.000 0.043
5139.000 0.044
5140.000 0.044
5141.000 0.046
5142.000 0.045
5143.000 0.042
5144.000 0.044
5145.000 0.044
5146.000 0.044
5147.000 0.044
5148.000 0.045
5149.000 0.047
5150.000 0.044
5151.000 0.043
5152.000 0.043
5153.000 0.043
5154.000 0.043
5155.000 0.043
5156.000 0.043
5157.000 0.044
5158.000 0.043
5159.000 0.043
5160.000 0.044
5161.000 0.044
5162.000 0.043
5163.000 0.043
5164.000 0.044
5165.000 0.044
5166.000 0.043
5167.000 0.044
5168.000 0.045
5169.000 0.043
5170.000 0.043
5171.000 0.044
5172.000 0.045
5173.000 0.045
5174.000 0.043
5175.000 0.043
5176.000 0.043
5177.000 0.043
5178.000 0.043
5179.000 0.043
5180.000 0.042
5181.000 0.043
5182.000 0.043
5183.000 0.045
5184.000 0.044
5185.000 0.043
5186.000 0.043
5187.000 0.043
5188.000 0.044
5189.000 0.043
5190.000 0.043
5191.000 0.042
5192.000 0.044
5193.000 0.043
5194.000 0.044
5195.000 0.043
5196.000 0.042
5197.000 0.043
5198.000 0.043
5199.000 0.043
5200.000 0.043
5201.000 0.043
5202.000 0.043
5203.000 0.043
5204.000 0.042
5205.000 0.043
5206.000 0.043
5207.000 0.042
5208.000 0.041
5209.000 0.042
5210.000 0.043
5211.000 0.042
5212.000 0.043
5213.000 0.040
5214.000 0.043
5215.000 0.043
5216.000 0.043
5217.000 0.043
5218.000 0.041
5219.000 0.042
5220.000 0.044
5221.000 0.042
5222.000 0.042
5223.000 0.044
5224.000 0.043
5225.000 0.045
5226.000 0.043
5227.000 0.042
5228.000 0.043
5229.000 0.044
5230.000 0.042
5231.000 0.043
5232.000 0.042
5233.000 0.042
5234.000 0.042
5235.000 0.042
5236.000 0.041
5237.000 0.042
5238.000 0.043
5239.000 0.041
5240.000 0.043
5241.000 0.042
5242.000 0.042
5243.000 0.042
5244.000 0.042
5245.000 0.043
5246.000 0.042
5247.000 0.044
5248.000 0.044
5249.000 0.043
5250.000 0.042
5251.000 0.043
5252.000 0.042
5253.000 0.043
5254.000 0.042
5255.000 0.042
5256.000 0.042
5257.000 0.042
5258.000 0.043
5259.000 0.042
5260.000 0.043
5261.000 0.042
5262.000 0.042
5263.000 0.043
5264.000 0.043
5265.000 0.041
5266.000 0.043
5267.000 0.042
5268.000 0.042
5269.000 0.043
5270.000 0.042
5271.000 0.042
5272.000 0.043
5273.000 0.043
5274.000 0.043
5275.000 0.042
5276.000 0.043
5277.000 0.043
5278.000 0.043
5279.000 0.044
5280.000 0.043
5281.000 0.043
5282.000 0.042
5283.000 0.043
5284.000 0.043
5285.000 0.043
5286.000 0.043
5287.000 0.043
5288.000 0.042
5289.000 0.042
5290.000 0.042
5291.000 0.042
5292.000 0.043
5293.000 0.043
5294.000 0.043
5295.000 0.043
5296.000 0.043
5297.000 0.042
5298.000 0.043
5299.000 0.041
5300.000 0.043
5301.000 0.042
5302.000 0.041
5303.000 0.045
5304.000 0.043
5305.000 0.043
5306.000 0.044
5307.000 0.043
5308.000 0.043
5309.000 0.044
5310.000 0.043
5311.000 0.043
5312.000 0.042
5313.000 0.043
5314.000 0.044
5315.000 0.043
5316.000 0.044
5317.000 0.043
5318.000 0.044
5319.000 0.044
5320.000 0.044
5321.000 0.043
5322.000 0.043
5323.000 0.043
5324.000 0.043
5325.000 0.043
5326.000 0.044
5327.000 0.042
5328.000 0.043
5329.000 0.043
5330.000 0.043
5331.000 0.043
5332.000 0.043
5333.000 0.043
5334.000 0.044
5335.000 0.043
5336.000 0.044
5337.000 0.043
5338.000 0.043
5339.000 0.044
5340.000 0.044
5341.000 0.045
5342.000 0.042
5343.000 0.043
5344.000 0.043
5345.000 0.044
5346.000 0.044
5347.000 0.043
5348.000 0.045
5349.000 0.043
5350.000 0.044
5351.000 0.043
5352.000 0.045
5353.000 0.043
5354.000 0.044
5355.000 0.043
5356.000 0.045
5357.000 0.044
5358.000 0.045
5359.000 0.045
5360.000 0.044
5361.000 0.045
5362.000 0.044
5363.000 0.045
5364.000 0.045
5365.000 0.045
5366.000 0.044
5367.000 0.045
5368.000 0.045
5369.000 0.044
5370.000 0.045
5371.000 0.045
5372.000 0.044
5373.000 0.045
5374.000 0.046
5375.000 0.044
5376.000 0.044
5377.000 0.046
5378.000 0.045
5379.000 0.045
5380.000 0.045
5381.000 0.046
5382.000 0.044
5383.000 0.045
5384.000 0.045
5385.000 0.045
5386.000 0.045
5387.000 0.045
5388.000 0.045
5389.000 0.046
5390.000 0.047
5391.000 0.045
5392.000 0.044
5393.000 0.045
5394.000 0.045
5395.000 0.046
5396.000 0.046
5397.000 0.046
5398.000 0.046
5399.000 0.045
5400.000 0.047
5401.000 0.046
5402.000 0.047
5403.000 0.047
5404.000 0.046
5405.000 0.045
5406.000 0.047
5407.000 0.047
5408.000 0.047
5409.000 0.046
5410.000 0.047
5411.000 0.047
5412.000 0.047
5413.000 0.048
5414.000 0.046
5415.000 0.047
5416.000 0.047
5417.000 0.047
5418.000 0.047
5419.000 0.047
5420.000 0.048
5421.000 0.048
5422.000 0.046
5423.000 0.049
5424.000 0.047
5425.000 0.048
5426.000 0.046
5427.000 0.047
5428.000 0.047
5429.000 0.048
5430.000 0.048
5431.000 0.048
5432.000 0.048
5433.000 0.047
5434.000 0.048
5435.000 0.048
5436.000 0.049
5437.000 0.048
5438.000 0.050
5439.000 0.049
5440.000 0.049
5441.000 0.048
5442.000 0.049
5443.000 0.049
5444.000 0.049
5445.000 0.050
5446.000 0.049
5447.000 0.049
5448.000 0.050
5449.000 0.049
5450.000 0.048
5451.000 0.050
5452.000 0.050
5453.000 0.050
5454.000 0.049
5455.000 0.050
5456.000 0.049
5457.000 0.050
5458.000 0.053
5459.000 0.051
5460.000 0.052
5461.000 0.051
5462.000 0.050
5463.000 0.050
5464.000 0.051
5465.000 0.052
5466.000 0.050
5467.000 0.051
5468.000 0.052
5469.000 0.052
5470.000 0.052
5471.000 0.051
5472.000 0.051
5473.000 0.051
5474.000 0.052
5475.000 0.051
5476.000 0.053
5477.000 0.053
5478.000 0.052
5479.000 0.053
5480.000 0.052
5481.000 0.053
5482.000 0.052
5483.000 0.053
5484.000 0.054
5485.000 0.053
5486.000 0.054
5487.000 0.054
5488.000 0.053
5489.000 0.054
5490.000 0.054
5491.000 0.053
5492.000 0.054
5493.000 0.054
5494.000 0.055
5495.000 0.054
5496.000 0.055
5497.000 0.054
5498.000 0.054
5499.000 0.055
5500.000 0.056
5501.000 0.056
5502.000 0.055
5503.000 0.055
5504.000 0.056
5505.000 0.056
5506.000 0.057
5507.000 0.056
5508.000 0.056
5509.000 0.054
5510.000 0.057
5511.000 0.057
5512.000 0.056
5513.000 0.057
5514.000 0.056
5515.000 0.058
5516.000 0.057
5517.000 0.057
5518.000 0.058
5519.000 0.057
5520.000 0.057
5521.000 0.057
5522.000 0.059
5523.000 0.060
5524.000 0.058
5525.000 0.059
5526.000 0.061
5527.000 0.058
5528.000 0.060
5529.000 0.059
5530.000 0.060
5531.000 0.059
5532.000 0.059
5533.000 0.060
5534.000 0.060
5535.000 0.060
5536.000 0.061
5537.000 0.061
5538.000 0.061
5539.000 0.061
5540.000 0.061
5541.000 0.062
5542.000 0.063
5543.000 0.062
5544.000 0.063
5545.000 0.062
5546.000 0.061
5547.000 0.063
5548.000 0.063
5549.000 0.062
5550.000 0.064
5551.000 0.064
5552.000 0.064
5553.000 0.064
5554.000 0.063
5555.000 0.066
5556.000 0.065
5557.000 0.066
5558.000 0.065
5559.000 0.066
5560.000 0.066
5561.000 0.065
5562.000 0.066
5563.000 0.065
5564.000 0.067
5565.000 0.068
5566.000 0.066
5567.000 0.069
5568.000 0.067
5569.000 0.068
5570.000 0.068
5571.000 0.068
5572.000 0.069
5573.000 0.068
5574.000 0.070
5575.000 0.070
5576.000 0.069
5577.000 0.071
5578.000 0.070
5579.000 0.071
5580.000 0.071
5581.000 0.072
5582.000 0.072
5583.000 0.071
5584.000 0.072
5585.000 0.072
5586.000 0.072
5587.000 0.073
5588.000 0.073
5589.000 0.074
5590.000 0.075
5591.000 0.074
5592.000 0.074
5593.000 0.074
5594.000 0.075
5595.000 0.075
5596.000 0.075
5597.000 0.078
5598.000 0.077
5599.000 0.077
5600.000 0.078
5601.000 0.077
5602.000 0.079
5603.000 0.078
5604.000 0.078
5605.000 0.080
5606.000 0.078
5607.000 0.080
5608.000 0.079
5609.000 0.081
5610.000 0.080
5611.000 0.081
5612.000 0.082
5613.000 0.083
5614.000 0.083
5615.000 0.084
5616.000 0.084
5617.000 0.084
5618.000 0.085
5619.000 0.085
5620.000 0.086
5621.000 0.085
5622.000 0.086
5623.000 0.086
5624.000 0.087
5625.000 0.088
5626.000 0.088
5627.000 0.089
5628.000 0.090
5629.000 0.091
5630.000 0.090
5631.000 0.093
5632.000 0.091
5633.000 0.093
5634.000 0.094
5635.000 0.093
5636.000 0.095
5637.000 0.095
5638.000 0.096
5639.000 0.097
5640.000 0.095
5641.000 0.096
5642.000 0.098
5643.000 0.098
5644.000 0.099
5645.000 0.101
5646.000 0.101
5647.000 0.102
5648.000 0.101
5649.000 0.103
5650.000 0.102
5651.000 0.104
5652.000 0.105
5653.000 0.106
5654.000 0.107
5655.000 0.107
5656.000 0.109
5657.000 0.110
5658.000 0.111
5659.000 0.111
5660.000 0.112
5661.000 0.112
5662.000 0.115
5663.000 0.115
5664.000 0.115
5665.000 0.117
5666.000 0.118
5667.000 0.119
5668.000 0.119
5669.000 0.121
5670.000 0.122
5671.000 0.123
5672.000 0.124
5673.000 0.125
5674.000 0.127
5675.000 0.127
5676.000 0.129
5677.000 0.130
5678.000 0.132
5679.000 0.133
5680.000 0.134
5681.000 0.136
5682.000 0.138
5683.000 0.139
5684.000 0.142
5685.000 0.143
5686.000 0.145
5687.000 0.146
5688.000 0.146
5689.000 0.149
5690.000 0.150
5691.000 0.152
5692.000 0.156
5693.000 0.156
5694.000 0.159
5695.000 0.163
5696.000 0.163
5697.000 0.168
5698.000 0.168
5699.000 0.172
5700.000 0.175
5701.000 0.177
5702.000 0.178
5703.000 0.182
5704.000 0.186
5705.000 0.189
5706.000 0.191
5707.000 0.196
5708.000 0.198
5709.000 0.205
5710.000 0.206
5711.000 0.213
5712.000 0.219
5713.000 0.220
5714.000 0.227
5715.000 0.233
5716.000 0.239
5717.000 0.247
5718.000 0.251
5719.000 0.261
5720.000 0.265
5721.000 0.275
5722.000 0.286
5723.000 0.293
5724.000 0.305
5725.000 0.312
5726.000 0.326
5727.000 0.342
5728.000 0.350
5729.000 0.365
5730.000 0.379
5731.000 0.391
5732.000 0.392
5733.000 0.395
5734.000 0.395
5735.000 0.381
5736.000 0.371
5737.000 0.344
5738.000 0.311
5739.000 0.294
5740.000 0.265
5741.000 0.251
5742.000 0.231
5743.000 0.224
5744.000 0.213
5745.000 0.208
5746.000 0.208
5747.000 0.206
5748.000 0.210
5749.000 0.212
5750.000 0.214
5751.000 0.215
5752.000 0.219
5753.000 0.222
5754.000 0.222
5755.000 0.225
5756.000 0.225
5757.000 0.223
5758.000 0.221
5759.000 0.218
5760.000 0.212
5761.000 0.209
5762.000 0.202
5763.000 0.195
5764.000 0.189
5765.000 0.180
5766.000 0.176
5767.000 0.167
5768.000 0.161
5769.000 0.157
5770.000 0.152
5771.000 0.150
5772.000 0.146
5773.000 0.144
5774.000 0.143
5775.000 0.144
5776.000 0.145
5777.000 0.149
5778.000 0.155
5779.000 0.155
5780.000 0.163
5781.000 0.165
5782.000 0.173
5783.000 0.179
5784.000 0.188
5785.000 0.200
5786.000 0.209
5787.000 0.214
5788.000 0.228
5789.000 0.234
5790.000 0.247
5791.000 0.263
5792.000 0.277
5793.000 0.285
5794.000 0.301
5795.000 0.319
5796.000 0.328
5797.000 0.336
5798.000 0.354
5799.000 0.373
5800.000 0.382
5801.000 0.398
5802.000 0.415
5803.000 0.423
5804.000 0.436
5805.000 0.443
5806.000 0.453
5807.000 0.455
5808.000 0.459
5809.000 0.460
5810.000 0.457
5811.000 0.451
5812.000 0.441
5813.000 0.434
5814.000 0.426
5815.000 0.409
5816.000 0.393
5817.000 0.383
5818.000 0.364
5819.000 0.355
5820.000 0.336
5821.000 0.318
5822.000 0.309
5823.000 0.293
5824.000 0.279
5825.000 0.270
5826.000 0.258
5827.000 0.252
5828.000 0.242
5829.000 0.232
5830.000 0.229
5831.000 0.226
5832.000 0.224
5833.000 0.223
5834.000 0.226
5835.000 0.230
5836.000 0.240
5837.000 0.245
5838.000 0.262
5839.000 0.283
5840.000 0.294
5841.000 0.321
5842.000 0.338
5843.000 0.371
5844.000 0.390
5845.000 0.432
5846.000 0.476
5847.000 0.498
5848.000 0.540
5849.000 0.578
5850.000 0.596
5851.000 0.617
5852.000 0.623
5853.000 0.625
5854.000 0.621
5855.000 0.601
5856.000 0.576
5857.000 0.560
5858.000 0.530
5859.000 0.501
5860.000 0.488
5861.000 0.459
5862.000 0.449
5863.000 0.426
5864.000 0.405
5865.000 0.396
5866.000 0.378
5867.000 0.361
5868.000 0.354
5869.000 0.346
5870.000 0.333
5871.000 0.321
5872.000 0.316
5873.000 0.304
5874.000 0.299
5875.000 0.289
5876.000 0.281
5877.000 0.276
5878.000 0.269
5879.000 0.265
5880.000 0.257
5881.000 0.251
5882.000 0.248
5883.000 0.241
5884.000 0.239
5885.000 0.233
5886.000 0.229
5887.000 0.226
5888.000 0.222
5889.000 0.216
5890.000 0.215
5891.000 0.211
5893.000 0.207
5894.000 0.204
5895.000 0.201
5896.000 0.198
5897.000 0.194
5898.000 0.192
5899.000 0.190
5900.000 0.185
5901.000 0.186
5902.000 0.182
5903.000 0.181
5904.000 0.178
5905.000 0.176
5906.000 0.174
5907.000 0.173
5908.000 0.171
5909.000 0.169
5910.000 0.168
5911.000 0.167
5912.000 0.164
5913.000 0.163
5914.000 0.161
5915.000 0.159
5916.000 0.158
5917.000 0.156
5918.000 0.155
5919.000 0.154
5920.000 0.154
5921.000 0.151
5922.000 0.151
5923.000 0.148
5924.000 0.147
5925.000 0.146
5926.000 0.145
5927.000 0.144
5928.000 0.142
5929.000 0.143
5930.000 0.141
5931.000 0.140
5932.000 0.139
5933.000 0.138
5934.000 0.137
5935.000 0.137
5936.000 0.136
5937.000 0.134
5938.000 0.134
5939.000 0.134
5940.000 0.133
5941.000 0.134
5942.000 0.132
5943.000 0.131
5944.000 0.131
5945.000 0.130
5946.000 0.130
5947.000 0.129
5948.000 0.130
5949.000 0.127
5950.000 0.128
5951.000 0.128
5952.000 0.128
5953.000 0.127
5954.000 0.126
5955.000 0.128
5956.000 0.126
5957.000 0.127
5958.000 0.127
5959.000 0.126
5960.000 0.127
5961.000 0.127
5962.000 0.126
5963.000 0.127
5964.000 0.126
5965.000 0.125
5966.000 0.125
5967.000 0.126
5968.000 0.126
5969.000 0.127
5970.000 0.128
5971.000 0.129
5972.000 0.128
5973.000 0.130
5974.000 0.131
5975.000 0.132
5976.000 0.133
5977.000 0.134
5978.000 0.135
5979.000 0.137
5980.000 0.140
5981.000 0.141
5982.000 0.144
5983.000 0.144
5984.000 0.148
5985.000 0.152
5986.000 0.156
5987.000 0.157
5988.000 0.164
5989.000 0.170
5990.000 0.174
5991.000 0.182
5992.000 0.194
5993.000 0.201
5994.000 0.215
5995.000 0.225
5996.000 0.247
5997.000 0.276
5998.000 0.291
5999.000 0.328
6000.000 0.368
6001.000 0.386
6002.000 0.402
6003.000 0.413
6004.000 0.378
6005.000 0.336
6006.000 0.221
6007.000 0.116
6008.000 0.097
6009.000 0.083
6010.000 0.057
6011.000 0.050
6012.000 0.046
6013.000 0.032
6014.000 0.023
6015.000 0.019
6016.000 0.013
6017.000 0.008
6018.000 0.005
6019.000 0.006
6020.000 0.008
6021.000 0.013
6022.000 0.013
6023.000 0.016
6024.000 0.017
6025.000 0.021
6026.000 0.022
6027.000 0.022
6028.000 0.023
6029.000 0.025
6030.000 0.026
6031.000 0.028
6032.000 0.029
6033.000 0.030
6034.000 0.031
6035.000 0.030
6036.000 0.032
6037.000 0.032
6038.000 0.032
6039.000 0.034
6040.000 0.034
6041.000 0.036
6042.000 0.035
6043.000 0.035
6044.000 0.035
6045.000 0.036
6046.000 0.036
6047.000 0.036
6048.000 0.036
6049.000 0.037
6050.000 0.037
6051.000 0.037
6052.000 0.037
6053.000 0.038
6054.000 0.037
6055.000 0.037
6056.000 0.038
6057.000 0.038
6058.000 0.038
6059.000 0.037
6060.000 0.037
6061.000 0.038
6062.000 0.037
6063.000 0.037
6064.000 0.038
6065.000 0.039
6066.000 0.038
6067.000 0.038
6068.000 0.039
6069.000 0.037
6070.000 0.038
6071.000 0.039
6072.000 0.038
6073.000 0.037
6074.000 0.037
6075.000 0.037
6076.000 0.037
6077.000 0.037
6078.000 0.037
6079.000 0.038
6080.000 0.037
6081.000 0.037
6082.000 0.037
6083.000 0.036
6084.000 0.037
6085.000 0.036
6086.000 0.036
6087.000 0.037
6088.000 0.038
6089.000 0.038
6090.000 0.036
6091.000 0.037
6092.000 0.038
6093.000 0.039
6094.000 0.039
6095.000 0.039
6096.000 0.039
6097.000 0.041
6098.000 0.040
6099.000 0.042
6100.000 0.043
6101.000 0.043
6102.000 0.044
6103.000 0.046
6104.000 0.047
6105.000 0.048
6106.000 0.050
6107.000 0.051
6108.000 0.052
6109.000 0.053
6110.000 0.054
6111.000 0.055
6112.000 0.057
6113.000 0.056
6114.000 0.056
6115.000 0.058
6116.000 0.057
6117.000 0.058
6118.000 0.057
6119.000 0.058
6120.000 0.059
6121.000 0.057
6122.000 0.057
6123.000 0.058
6124.000 0.056
6125.000 0.057
6126.000 0.056
6127.000 0.056
6128.000 0.056
6129.000 0.055
6130.000 0.056
6131.000 0.055
6132.000 0.054
6133.000 0.054
6134.000 0.055
6135.000 0.054
6136.000 0.054
6137.000 0.054
6138.000 0.053
6139.000 0.055
6140.000 0.054
6141.000 0.054
6142.000 0.053
6143.000 0.054
6144.000 0.052
6145.000 0.052
6146.000 0.051
6147.000 0.051
6148.000 0.051
6149.000 0.053
6150.000 0.052
6151.000 0.050
6152.000 0.052
6153.000 0.051
6155.000 0.051
6156.000 0.050
6157.000 0.050
6158.000 0.050
6159.000 0.050
6160.000 0.049
6161.000 0.051
6162.000 0.050
6163.000 0.049
6164.000 0.050
6165.000 0.050
6166.000 0.050
6167.000 0.049
6168.000 0.049
6169.000 0.049
6170.000 0.050
6171.000 0.049
6172.000 0.048
6173.000 0.050
6174.000 0.048
6175.000 0.048
6176.000 0.048
6177.000 0.047
6178.000 0.047
6179.000 0.048
6180.000 0.048
6181.000 0.047
6182.000 0.047
6183.000 0.048
6184.000 0.048
6185.000 0.048
6186.000 0.047
6187.000 0.048
6188.000 0.048
6189.000 0.048
6190.000 0.048
6191.000 0.047
6192.000 0.048
6193.000 0.048
6194.000 0.047
6195.000 0.047
6196.000 0.046
6197.000 0.047
6198.000 0.047
6199.000 0.047
6200.000 0.047
6201.000 0.048
6202.000 0.046
6203.000 0.048
6204.000 0.046
6205.000 0.047
6206.000 0.047
6207.000 0.047
6208.000 0.048
6209.000 0.047
6210.000 0.047
6211.000 0.047
6212.000 0.048
6213.000 0.048
6214.000 0.047
6215.000 0.048
6216.000 0.046
6217.000 0.046
6218.000 0.047
6219.000 0.048
6220.000 0.047
6221.000 0.048
6222.000 0.048
6223.000 0.047
6224.000 0.047
6225.000 0.047
6226.000 0.048
6227.000 0.048
6228.000 0.047
6229.000 0.048
6230.000 0.048
6231.000 0.047
6232.000 0.048
6233.000 0.048
6234.000 0.047
6235.000 0.048
6236.000 0.048
6237.000 0.047
6238.000 0.048
6239.000 0.047
6240.000 0.048
6241.000 0.049
6242.000 0.048
6243.000 0.048
6244.000 0.048
6245.000 0.050
6246.000 0.048
6247.000 0.049
6248.000 0.049
6249.000 0.049
6250.000 0.049
6251.000 0.049
6252.000 0.048
6253.000 0.050
6254.000 0.050
6255.000 0.049
6256.000 0.051
6257.000 0.050
6258.000 0.051
6259.000 0.052
6260.000 0.051
6261.000 0.052
6262.000 0.052
6263.000 0.052
6264.000 0.052
6265.000 0.053
6266.000 0.053
6268.000 0.053
6269.000 0.054
6270.000 0.054
6271.000 0.055
6272.000 0.056
6273.000 0.056
6274.000 0.055
6275.000 0.056
6276.000 0.056
6277.000 0.057
6278.000 0.058
6279.000 0.059
6280.000 0.059
6281.000 0.060
6282.000 0.061
6283.000 0.061
6284.000 0.064
6285.000 0.065
6286.000 0.066
6287.000 0.067
6288.000 0.069
6289.000 0.071
6290.000 0.072
6291.000 0.073
6292.000 0.076
6293.000 0.079
6294.000 0.080
6295.000 0.083
6296.000 0.087
6297.000 0.089
6298.000 0.090
6299.000 0.090
6300.000 0.091
6301.000 0.090
6302.000 0.088
6303.000 0.081
6304.000 0.072
6305.000 0.068
6306.000 0.062
6307.000 0.050
6308.000 0.041
6309.000 0.032
6310.000 0.030
6311.000 0.024
6312.000 0.022
6313.000 0.020
6314.000 0.015
6315.000 0.014
6316.000 0.015
6317.000 0.013
6318.000 0.015
6319.000 0.015
6320.000 0.015
6321.000 0.016
6322.000 0.017
6323.000 0.016
6324.000 0.017
6325.000 0.018
6326.000 0.019
6328.000 0.019
6329.000 0.020
6330.000 0.022
6331.000 0.022
6332.000 0.021
6333.000 0.023
6334.000 0.022
6335.000 0.023
6336.000 0.023
6337.000 0.023
6338.000 0.024
6339.000 0.024
6340.000 0.025
6341.000 0.026
6342.000 0.026
6343.000 0.026
6344.000 0.026
6345.000 0.027
6346.000 0.027
6347.000 0.027
6348.000 0.027
6349.000 0.028
6350.000 0.028
6351.000 0.028
6352.000 0.028
6353.000 0.028
6354.000 0.029
6355.000 0.029
6356.000 0.029
6357.000 0.029
6358.000 0.029
6359.000 0.031
6360.000 0.030
6362.000 0.029
6363.000 0.030
6364.000 0.029
6365.000 0.030
6366.000 0.031
6367.000 0.030
6368.000 0.032
6369.000 0.030
6370.000 0.030
6371.000 0.032
6372.000 0.031
6373.000 0.031
6374.000 0.030
6375.000 0.031
6376.000 0.031
6377.000 0.032
6378.000 0.031
6379.000 0.032
6380.000 0.031
6381.000 0.032
6382.000 0.031
6383.000 0.033
6384.000 0.031
6385.000 0.033
6386.000 0.033
6387.000 0.032
6388.000 0.031
6389.000 0.032
6390.000 0.034
6391.000 0.032
6392.000 0.033
6394.000 0.033
6395.000 0.033
6396.000 0.032
6397.000 0.034
6398.000 0.032
6399.000 0.034
6400.000 0.034
6401.000 0.033
6402.000 0.033
6403.000 0.033
6404.000 0.034
6405.000 0.032
6406.000 0.033
6407.000 0.034
6408.000 0.033
6409.000 0.033
6410.000 0.033
6411.000 0.033
6412.000 0.034
6413.000 0.033
6414.000 0.033
6415.000 0.034
6416.000 0.036
6417.000 0.035
6418.000 0.034
6419.000 0.035
6421.000 0.035
6422.000 0.035
6423.000 0.034
6424.000 0.035
6425.000 0.034
6426.000 0.036
6427.000 0.035
6428.000 0.035
6429.000 0.035
6430.000 0.035
6431.000 0.035
6432.000 0.035
6433.000 0.034
6434.000 0.036
6435.000 0.036
6436.000 0.036
6437.000 0.036
6438.000 0.034
6439.000 0.035
6440.000 0.035
6441.000 0.035
6442.000 0.035
6443.000 0.035
6445.000 0.034
6446.000 0.036
6447.000 0.037
6448.000 0.036
6449.000 0.036
6450.000 0.037
6451.000 0.036
6452.000 0.036
6453.000 0.035
6454.000 0.036
6455.000 0.036
6456.000 0.036
6457.000 0.036
6458.000 0.037
6459.000 0.037
6460.000 0.036
6461.000 0.038
6462.000 0.037
6463.000 0.037
6464.000 0.037
6465.000 0.036
6466.000 0.038
6467.000 0.037
6468.000 0.037
6469.000 0.037
6470.000 0.037
6471.000 0.037
6473.000 0.037
6474.000 0.037
6475.000 0.038
6476.000 0.037
6477.000 0.037
6478.000 0.037
6479.000 0.038
6480.000 0.037
6481.000 0.037
6482.000 0.037
6483.000 0.036
6484.000 0.037
6485.000 0.038
6486.000 0.038
6487.000 0.037
6488.000 0.038
6489.000 0.037
6490.000 0.038
6491.000 0.038
6492.000 0.038
6493.000 0.038
6494.000 0.039
6495.000 0.039
6496.000 0.038
6497.000 0.038
6498.000 0.038
6499.000 0.038
6500.000 0.039
6501.000 0.038
6503.000 0.039
6504.000 0.039
6505.000 0.039
6506.000 0.038
6507.000 0.039
6508.000 0.039
6509.000 0.039
6510.000 0.039
6511.000 0.040
6512.000 0.039
6513.000 0.039
6514.000 0.040
6515.000 0.040
6516.000 0.040
6517.000 0.040
6518.000 0.039
6519.000 0.039
6520.000 0.041
6521.000 0.039
6522.000 0.040
6524.000 0.040
6525.000 0.040
6526.000 0.040
6527.000 0.040
6528.000 0.040
6529.000 0.041
6530.000 0.040
6531.000 0.041
6532.000 0.040
6533.000 0.040
6534.000 0.041
6535.000 0.041
6536.000 0.041
6537.000 0.041
6538.000 0.041
6539.000 0.043
6541.000 0.042
6542.000 0.042
6543.000 0.042
6544.000 0.042
6545.000 0.042
6546.000 0.042
6547.000 0.041
6548.000 0.042
6549.000 0.043
6550.000 0.043
6551.000 0.043
6552.000 0.042
6553.000 0.043
6554.000 0.043
6555.000 0.042
6556.000 0.043
6557.000 0.042
6558.000 0.043
6559.000 0.043
6561.000 0.042
6562.000 0.044
6563.000 0.043
6564.000 0.044
6565.000 0.044
6566.000 0.044
6567.000 0.044
6568.000 0.043
6569.000 0.044
6570.000 0.044
6571.000 0.044
6572.000 0.045
6573.000 0.043
6574.000 0.044
6575.000 0.044
6576.000 0.044
6577.000 0.045
6579.000 0.045
6580.000 0.046
6581.000 0.045
6582.000 0.043
6583.000 0.046
6584.000 0.045
6585.000 0.045
6586.000 0.045
6587.000 0.046
6588.000 0.045
6589.000 0.046
6590.000 0.046
6591.000 0.046
6592.000 0.046
6593.000 0.047
6594.000 0.046
6595.000 0.047
6596.000 0.047
6597.000 0.046
6598.000 0.047
6599.000 0.046
6601.000 0.047
6602.000 0.047
6603.000 0.047
6604.000 0.047
6605.000 0.047
6606.000 0.048
6607.000 0.048
6608.000 0.047
6609.000 0.048
6610.000 0.049
6611.000 0.048
6612.000 0.050
6613.000 0.048
6614.000 0.049
6615.000 0.049
6616.000 0.049
6617.000 0.049
6619.000 0.049
6620.000 0.049
6621.000 0.050
6622.000 0.049
6623.000 0.049
6624.000 0.050
6625.000 0.050
6626.000 0.051
6627.000 0.050
6628.000 0.051
6629.000 0.051
6630.000 0.051
6631.000 0.051
6632.000 0.052
6633.000 0.051
6634.000 0.053
6635.000 0.052
6636.000 0.053
6637.000 0.052
6638.000 0.052
6639.000 0.053
6641.000 0.053
6642.000 0.053
6643.000 0.053
6644.000 0.054
6645.000 0.054
6646.000 0.054
6647.000 0.054
6648.000 0.054
6649.000 0.054
6650.000 0.054
6651.000 0.054
6652.000 0.055
6653.000 0.055
6654.000 0.055
6655.000 0.055
6657.000 0.055
6658.000 0.055
6659.000 0.057
6660.000 0.056
6661.000 0.057
6662.000 0.057
6663.000 0.056
6664.000 0.058
6665.000 0.057
6666.000 0.058
6667.000 0.059
6668.000 0.056
6669.000 0.059
6670.000 0.059
6671.000 0.059
6672.000 0.060
6674.000 0.059
6675.000 0.061
6676.000 0.060
6677.000 0.060
6678.000 0.060
6679.000 0.060
6680.000 0.061
6681.000 0.061
6682.000 0.061
6683.000 0.061
6684.000 0.061
6685.000 0.062
6686.000 0.063
6687.000 0.062
6688.000 0.063
6689.000 0.062
6691.000 0.063
6692.000 0.063
6693.000 0.064
6694.000 0.064
6695.000 0.065
6696.000 0.064
6697.000 0.064
6698.000 0.065
6699.000 0.066
6700.000 0.066
6701.000 0.065
6702.000 0.066
6703.000 0.067
6704.000 0.067
6705.000 0.067
6706.000 0.067
6707.000 0.067
6709.000 0.068
6710.000 0.067
6711.000 0.069
6712.000 0.070
6713.000 0.070
6714.000 0.070
6715.000 0.070
6716.000 0.071
6717.000 0.071
6718.000 0.071
6719.000 0.072
6720.000 0.073
6721.000 0.071
6723.000 0.073
6724.000 0.074
6725.000 0.074
6726.000 0.075
6727.000 0.075
6728.000 0.076
6729.000 0.076
6730.000 0.077
6731.000 0.076
6732.000 0.077
6733.000 0.078
6734.000 0.078
6735.000 0.078
6737.000 0.079
6738.000 0.080
6739.000 0.080
6740.000 0.081
6741.000 0.082
6742.000 0.081
6743.000 0.083
6744.000 0.083
6745.000 0.083
6746.000 0.085
6747.000 0.083
6748.000 0.085
6750.000 0.085
6751.000 0.087
6752.000 0.086
6753.000 0.087
6754.000 0.088
6755.000 0.089
6756.000 0.089
6757.000 0.089
6758.000 0.089
6759.000 0.090
6760.000 0.092
6761.000 0.092
6762.000 0.094
6763.000 0.093
6764.000 0.094
6766.000 0.095
6767.000 0.095
6768.000 0.096
6769.000 0.097
6770.000 0.098
6771.000 0.099
6772.000 0.100
6773.000 0.100
6774.000 0.101
6775.000 0.102
6776.000 0.102
6777.000 0.104
6778.000 0.104
6779.000 0.106
6780.000 0.106
6782.000 0.107
6783.000 0.108
6784.000 0.109
6785.000 0.111
6786.000 0.110
6787.000 0.112
6788.000 0.114
6789.000 0.115
6790.000 0.117
6791.000 0.117
6792.000 0.119
6793.000 0.119
6795.000 0.120
6796.000 0.121
6797.000 0.122
6798.000 0.124
6799.000 0.125
6800.000 0.128
6801.000 0.129
6802.000 0.130
6803.000 0.131
6804.000 0.133
6805.000 0.134
6806.000 0.137
6807.000 0.137
6808.000 0.138
6810.000 0.140
6811.000 0.142
6812.000 0.145
6813.000 0.146
6814.000 0.148
6815.000 0.151
6816.000 0.152
6817.000 0.153
6818.000 0.156
6819.000 0.158
6820.000 0.161
6822.000 0.163
6823.000 0.165
6824.000 0.168
6825.000 0.172
6826.000 0.173
6827.000 0.176
6828.000 0.179
6829.000 0.182
6830.000 0.185
6831.000 0.189
6832.000 0.190
6833.000 0.194
6834.000 0.199
6835.000 0.203
6836.000 0.204
6838.000 0.209
6839.000 0.213
6840.000 0.218
6841.000 0.224
6843.000 0.228
6844.000 0.234
6845.000 0.240
6846.000 0.246
6847.000 0.254
6849.000 0.257
6851.000 0.270
6853.000 0.282
6854.000 0.290
6855.000 0.297
6856.000 0.304
6857.000 0.307
6858.000 0.315
6859.000 0.319
6860.000 0.323
6861.000 0.326
6863.000 0.326
6864.000 0.326
6865.000 0.326
6866.000 0.320
6867.000 0.316
6868.000 0.308
6869.000 0.299
6870.000 0.285
6871.000 0.280
6873.000 0.269
6874.000 0.259
6875.000 0.247
6876.000 0.239
6877.000 0.234
6878.000 0.235
6879.000 0.235
6880.000 0.240
6881.000 0.247
6883.000 0.256
6884.000 0.268
6885.000 0.276
6886.000 0.293
6887.000 0.310
6888.000 0.321
6889.000 0.340
6890.000 0.363
6891.000 0.385
6892.000 0.397
6894.000 0.416
6895.000 0.439
6896.000 0.460
6897.000 0.478
6898.000 0.485
6899.000 0.499
6900.000 0.508
6901.000 0.511
6902.000 0.508
6904.000 0.504
6906.000 0.484
6908.000 0.465
6910.000 0.437
6912.000 0.404
6914.000 0.376
6915.000 0.358
6916.000 0.341
6917.000 0.324
6918.000 0.316
6919.000 0.300
6920.000 0.285
6922.000 0.272
6923.000 0.261
6924.000 0.247
6925.000 0.235
6927.000 0.224
6928.000 0.213
6930.000 0.198
6932.000 0.183
6933.000 0.175
6934.000 0.165
6935.000 0.161
6936.000 0.156
6937.000 0.148
6938.000 0.142
6939.000 0.138
6941.000 0.134
6942.000 0.128
6943.000 0.121
6944.000 0.117
6945.000 0.113
6946.000 0.110
6947.000 0.106
6948.000 0.099
6949.000 0.096
6950.000 0.094
6952.000 0.090
6953.000 0.086
6954.000 0.083
6955.000 0.081
6956.000 0.079
6957.000 0.075
6958.000 0.075
6959.000 0.073
6960.000 0.072
6961.000 0.070
6962.000 0.070
6964.000 0.070
6965.000 0.071
6966.000 0.071
6967.000 0.072
6968.000 0.074
6969.000 0.076
6970.000 0.080
6971.000 0.082
6972.000 0.086
6974.000 0.090
6975.000 0.095
6976.000 0.101
6977.000 0.107
6978.000 0.114
6979.000 0.116
6981.000 0.122
6982.000 0.135
6983.000 0.138
6984.000 0.147
6985.000 0.157
6986.000 0.167
6987.000 0.172
6989.000 0.180
6990.000 0.194
6991.000 0.205
6992.000 0.212
6993.000 0.222
6994.000 0.234
6995.000 0.238
6997.000 0.248
6998.000 0.261
6999.000 0.270
7000.000 0.274
7001.000 0.282
7002.000 0.286
7003.000 0.292
7005.000 0.294
7006.000 0.297
7007.000 0.296
7008.000 0.295
7009.000 0.293
7010.000 0.290
7012.000 0.287
7013.000 0.282
7014.000 0.277
7015.000 0.273
7016.000 0.268
7017.000 0.262
7018.000 0.257
7019.000 0.250
7020.000 0.246
7022.000 0.241
7023.000 0.234
7024.000 0.229
7025.000 0.222
7026.000 0.220
7027.000 0.213
7028.000 0.208
7029.000 0.203
7030.000 0.199
7032.000 0.195
7033.000 0.189
7034.000 0.184
7035.000 0.178
7036.000 0.178
7037.000 0.173
7038.000 0.172
7040.000 0.171
7041.000 0.167
7042.000 0.165
7043.000 0.165
7044.000 0.165
7045.000 0.165
7046.000 0.166
7048.000 0.169
7049.000 0.176
7050.000 0.182
7051.000 0.187
7052.000 0.194
7053.000 0.201
7054.000 0.208
7056.000 0.215
7057.000 0.218
7058.000 0.221
7059.000 0.220
7060.000 0.220
7061.000 0.216
7062.000 0.213
7064.000 0.209
7065.000 0.205
7066.000 0.199
7067.000 0.195
7068.000 0.193
7069.000 0.189
7071.000 0.184
7072.000 0.181
7073.000 0.177
7074.000 0.173
7075.000 0.170
7076.000 0.168
7077.000 0.166
7078.000 0.162
7080.000 0.159
7081.000 0.157
7082.000 0.156
7083.000 0.154
7084.000 0.149
7085.000 0.148
7086.000 0.148
7087.000 0.145
7088.000 0.144
7089.000 0.143
7090.000 0.141
7091.000 0.138
7093.000 0.137
7094.000 0.135
7095.000 0.134
7096.000 0.133
7097.000 0.132
7098.000 0.129
7099.000 0.129
7100.000 0.128
7102.000 0.127
7103.000 0.125
7104.000 0.123
7105.000 0.122
7106.000 0.121
7107.000 0.120
7109.000 0.120
7110.000 0.118
7111.000 0.117
7112.000 0.117
7113.000 0.116
7114.000 0.114
7115.000 0.114
7116.000 0.113
7117.000 0.113
7119.000 0.110
7120.000 0.109
7121.000 0.110
7122.000 0.108
7123.000 0.107
7124.000 0.107
7125.000 0.106
7126.000 0.106
7127.000 0.105
7128.000 0.103
7130.000 0.104
7131.000 0.102
7132.000 0.101
7133.000 0.101
7134.000 0.100
7135.000 0.100
7136.000 0.099
7137.000 0.097
7138.000 0.099
7140.000 0.097
7141.000 0.097
7142.000 0.096
7143.000 0.096
7144.000 0.094
7145.000 0.094
7147.000 0.094
7148.000 0.092
7149.000 0.092
7150.000 0.091
7151.000 0.092
7152.000 0.090
7153.000 0.090
7154.000 0.089
7156.000 0.090
7157.000 0.088
7158.000 0.088
7159.000 0.089
7160.000 0.087
7161.000 0.087
7163.000 0.086
7164.000 0.085
7165.000 0.085
7166.000 0.083
7167.000 0.084
7168.000 0.083
7169.000 0.082
7170.000 0.083
7172.000 0.083
7173.000 0.082
7174.000 0.082
7175.000 0.080
7176.000 0.080
7177.000 0.079
7178.000 0.080
7179.000 0.079
7180.000 0.080
7181.000 0.079
7183.000 0.079
7184.000 0.077
7185.000 0.077
7186.000 0.078
7187.000 0.078
7188.000 0.076
7189.000 0.077
7191.000 0.076
7192.000 0.075
7193.000 0.075
7194.000 0.076
7195.000 0.073
7196.000 0.074
7198.000 0.075
7199.000 0.073
7200.000 0.075
7201.000 0.072
7202.000 0.071
7203.000 0.073
7204.000 0.072
7206.000 0.073
7207.000 0.071
7208.000 0.072
7209.000 0.070
7210.000 0.070
7211.000 0.071
7212.000 0.070
7213.000 0.069
7215.000 0.068
7216.000 0.069
7217.000 0.069
7218.000 0.069
7219.000 0.068
7220.000 0.068
7221.000 0.069
7223.000 0.067
7224.000 0.067
7225.000 0.067
7226.000 0.067
7227.000 0.067
7228.000 0.067
7230.000 0.065
7231.000 0.067
7232.000 0.066
7233.000 0.066
7234.000 0.067
7235.000 0.066
7236.000 0.065
7238.000 0.064
7239.000 0.065
7240.000 0.065
7241.000 0.065
7242.000 0.065
7243.000 0.064
7244.000 0.064
7246.000 0.064
7247.000 0.064
7248.000 0.064
7249.000 0.064
7250.000 0.065
7251.000 0.063
7252.000 0.063
7254.000 0.064
7255.000 0.065
7256.000 0.063
7257.000 0.063
7258.000 0.063
7259.000 0.062
7260.000 0.062
7262.000 0.062
7263.000 0.062
7264.000 0.064
7265.000 0.062
7266.000 0.063
7267.000 0.062
7268.000 0.061
7270.000 0.062
7271.000 0.062
7272.000 0.063
7273.000 0.061
7274.000 0.062
7275.000 0.062
7276.000 0.061
7278.000 0.061
7279.000 0.061
7280.000 0.062
7281.000 0.061
7282.000 0.061
7283.000 0.061
7284.000 0.061
7286.000 0.060
7287.000 0.061
7288.000 0.061
7289.000 0.061
7290.000 0.062
7291.000 0.061
7292.000 0.060
7294.000 0.061
7295.000 0.061
7296.000 0.061
7297.000 0.062
7298.000 0.061
7299.000 0.061
7300.000 0.062
7302.000 0.063
7303.000 0.061
7304.000 0.061
7305.000 0.062
7306.000 0.062
7307.000 0.063
7308.000 0.063
7310.000 0.064
7311.000 0.065
7312.000 0.064
7313.000 0.064
7314.000 0.067
7315.000 0.065
7316.000 0.067
7318.000 0.067
7319.000 0.068
7320.000 0.069
7321.000 0.069
7322.000 0.068
7323.000 0.069
7324.000 0.070
7326.000 0.071
7327.000 0.071
7328.000 0.071
7329.000 0.071
7330.000 0.072
7331.000 0.072
7333.000 0.073
7334.000 0.073
7335.000 0.073
7336.000 0.073
7337.000 0.074
7338.000 0.075
7339.000 0.075
7340.000 0.075
7342.000 0.075
7343.000 0.076
7344.000 0.076
7345.000 0.076
7346.000 0.077
7347.000 0.078
7348.000 0.079
7350.000 0.078
7351.000 0.079
7352.000 0.080
7353.000 0.080
7354.000 0.082
7355.000 0.082
7357.000 0.082
7358.000 0.083
7359.000 0.085
7360.000 0.087
7361.000 0.087
7362.000 0.088
7363.000 0.090
7364.000 0.090
7366.000 0.094
7367.000 0.094
7368.000 0.095
7369.000 0.099
7370.000 0.100
7371.000 0.102
7372.000 0.106
7374.000 0.107
7375.000 0.112
7376.000 0.117
7377.000 0.121
7378.000 0.129
7379.000 0.132
7381.000 0.143
7382.000 0.155
7383.000 0.166
7384.000 0.181
7385.000 0.189
7386.000 0.206
7388.000 0.219
7389.000 0.230
7390.000 0.228
7391.000 0.208
7392.000 0.167
7393.000 0.135
7395.000 0.097
7396.000 0.058
7397.000 0.043
7398.000 0.037
7399.000 0.027
7400.000 0.022
7402.000 0.019
7403.000 0.019
7404.000 0.019
7405.000 0.019
7406.000 0.021
7407.000 0.024
7408.000 0.026
7410.000 0.028
7411.000 0.031
7412.000 0.032
7413.000 0.033
7414.000 0.035
7415.000 0.037
7416.000 0.038
7417.000 0.041
7419.000 0.041
7420.000 0.043
7421.000 0.043
7422.000 0.045
7423.000 0.047
7424.000 0.048
7425.000 0.050
7427.000 0.051
7428.000 0.051
7429.000 0.053
7430.000 0.054
7431.000 0.054
7432.000 0.054
7434.000 0.055
7435.000 0.059
7436.000 0.061
7437.000 0.060
7438.000 0.062
7439.000 0.062
7440.000 0.064
7441.000 0.064
7443.000 0.066
7444.000 0.068
7445.000 0.070
7446.000 0.072
7447.000 0.071
7448.000 0.073
7450.000 0.075
7451.000 0.077
7452.000 0.079
7453.000 0.082
7454.000 0.084
7455.000 0.086
7456.000 0.089
7458.000 0.091
7459.000 0.093
7460.000 0.097
7461.000 0.101
7462.000 0.105
7463.000 0.106
7464.000 0.112
7465.000 0.117
7467.000 0.123
7468.000 0.130
7469.000 0.137
7470.000 0.142
7471.000 0.150
7472.000 0.162
7473.000 0.168
7474.000 0.183
7475.000 0.201
7477.000 0.220
7478.000 0.245
7479.000 0.277
7480.000 0.317
7481.000 0.364
7482.000 0.418
7483.000 0.445
7485.000 0.485
7486.000 0.511
7487.000 0.490
7488.000 0.407
7489.000 0.294
7490.000 0.247
7491.000 0.200
7493.000 0.171
7494.000 0.145
7495.000 0.126
7496.000 0.108
7497.000 0.096
7498.000 0.090
7499.000 0.080
7501.000 0.070
7502.000 0.065
7503.000 0.059
7504.000 0.052
7505.000 0.049
7506.000 0.044
7508.000 0.042
7509.000 0.037
7510.000 0.034
7511.000 0.031
7512.000 0.028
7514.000 0.025
7515.000 0.023
7516.000 0.022
7517.000 0.022
7518.000 0.018
7519.000 0.017
7520.000 0.015
7522.000 0.014
7523.000 0.013
7524.000 0.010
7525.000 0.012
7526.000 0.010
7527.000 0.009
7529.000 0.007
7530.000 0.006
7531.000 0.006
7532.000 0.006
7533.000 0.006
7534.000 0.007
7536.000 0.006
7537.000 0.006
7538.000 0.006
7539.000 0.007
7540.000 0.008
7541.000 0.008
7543.000 0.008
7544.000 0.009
7545.000 0.010
7546.000 0.009
7547.000 0.010
7548.000 0.012
7549.000 0.011
7551.000 0.012
7552.000 0.013
7553.000 0.013
7554.000 0.012
7555.000 0.014
7556.000 0.014
7557.000 0.014
7559.000 0.014
7560.000 0.015
7561.000 0.016
7562.000 0.016
7563.000 0.015
7564.000 0.017
7565.000 0.017
7567.000 0.018
7568.000 0.018
7569.000 0.017
7570.000 0.017
7571.000 0.018
7572.000 0.019
7574.000 0.019
7575.000 0.020
7576.000 0.020
7577.000 0.020
7578.000 0.020
7580.000 0.022
7581.000 0.021
7582.000 0.019
7583.000 0.022
7584.000 0.022
7585.000 0.022
7586.000 0.021
7587.000 0.021
7589.000 0.022
7590.000 0.020
7591.000 0.024
7592.000 0.024
7593.000 0.023
7595.000 0.023
7596.000 0.024
7597.000 0.023
7598.000 0.025
7599.000 0.024
7601.000 0.025
7602.000 0.024
7603.000 0.025
7604.000 0.026
7605.000 0.025
7606.000 0.026
7608.000 0.026
7609.000 0.026
7610.000 0.026
7611.000 0.026
7612.000 0.027
7614.000 0.026
7615.000 0.025
7616.000 0.027
7617.000 0.027
7618.000 0.027
7619.000 0.027
7620.000 0.028
7622.000 0.028
7623.000 0.028
7624.000 0.027
7625.000 0.029
7626.000 0.028
7627.000 0.028
7629.000 0.028
7630.000 0.029
7631.000 0.029
7632.000 0.029
7633.000 0.030
7635.000 0.029
7636.000 0.030
7637.000 0.030
7638.000 0.030
7639.000 0.029
7640.000 0.029
7641.000 0.031
7643.000 0.030
7644.000 0.032
7645.000 0.031
7646.000 0.031
7647.000 0.032
7648.000 0.031
7650.000 0.031
7651.000 0.032
7652.000 0.032
7653.000 0.031
7654.000 0.033
7656.000 0.032
7657.000 0.032
7658.000 0.033
7659.000 0.033
7660.000 0.033
7661.000 0.034
7662.000 0.033
7664.000 0.033
7665.000 0.033
7666.000 0.034
7667.000 0.033
7668.000 0.034
7669.000 0.033
7671.000 0.034
7672.000 0.033
7673.000 0.034
7674.000 0.034
7675.000 0.035
7677.000 0.035
7678.000 0.035
7679.000 0.036
7680.000 0.035
7681.000 0.034
7682.000 0.035
7683.000 0.036
7685.000 0.036
7686.000 0.036
7687.000 0.037
7688.000 0.037
7689.000 0.037
7690.000 0.036
7691.000 0.037
7693.000 0.036
7694.000 0.037
7695.000 0.038
7696.000 0.037
7697.000 0.037
7698.000 0.037
7699.000 0.039
7701.000 0.038
7702.000 0.040
7703.000 0.038
7704.000 0.039
7705.000 0.038
7706.000 0.039
7708.000 0.039
7709.000 0.039
7710.000 0.040
7711.000 0.039
7712.000 0.039
7714.000 0.040
7715.000 0.039
7716.000 0.040
7717.000 0.040
7718.000 0.041
7719.000 0.039
7721.000 0.040
7722.000 0.041
7723.000 0.042
7724.000 0.041
7725.000 0.042
7727.000 0.041
7728.000 0.041
7729.000 0.041
7730.000 0.042
7731.000 0.041
7732.000 0.042
7734.000 0.042
7735.000 0.044
7736.000 0.043
7737.000 0.044
7738.000 0.044
7740.000 0.042
7741.000 0.045
7742.000 0.045
7743.000 0.045
7744.000 0.044
7745.000 0.043
7746.000 0.044
7748.000 0.045
7749.000 0.046
7750.000 0.046
7751.000 0.046
7752.000 0.047
7753.000 0.046
7755.000 0.047
7756.000 0.046
7757.000 0.046
7758.000 0.047
7759.000 0.047
7760.000 0.047
7761.000 0.048
7763.000 0.049
7764.000 0.049
7765.000 0.050
7766.000 0.050
7768.000 0.049
7769.000 0.050
7770.000 0.049
7771.000 0.051
7772.000 0.050
7774.000 0.051
7775.000 0.051
7776.000 0.050
7777.000 0.049
7778.000 0.048
7779.000 0.046
7781.000 0.047
7782.000 0.046
7783.000 0.045
7784.000 0.047
7785.000 0.048
7787.000 0.049
7788.000 0.048
7789.000 0.049
7790.000 0.049
7791.000 0.048
7792.000 0.051
7794.000 0.051
7795.000 0.050
7796.000 0.051
7797.000 0.052
7798.000 0.051
7800.000 0.053
7801.000 0.052
7802.000 0.052
7803.000 0.053
7804.000 0.053
7805.000 0.054
7807.000 0.054
7808.000 0.054
7809.000 0.054
7810.000 0.055
7811.000 0.055
7813.000 0.055
7814.000 0.056
7815.000 0.058
7816.000 0.057
7817.000 0.056
7818.000 0.058
7820.000 0.057
7821.000 0.057
7822.000 0.058
7823.000 0.057
7824.000 0.058
7826.000 0.059
7827.000 0.060
7828.000 0.059
7829.000 0.059
7830.000 0.061
7831.000 0.060
7833.000 0.060
7834.000 0.061
7835.000 0.061
7836.000 0.062
7837.000 0.063
7839.000 0.063
7840.000 0.062
7841.000 0.064
7842.000 0.064
7843.000 0.064
7844.000 0.066
7846.000 0.065
7847.000 0.066
7848.000 0.066
7849.000 0.067
7850.000 0.066
7852.000 0.067
7853.000 0.068
7854.000 0.069
7855.000 0.071
7856.000 0.069
7857.000 0.070
7859.000 0.069
7860.000 0.071
7861.000 0.072
7862.000 0.071
7864.000 0.073
7865.000 0.073
7866.000 0.073
7867.000 0.075
7868.000 0.075
7870.000 0.076
7871.000 0.076
7872.000 0.077
7873.000 0.077
7874.000 0.077
7875.000 0.078
7877.000 0.079
7878.000 0.079
7879.000 0.080
7880.000 0.081
7881.000 0.081
7883.000 0.082
7884.000 0.082
7885.000 0.082
7886.000 0.083
7887.000 0.085
7888.000 0.085
7890.000 0.086
7891.000 0.087
7892.000 0.088
7893.000 0.089
7894.000 0.089
7896.000 0.090
7897.000 0.091
7898.000 0.092
7899.000 0.093
7900.000 0.092
7901.000 0.094
7903.000 0.095
7904.000 0.096
7905.000 0.097
7906.000 0.098
7907.000 0.099
7909.000 0.100
7910.000 0.101
7911.000 0.102
7912.000 0.103
7913.000 0.103
7914.000 0.105
7916.000 0.107
7917.000 0.107
7918.000 0.109
7919.000 0.110
7920.000 0.111
7922.000 0.113
7923.000 0.113
7924.000 0.117
7925.000 0.118
7926.000 0.119
7927.000 0.121
7929.000 0.122
7930.000 0.124
7931.000 0.126
7932.000 0.129
7934.000 0.129
7935.000 0.131
7936.000 0.133
7937.000 0.135
7938.000 0.137
7940.000 0.138
7941.000 0.141
7942.000 0.143
7943.000 0.146
7944.000 0.149
7945.000 0.152
7947.000 0.154
7948.000 0.156
7949.000 0.160
7950.000 0.163
7951.000 0.166
7953.000 0.169
7954.000 0.173
7955.000 0.177
7956.000 0.181
7957.000 0.184
7958.000 0.188
7960.000 0.192
7961.000 0.198
7962.000 0.204
7963.000 0.207
7964.000 0.212
7966.000 0.217
7967.000 0.223
7968.000 0.232
7969.000 0.237
7970.000 0.244
7971.000 0.247
7973.000 0.254
7974.000 0.264
7975.000 0.273
7976.000 0.281
7978.000 0.285
7979.000 0.293
7980.000 0.298
7981.000 0.302
7983.000 0.305
7984.000 0.306
7985.000 0.305
7986.000 0.300
7988.000 0.297
7989.000 0.281
7990.000 0.271
7991.000 0.257
7993.000 0.244
7994.000 0.231
7995.000 0.215
7996.000 0.200
7998.000 0.187
7999.000 0.173
8000.000 0.161
8001.000 0.150
8002.000 0.138
8004.000 0.128
8005.000 0.121
8006.000 0.118
8007.000 0.111
8008.000 0.107
8010.000 0.104
8011.000 0.101
8012.000 0.101
8013.000 0.102
8014.000 0.105
8016.000 0.107
8017.000 0.113
8018.000 0.118
8019.000 0.119
8021.000 0.128
8022.000 0.135
8023.000 0.143
8024.000 0.151
8026.000 0.159
8027.000 0.167
8028.000 0.176
8029.000 0.184
8030.000 0.195
8032.000 0.205
8033.000 0.217
8034.000 0.228
8035.000 0.239
8036.000 0.246
8037.000 0.260
8039.000 0.271
8040.000 0.291
8041.000 0.304
8042.000 0.311
8043.000 0.323
8045.000 0.335
8046.000 0.347
8047.000 0.358
8048.000 0.368
8049.000 0.377
8050.000 0.383
8052.000 0.386
8053.000 0.387
8054.000 0.386
8055.000 0.384
8057.000 0.380
8058.000 0.372
8059.000 0.365
8060.000 0.357
8062.000 0.347
8063.000 0.331
8064.000 0.320
8065.000 0.314
8067.000 0.305
8068.000 0.290
8069.000 0.278
8070.000 0.272
8072.000 0.263
8073.000 0.244
8075.000 0.237
8076.000 0.227
8077.000 0.219
8078.000 0.211
8079.000 0.208
8080.000 0.200
8082.000 0.195
8083.000 0.186
8084.000 0.180
8085.000 0.175
8086.000 0.171
8087.000 0.165
8088.000 0.161
8090.000 0.156
8091.000 0.147
8092.000 0.145
8093.000 0.140
8095.000 0.138
8096.000 0.131
8097.000 0.126
8098.000 0.122
8099.000 0.120
8101.000 0.117
8102.000 0.113
8103.000 0.109
8104.000 0.106
8105.000 0.102
8107.000 0.100
8108.000 0.097
8109.000 0.094
8110.000 0.091
8111.000 0.088
8113.000 0.086
8114.000 0.084
8115.000 0.080
8116.000 0.079
8117.000 0.075
8118.000 0.074
8120.000 0.073
8121.000 0.069
8122.000 0.067
8123.000 0.065
8124.000 0.065
8126.000 0.064
8127.000 0.061
8128.000 0.061
8129.000 0.060
8131.000 0.060
8132.000 0.057
8133.000 0.059
8134.000 0.059
8136.000 0.061
8137.000 0.062
8138.000 0.063
8139.000 0.065
8141.000 0.066
8142.000 0.070
8143.000 0.071
8144.000 0.075
8146.000 0.079
8147.000 0.086
8148.000 0.090
8149.000 0.095
8151.000 0.102
8152.000 0.106
8153.000 0.112
8155.000 0.118
8156.000 0.124
8157.000 0.129
8158.000 0.136
8159.000 0.140
8161.000 0.145
8162.000 0.151
8163.000 0.155
8164.000 0.159
8165.000 0.162
8166.000 0.163
8167.000 0.165
8169.000 0.166
8170.000 0.167
8171.000 0.167
8172.000 0.167
8174.000 0.166
8175.000 0.164
8176.000 0.163
8177.000 0.160
8179.000 0.158
8180.000 0.156
8181.000 0.153
8182.000 0.152
8184.000 0.151
8185.000 0.148
8186.000 0.146
8187.000 0.145
8189.000 0.143
8190.000 0.139
8191.000 0.138
8192.000 0.136
8194.000 0.133
8195.000 0.131
8196.000 0.128
8197.000 0.125
8199.000 0.124
8200.000 0.121
8201.000 0.120
8202.000 0.116
8204.000 0.114
8205.000 0.112
8206.000 0.109
8207.000 0.107
8209.000 0.106
8210.000 0.102
8211.000 0.101
8212.000 0.101
8214.000 0.098
8215.000 0.097
8216.000 0.096
8217.000 0.094
8219.000 0.093
8220.000 0.094
8221.000 0.091
8222.000 0.091
8224.000 0.092
8225.000 0.093
8226.000 0.094
8227.000 0.097
8229.000 0.098
8230.000 0.103
8231.000 0.108
8232.000 0.112
8234.000 0.113
8235.000 0.117
8236.000 0.120
8237.000 0.121
8239.000 0.123
8240.000 0.121
8241.000 0.121
8242.000 0.119
8244.000 0.118
8245.000 0.115
8246.000 0.114
8247.000 0.112
8249.000 0.110
8250.000 0.109
8251.000 0.107
8252.000 0.105
8254.000 0.104
8255.000 0.101
8256.000 0.101
8257.000 0.098
8259.000 0.099
8260.000 0.097
8261.000 0.096
8262.000 0.096
8264.000 0.095
8265.000 0.092
8266.000 0.093
8267.000 0.090
8269.000 0.089
8270.000 0.089
8271.000 0.086
8272.000 0.088
8274.000 0.085
8275.000 0.086
8276.000 0.085
8277.000 0.083
8279.000 0.084
8280.000 0.083
8281.000 0.081
8282.000 0.081
8284.000 0.080
8285.000 0.079
8286.000 0.079
8287.000 0.078
8289.000 0.079
8290.000 0.078
8291.000 0.076
8292.000 0.076
8294.000 0.076
8295.000 0.074
8296.000 0.075
8297.000 0.075
8299.000 0.074
8300.000 0.073
8301.000 0.074
8302.000 0.073
8304.000 0.071
8305.000 0.072
8306.000 0.071
8307.000 0.071
8309.000 0.071
8310.000 0.070
8311.000 0.070
8312.000 0.071
8314.000 0.069
8315.000 0.068
8316.000 0.069
8317.000 0.068
8319.000 0.067
8320.000 0.067
8321.000 0.066
8323.000 0.067
8324.000 0.066
8325.000 0.065
8326.000 0.065
8327.000 0.065
8329.000 0.066
8330.000 0.065
8331.000 0.065
8332.000 0.064
8333.000 0.064
8334.000 0.063
8336.000 0.062
8337.000 0.063
8338.000 0.063
8339.000 0.062
8340.000 0.062
8342.000 0.063
8343.000 0.062
8344.000 0.062
8345.000 0.062
8346.000 0.062
8348.000 0.061
8349.000 0.061
8350.000 0.059
8351.000 0.060
8353.000 0.060
8354.000 0.060
8355.000 0.060
8356.000 0.059
8358.000 0.059
8359.000 0.059
8360.000 0.059
8361.000 0.058
8363.000 0.058
8364.000 0.057
8365.000 0.058
8366.000 0.057
8368.000 0.059
8369.000 0.058
8370.000 0.058
8371.000 0.057
8372.000 0.058
8373.000 0.057
8375.000 0.056
8376.000 0.056
8377.000 0.056
8378.000 0.055
8380.000 0.056
8381.000 0.055
8382.000 0.056
8383.000 0.055
8385.000 0.055
8386.000 0.055
8387.000 0.055
8388.000 0.055
8389.000 0.055
8391.000 0.055
8392.000 0.055
8393.000 0.054
8394.000 0.055
8396.000 0.055
8397.000 0.055
8398.000 0.054
8399.000 0.053
8401.000 0.053
8402.000 0.055
8403.000 0.054
8404.000 0.053
8406.000 0.053
8407.000 0.053
8408.000 0.052
8409.000 0.052
8411.000 0.054
8412.000 0.052
8413.000 0.052
8414.000 0.053
8416.000 0.053
8417.000 0.052
8418.000 0.052
8419.000 0.052
8420.000 0.051
8421.000 0.051
8423.000 0.053
8424.000 0.052
8425.000 0.053
8426.000 0.052
8428.000 0.051
8429.000 0.051
8430.000 0.051
8431.000 0.051
8433.000 0.052
8434.000 0.051
8435.000 0.052
8436.000 0.051
8437.000 0.050
8439.000 0.050
8440.000 0.049
8441.000 0.051
8442.000 0.050
8443.000 0.049
8445.000 0.051
8446.000 0.049
8447.000 0.050
8448.000 0.050
8450.000 0.050
8451.000 0.049
8452.000 0.049
8453.000 0.049
8455.000 0.050
8456.000 0.050
8457.000 0.050
8458.000 0.049
8460.000 0.050
8461.000 0.049
8462.000 0.049
8463.000 0.049
8464.000 0.049
8466.000 0.050
8467.000 0.050
8468.000 0.049
8469.000 0.049
8470.000 0.049
8472.000 0.048
8473.000 0.049
8474.000 0.049
8475.000 0.049
8476.000 0.047
8478.000 0.049
8479.000 0.048
8480.000 0.048
8481.000 0.047
8483.000 0.049
8484.000 0.048
8485.000 0.049
8486.000 0.048
8488.000 0.048
8489.000 0.049
8490.000 0.048
8491.000 0.047
8492.000 0.048
8494.000 0.048
8495.000 0.049
8496.000 0.048
8497.000 0.048
8499.000 0.049
8500.000 0.049
8501.000 0.049
8502.000 0.048
8504.000 0.050
8505.000 0.048
8506.000 0.049
8507.000 0.050
8509.000 0.049
8510.000 0.050
8511.000 0.050
8512.000 0.049
8514.000 0.050
8515.000 0.050
8516.000 0.049
8517.000 0.050
8519.000 0.050
8520.000 0.050
8521.000 0.049
8522.000 0.050
8524.000 0.050
8525.000 0.050
8526.000 0.051
8527.000 0.051
8529.000 0.050
8530.000 0.050
8531.000 0.050
8532.000 0.051
8534.000 0.050
8535.000 0.050
8536.000 0.050
8537.000 0.051
8539.000 0.051
8540.000 0.051
8541.000 0.052
8543.000 0.050
8544.000 0.050
8545.000 0.050
8546.000 0.051
8548.000 0.050
8549.000 0.050
8550.000 0.050
8551.000 0.050
8553.000 0.051
8554.000 0.051
8555.000 0.052
8556.000 0.051
8558.000 0.051
8559.000 0.051
8560.000 0.051
8561.000 0.051
8563.000 0.050
8564.000 0.051
8565.000 0.051
8566.000 0.052
8568.000 0.051
8569.000 0.051
8570.000 0.052
8571.000 0.051
8573.000 0.052
8574.000 0.051
8575.000 0.051
8576.000 0.051
8578.000 0.051
8579.000 0.052
8580.000 0.052
8581.000 0.052
8583.000 0.052
8584.000 0.053
8585.000 0.053
8586.000 0.052
8588.000 0.053
8589.000 0.052
8590.000 0.052
8591.000 0.054
8593.000 0.053
8594.000 0.053
8595.000 0.052
8596.000 0.053
8598.000 0.053
8599.000 0.054
8600.000 0.053
8601.000 0.053
8603.000 0.053
8604.000 0.054
8605.000 0.054
8606.000 0.054
8608.000 0.054
8609.000 0.053
8610.000 0.053
8611.000 0.055
8613.000 0.055
8614.000 0.055
8615.000 0.054
8616.000 0.055
8618.000 0.056
8619.000 0.055
8620.000 0.056
8621.000 0.057
8623.000 0.055
8624.000 0.055
8625.000 0.058
8626.000 0.055
8628.000 0.057
8629.000 0.056
8630.000 0.057
8631.000 0.056
8633.000 0.058
8634.000 0.057
8635.000 0.058
8636.000 0.058
8637.000 0.058
8639.000 0.058
8640.000 0.060
8641.000 0.058
8642.000 0.059
8644.000 0.059
8645.000 0.060
8646.000 0.059
8647.000 0.059
8649.000 0.060
8650.000 0.061
8651.000 0.060
8652.000 0.060
8654.000 0.060
8655.000 0.061
8656.000 0.062
8657.000 0.062
8659.000 0.063
8660.000 0.063
8661.000 0.063
8662.000 0.063
8664.000 0.064
8665.000 0.063
8666.000 0.065
8667.000 0.065
8669.000 0.064
8670.000 0.066
8671.000 0.066
8672.000 0.067
8674.000 0.067
8675.000 0.067
8676.000 0.068
8677.000 0.068
8679.000 0.069
8680.000 0.069
8681.000 0.069
8682.000 0.070
8684.000 0.071
8685.000 0.071
8686.000 0.071
8687.000 0.072
8689.000 0.074
8690.000 0.074
8691.000 0.075
8692.000 0.075
8694.000 0.076
8695.000 0.077
8696.000 0.077
8697.000 0.078
8699.000 0.079
8700.000 0.080
8701.000 0.081
8702.000 0.082
8704.000 0.083
8705.000 0.085
8706.000 0.087
8707.000 0.089
8709.000 0.090
8710.000 0.091
8711.000 0.091
8712.000 0.090
8714.000 0.085
8715.000 0.081
8716.000 0.079
8717.000 0.081
8719.000 0.083
8720.000 0.089
8721.000 0.090
8722.000 0.092
8724.000 0.094
8725.000 0.096
8726.000 0.097
8727.000 0.099
8729.000 0.103
8730.000 0.104
8731.000 0.106
8732.000 0.109
8734.000 0.111
8735.000 0.115
8736.000 0.117
8737.000 0.120
8739.000 0.124
8740.000 0.127
8741.000 0.131
8742.000 0.135
8744.000 0.141
8745.000 0.146
8746.000 0.153
8747.000 0.157
8749.000 0.164
8750.000 0.170
8751.000 0.178
8752.000 0.188
8754.000 0.196
8755.000 0.208
8756.000 0.220
8757.000 0.235
8759.000 0.247
8760.000 0.276
8761.000 0.298
8762.000 0.322
8764.000 0.348
8765.000 0.376
8766.000 0.406
8767.000 0.431
8769.000 0.446
8770.000 0.453
8771.000 0.442
8772.000 0.414
8774.000 0.379
8775.000 0.333
8776.000 0.292
8777.000 0.254
8779.000 0.228
8780.000 0.190
8781.000 0.171
8782.000 0.153
8784.000 0.140
8785.000 0.127
8786.000 0.116
8787.000 0.105
8789.000 0.098
8790.000 0.090
8791.000 0.083
8792.000 0.076
8794.000 0.071
8795.000 0.065
8796.000 0.060
8797.000 0.056
8799.000 0.052
8800.000 0.045
8801.000 0.042
8802.000 0.038
8804.000 0.037
8805.000 0.034
8806.000 0.030
8807.000 0.028
8809.000 0.027
8810.000 0.024
8811.000 0.022
8812.000 0.019
8813.000 0.018
8815.000 0.016
8816.000 0.015
8817.000 0.013
8818.000 0.011
8820.000 0.011
8821.000 0.007
8822.000 0.009
8823.000 0.007
8825.000 0.008
8826.000 0.007
8827.000 0.007
8828.000 0.009
8830.000 0.011
8831.000 0.010
8832.000 0.011
8833.000 0.012
8835.000 0.014
8836.000 0.015
8837.000 0.016
8838.000 0.017
8840.000 0.018
8841.000 0.019
8842.000 0.020
8843.000 0.022
8845.000 0.022
8846.000 0.023
8847.000 0.024
8848.000 0.026
8850.000 0.028
8851.000 0.027
8852.000 0.029
8853.000 0.031
8855.000 0.033
8856.000 0.035
8857.000 0.036
8858.000 0.036
8860.000 0.038
8861.000 0.039
8862.000 0.043
8863.000 0.044
8865.000 0.045
8866.000 0.047
8867.000 0.050
8868.000 0.052
8869.000 0.054
8871.000 0.057
8872.000 0.062
8873.000 0.064
8875.000 0.067
8876.000 0.075
8877.000 0.079
8878.000 0.082
8880.000 0.091
8881.000 0.099
8882.000 0.109
8883.000 0.120
8885.000 0.132
8886.000 0.149
8887.000 0.169
8888.000 0.193
8890.000 0.213
8891.000 0.241
8892.000 0.260
8893.000 0.263
8895.000 0.241
8896.000 0.169
8897.000 0.125
8898.000 0.102
8900.000 0.088
8901.000 0.072
8902.000 0.062
8903.000 0.055
8905.000 0.047
8906.000 0.041
8907.000 0.035
8908.000 0.032
8910.000 0.029
8911.000 0.023
8912.000 0.021
8913.000 0.018
8915.000 0.015
8916.000 0.014
8917.000 0.011
8918.000 0.010
8919.000 0.009
8921.000 0.006
8922.000 0.005
8923.000 0.005
8924.000 0.007
8925.000 0.007
8927.000 0.007
8928.000 0.008
8929.000 0.010
8930.000 0.010
8932.000 0.011
8933.000 0.012
8934.000 0.014
8935.000 0.012
8937.000 0.014
8938.000 0.015
8939.000 0.016
8940.000 0.016
8942.000 0.017
8943.000 0.019
8944.000 0.020
8945.000 0.021
8947.000 0.021
8948.000 0.022
8949.000 0.022
8950.000 0.023
8952.000 0.023
8953.000 0.025
8954.000 0.025
8955.000 0.026
8957.000 0.027
8958.000 0.027
8959.000 0.028
8960.000 0.029
8962.000 0.030
8963.000 0.029
8964.000 0.030
8965.000 0.033
8967.000 0.032
8968.000 0.033
8969.000 0.034
8970.000 0.034
8972.000 0.035
8973.000 0.035
8974.000 0.035
8975.000 0.036
8977.000 0.036
8978.000 0.038
8979.000 0.037
8980.000 0.040
8981.000 0.039
8983.000 0.040
8984.000 0.041
8985.000 0.042
8987.000 0.042
8988.000 0.042
8989.000 0.044
8990.000 0.044
8992.000 0.045
8993.000 0.046
8994.000 0.046
8995.000 0.047
8997.000 0.048
8998.000 0.049
8999.000 0.050
9000.000 0.050
9002.000 0.051
9003.000 0.051
9004.000 0.051
9005.000 0.053
9007.000 0.053
9008.000 0.055
9009.000 0.056
9010.000 0.056
9012.000 0.057
9013.000 0.058
9014.000 0.060
9015.000 0.059
9017.000 0.060
9018.000 0.061
9019.000 0.062
9020.000 0.063
9022.000 0.065
9023.000 0.065
9024.000 0.066
9025.000 0.067
9027.000 0.068
9028.000 0.069
9029.000 0.070
9030.000 0.070
9031.000 0.072
9033.000 0.073
9034.000 0.075
9035.000 0.075
9036.000 0.077
9037.000 0.078
9039.000 0.079
9040.000 0.081
9041.000 0.083
9042.000 0.083
9044.000 0.084
9045.000 0.087
9046.000 0.088
9047.000 0.090
9049.000 0.091
9050.000 0.092
9051.000 0.095
9052.000 0.097
9054.000 0.098
9055.000 0.100
9056.000 0.100
9057.000 0.102
9059.000 0.106
9060.000 0.108
9061.000 0.110
9062.000 0.114
9064.000 0.114
9065.000 0.117
9066.000 0.120
9067.000 0.123
9068.000 0.126
9070.000 0.128
9071.000 0.131
9072.000 0.133
9073.000 0.138
9075.000 0.141
9076.000 0.146
9077.000 0.149
9078.000 0.151
9080.000 0.158
9081.000 0.162
9082.000 0.165
9083.000 0.171
9085.000 0.176
9086.000 0.180
9087.000 0.187
9088.000 0.191
9090.000 0.197
9091.000 0.202
9092.000 0.209
9093.000 0.215
9095.000 0.225
9096.000 0.226
9097.000 0.233
9098.000 0.241
9100.000 0.251
9101.000 0.256
9102.000 0.262
9103.000 0.268
9105.000 0.272
9106.000 0.277
9107.000 0.280
9108.000 0.283
9110.000 0.285
9111.000 0.286
9112.000 0.284
9113.000 0.283
9115.000 0.278
9116.000 0.271
9117.000 0.263
9118.000 0.252
9120.000 0.241
9121.000 0.229
9122.000 0.216
9123.000 0.201
9125.000 0.190
9126.000 0.178
9127.000 0.166
9128.000 0.155
9130.000 0.148
9131.000 0.139
9132.000 0.132
9133.000 0.124
9135.000 0.119
9136.000 0.110
9137.000 0.104
9138.000 0.098
9140.000 0.094
9141.000 0.089
9142.000 0.085
9143.000 0.081
9145.000 0.077
9146.000 0.073
9147.000 0.070
9148.000 0.067
9149.000 0.063
9151.000 0.061
9152.000 0.059
9153.000 0.057
9154.000 0.055
9156.000 0.054
9157.000 0.052
9158.000 0.052
9159.000 0.052
9161.000 0.052
9162.000 0.052
9163.000 0.054
9164.000 0.055
9166.000 0.057
9167.000 0.060
9168.000 0.062
9169.000 0.065
9171.000 0.067
9172.000 0.074
9173.000 0.076
9174.000 0.079
9176.000 0.083
9177.000 0.093
9178.000 0.097
9179.000 0.103
9181.000 0.107
9182.000 0.114
9183.000 0.121
9184.000 0.127
9186.000 0.132
9187.000 0.144
9188.000 0.151
9190.000 0.158
9191.000 0.165
9192.000 0.175
9193.000 0.184
9195.000 0.192
9196.000 0.199
9197.000 0.207
9198.000 0.213
9200.000 0.219
9201.000 0.224
9202.000 0.227
9203.000 0.230
9205.000 0.231
9206.000 0.232
9207.000 0.232
9208.000 0.228
9210.000 0.226
9211.000 0.223
9212.000 0.219
9213.000 0.212
9215.000 0.209
9216.000 0.201
9217.000 0.195
9218.000 0.189
9220.000 0.183
9221.000 0.180
9222.000 0.173
9223.000 0.168
9225.000 0.163
9226.000 0.159
9227.000 0.153
9228.000 0.150
9230.000 0.146
9231.000 0.139
9232.000 0.135
9233.000 0.132
9235.000 0.129
9236.000 0.126
9237.000 0.122
9238.000 0.119
9240.000 0.117
9241.000 0.113
9242.000 0.112
9243.000 0.109
9245.000 0.107
9246.000 0.103
9247.000 0.102
9248.000 0.100
9250.000 0.099
9251.000 0.097
9252.000 0.094
9253.000 0.093
9255.000 0.092
9256.000 0.091
9257.000 0.090
9259.000 0.089
9260.000 0.088
9261.000 0.088
9262.000 0.087
9264.000 0.089
9265.000 0.086
9266.000 0.087
9267.000 0.086
9269.000 0.086
9270.000 0.085
9271.000 0.084
9272.000 0.083
9274.000 0.083
9275.000 0.083
9276.000 0.082
9277.000 0.082
9279.000 0.082
9280.000 0.080
9281.000 0.078
9282.000 0.078
9284.000 0.077
9285.000 0.077
9286.000 0.075
9287.000 0.074
9289.000 0.073
9290.000 0.072
9291.000 0.072
9292.000 0.071
9294.000 0.071
9295.000 0.069
9296.000 0.069
9297.000 0.068
9299.000 0.068
9300.000 0.067
9301.000 0.068
9302.000 0.069
9304.000 0.069
9305.000 0.070
9306.000 0.070
9307.000 0.070
9309.000 0.071
9310.000 0.075
9311.000 0.075
9312.000 0.078
9314.000 0.079
9315.000 0.082
9316.000 0.084
9318.000 0.086
9319.000 0.088
9320.000 0.090
9322.000 0.093
9323.000 0.094
9324.000 0.097
9325.000 0.098
9327.000 0.098
9328.000 0.099
9329.000 0.100
9330.000 0.102
9332.000 0.101
9333.000 0.102
9334.000 0.100
9335.000 0.101
9337.000 0.100
9338.000 0.099
9339.000 0.099
9340.000 0.098
9342.000 0.096
9343.000 0.096
9344.000 0.094
9345.000 0.094
9347.000 0.091
9348.000 0.090
9349.000 0.090
9350.000 0.087
9352.000 0.087
9353.000 0.086
9354.000 0.083
9355.000 0.083
9357.000 0.080
9358.000 0.078
9359.000 0.078
9360.000 0.077
9362.000 0.074
9363.000 0.072
9364.000 0.070
9366.000 0.068
9367.000 0.066
9368.000 0.065
9370.000 0.064
9371.000 0.065
9372.000 0.068
9374.000 0.078
9375.000 0.090
9376.000 0.108
9377.000 0.126
9379.000 0.133
9380.000 0.130
9381.000 0.117
9382.000 0.106
9384.000 0.099
9385.000 0.096
9386.000 0.093
9387.000 0.090
9389.000 0.088
9390.000 0.084
9391.000 0.083
9392.000 0.082
9394.000 0.081
9395.000 0.080
9396.000 0.078
9397.000 0.079
9399.000 0.079
9400.000 0.079
9401.000 0.080
9402.000 0.080
9404.000 0.081
9405.000 0.082
9406.000 0.082
9408.000 0.082
9409.000 0.082
9410.000 0.082
9412.000 0.083
9413.000 0.082
9414.000 0.082
9415.000 0.081
9417.000 0.080
9418.000 0.081
9419.000 0.080
9420.000 0.079
9422.000 0.078
9424.000 0.077
9425.000 0.077
9426.000 0.075
9428.000 0.075
9430.000 0.075
9432.000 0.073
9433.000 0.073
9434.000 0.073
9436.000 0.070
9438.000 0.071
9440.000 0.069
9441.000 0.071
9442.000 0.068
9444.000 0.069
9445.000 0.068
9446.000 0.068
9448.000 0.068
9449.000 0.067
9450.000 0.066
9452.000 0.065
9453.000 0.066
9454.000 0.065
9455.000 0.065
9457.000 0.065
9458.000 0.065
9459.000 0.064
9461.000 0.063
9462.000 0.062
9463.000 0.063
9464.000 0.062
9466.000 0.062
9467.000 0.062
9468.000 0.063
9469.000 0.063
9471.000 0.061
9472.000 0.061
9473.000 0.061
9474.000 0.061
9476.000 0.060
9477.000 0.061
9478.000 0.059
9479.000 0.061
9481.000 0.060
9482.000 0.059
9483.000 0.060
9484.000 0.058
9486.000 0.058
9487.000 0.058
9488.000 0.058
9489.000 0.059
9491.000 0.057
9492.000 0.057
9493.000 0.057
9494.000 0.058
9496.000 0.057
9497.000 0.050
9498.000 0.053
9499.000 0.053
9501.000 0.054
9502.000 0.053
9503.000 0.053
9504.000 0.052
9506.000 0.053
9508.000 0.052
9509.000 0.052
9511.000 0.052
9513.000 0.051
9515.000 0.052
9517.000 0.050
9519.000 0.050
9520.000 0.050
9522.000 0.051
9523.000 0.051
9524.000 0.049
9525.000 0.049
9527.000 0.050
9529.000 0.050
9530.000 0.049
9531.000 0.049
9533.000 0.048
9534.000 0.049
9535.000 0.048
9537.000 0.049
9538.000 0.049
9539.000 0.049
9541.000 0.049
9542.000 0.050
9543.000 0.049
9545.000 0.049
9546.000 0.049
9548.000 0.049
9549.000 0.047
9551.000 0.049
9554.000 0.049
9555.000 0.049
9556.000 0.049
9558.000 0.048
9559.000 0.048
9560.000 0.048
9562.000 0.048
9563.000 0.049
9566.000 0.048
9567.000 0.049
9569.000 0.047
9570.000 0.048
9571.000 0.048
9573.000 0.048
9574.000 0.049
9575.000 0.048
9576.000 0.047
9578.000 0.048
9579.000 0.046
9581.000 0.047
9582.000 0.047
9584.000 0.046
9585.000 0.048
9587.000 0.047
9588.000 0.047
9590.000 0.047
9591.000 0.047
9592.000 0.045
9594.000 0.046
9595.000 0.047
9596.000 0.046
9597.000 0.045
9599.000 0.047
9600.000 0.046
9601.000 0.046
9603.000 0.046
9604.000 0.046
9606.000 0.045
9607.000 0.047
9608.000 0.045
9610.000 0.046
9611.000 0.046
9612.000 0.046
9613.000 0.046
9615.000 0.046
9616.000 0.046
9618.000 0.045
9619.000 0.046
9620.000 0.046
9622.000 0.046
9623.000 0.046
9624.000 0.046
9626.000 0.046
9627.000 0.045
9628.000 0.045
9630.000 0.045
9631.000 0.045
9633.000 0.044
9634.000 0.045
9635.000 0.045
9637.000 0.044
9639.000 0.045
9640.000 0.045
9642.000 0.044
9643.000 0.045
9644.000 0.045
9646.000 0.046
9648.000 0.045
9649.000 0.043
9650.000 0.044
9651.000 0.045
9653.000 0.045
9655.000 0.044
9657.000 0.045
9658.000 0.044
9659.000 0.043
9661.000 0.044
9663.000 0.044
9664.000 0.045
9665.000 0.045
9667.000 0.044
9668.000 0.044
9669.000 0.045
9670.000 0.045
9672.000 0.044
9673.000 0.046
9675.000 0.044
9676.000 0.045
9677.000 0.045
9679.000 0.045
9680.000 0.046
9681.000 0.044
9683.000 0.044
9684.000 0.045
9686.000 0.045
9688.000 0.045
9689.000 0.044
9691.000 0.045
9692.000 0.044
9694.000 0.045
9695.000 0.046
9697.000 0.044
9698.000 0.044
9700.000 0.044
9701.000 0.045
9703.000 0.044
9704.000 0.046
9705.000 0.046
9707.000 0.046
9708.000 0.044
9709.000 0.045
9711.000 0.044
9712.000 0.046
9713.000 0.046
9714.000 0.045
9716.000 0.046
9718.000 0.046
9719.000 0.046
9720.000 0.045
9722.000 0.045
9723.000 0.046
9724.000 0.046
9726.000 0.044
9727.000 0.045
9728.000 0.045
9729.000 0.046
9731.000 0.046
9732.000 0.045
9733.000 0.046
9735.000 0.045
9736.000 0.045
9737.000 0.045
9739.000 0.046
9740.000 0.045
9741.000 0.045
9742.000 0.046
9744.000 0.047
9745.000 0.047
9746.000 0.046
9748.000 0.046
9749.000 0.044
9750.000 0.045
9751.000 0.045
9753.000 0.046
9754.000 0.046
9755.000 0.046
9757.000 0.045
9758.000 0.046
9759.000 0.045
9761.000 0.046
9762.000 0.047
9763.000 0.046
9765.000 0.045
9766.000 0.045
9767.000 0.046
9768.000 0.046
9770.000 0.046
9771.000 0.046
9772.000 0.046
9774.000 0.047
9775.000 0.046
9776.000 0.046
9777.000 0.047
9779.000 0.046
9781.000 0.045
9783.000 0.045
9784.000 0.045
9786.000 0.045
9788.000 0.045
9789.000 0.046
9791.000 0.046
9792.000 0.046
9793.000 0.046
9795.000 0.044
9796.000 0.045
9797.000 0.046
9798.000 0.045
9800.000 0.045
9801.000 0.044
9802.000 0.045
9803.000 0.045
9805.000 0.044
9806.000 0.045
9807.000 0.045
9809.000 0.045
9810.000 0.045
9811.000 0.044
9812.000 0.047
9814.000 0.047
9815.000 0.048
9816.000 0.047
9817.000 0.049
9819.000 0.049
9820.000 0.051
9821.000 0.052
9822.000 0.052
9824.000 0.053
9825.000 0.054
9826.000 0.056
9827.000 0.056
9829.000 0.056
9830.000 0.057
9831.000 0.057
9832.000 0.057
9834.000 0.058
9835.000 0.057
9836.000 0.058
9838.000 0.057
9839.000 0.057
9840.000 0.058
9842.000 0.060
9843.000 0.058
9844.000 0.057
9845.000 0.058
9847.000 0.058
9848.000 0.058
9849.000 0.058
9851.000 0.058
9852.000 0.058
9853.000 0.059
9855.000 0.058
9856.000 0.059
9857.000 0.059
9858.000 0.058
9860.000 0.058
9861.000 0.059
9862.000 0.059
9864.000 0.059
9865.000 0.061
9866.000 0.060
9868.000 0.061
9869.000 0.060
9870.000 0.061
9871.000 0.061
9873.000 0.062
9874.000 0.061
9875.000 0.061
9876.000 0.061
9878.000 0.063
9879.000 0.062
9880.000 0.064
9881.000 0.062
9883.000 0.062
9884.000 0.062
9885.000 0.063
9886.000 0.064
9888.000 0.064
9889.000 0.064
9890.000 0.064
9892.000 0.064
9893.000 0.065
9894.000 0.065
9896.000 0.065
9897.000 0.067
9898.000 0.067
9899.000 0.068
9901.000 0.068
9902.000 0.068
9903.000 0.068
9904.000 0.067
9906.000 0.069
9907.000 0.070
9908.000 0.070
9910.000 0.069
9911.000 0.071
9912.000 0.071
9914.000 0.071
9915.000 0.071
9916.000 0.072
9917.000 0.072
9919.000 0.073
9920.000 0.073
9921.000 0.074
9923.000 0.075
9924.000 0.075
9925.000 0.076
9926.000 0.075
9928.000 0.076
9929.000 0.077
9930.000 0.078
9932.000 0.078
9933.000 0.080
9934.000 0.080
9936.000 0.080
9937.000 0.081
9938.000 0.082
9939.000 0.083
9941.000 0.085
9942.000 0.084
9943.000 0.085
9945.000 0.086
9946.000 0.087
9947.000 0.088
9949.000 0.089
9950.000 0.089
9951.000 0.090
9952.000 0.093
9954.000 0.091
9955.000 0.095
9956.000 0.096
9957.000 0.097
9959.000 0.098
9960.000 0.099
9961.000 0.100
9963.000 0.102
9964.000 0.104
9965.000 0.107
9966.000 0.107
9968.000 0.109
9969.000 0.112
9970.000 0.113
9972.000 0.116
9973.000 0.118
9974.000 0.120
9976.000 0.123
9977.000 0.125
9978.000 0.130
9979.000 0.133
9981.000 0.135
9982.000 0.140
9983.000 0.145
9985.000 0.148
9986.000 0.157
9987.000 0.163
9989.000 0.167
9990.000 0.174
9991.000 0.182
9992.000 0.190
9994.000 0.202
9995.000 0.214
9996.000 0.221
9998.000 0.228
9999.000 0.235
