2.000 0.043
4.000 0.043
5.000 0.040
6.000 0.018
7.000 0.039
8.000 0.044
9.000 0.066
10.000 0.047
11.000 0.044
12.000 0.036
13.000 0.054
14.000 0.042
15.000 0.045
16.000 0.038
17.000 0.027
18.000 0.046
19.000 0.035
20.000 0.046
21.000 0.031
22.000 0.079
23.000 0.042
24.000 0.026
25.000 0.064
26.000 0.046
27.000 0.039
28.000 0.038
29.000 0.038
30.000 0.046
31.000 0.054
32.000 0.051
33.000 0.037
34.000 0.032
35.000 0.016
36.000 0.039
37.000 0.047
38.000 0.038
39.000 0.046
40.000 0.054
41.000 0.044
42.000 0.046
43.000 0.025
44.000 0.042
45.000 0.034
46.000 0.033
47.000 0.033
48.000 0.044
49.000 0.036
50.000 0.048
51.000 0.059
52.000 0.059
53.000 0.028
54.000 0.030
55.000 0.032
56.000 0.031
57.000 0.027
58.000 0.040
59.000 0.041
60.000 0.019
61.000 0.042
62.000 0.045
63.000 0.038
64.000 0.067
65.000 0.054
66.000 0.047
67.000 0.042
68.000 0.040
69.000 0.041
70.000 0.028
71.000 0.050
72.000 0.069
73.000 0.048
74.000 0.062
75.000 0.033
76.000 0.046
77.000 0.060
78.000 0.046
79.000 0.045
80.000 0.050
81.000 0.038
82.000 0.038
83.000 0.052
84.000 0.031
85.000 0.050
86.000 0.046
87.000 0.027
88.000 0.048
89.000 0.035
90.000 0.043
91.000 0.053
92.000 0.054
93.000 0.051
94.000 0.044
95.000 0.041
96.000 0.045
97.000 0.031
98.000 0.042
99.000 0.045
100.000 0.068
101.000 0.067
102.000 0.042
103.000 0.056
104.000 0.037
105.000 0.057
106.000 0.050
107.000 0.048
108.000 0.036
109.000 0.033
110.000 0.056
111.000 0.046
112.000 0.045
113.000 0.033
114.000 0.043
115.000 0.053
116.000 0.033
117.000 0.052
118.000 0.050
119.000 0.046
120.000 0.058
121.000 0.061
122.000 0.052
123.000 0.055
124.000 0.040
125.000 0.033
126.000 0.064
127.000 0.035
128.000 0.034
129.000 0.045
130.000 0.045
131.000 0.032
132.000 0.051
133.000 0.030
134.000 0.028
135.000 0.053
136.000 0.038
137.000 0.035
138.000 0.043
139.000 0.037
140.000 0.053
141.000 0.047
142.000 0.031
143.000 0.054
144.000 0.059
145.000 0.042
146.000 0.051
147.000 0.027
148.000 0.053
149.000 0.074
150.000 0.036
151.000 0.045
152.000 0.023
153.000 0.027
154.000 0.055
155.000 0.063
156.000 0.046
157.000 0.043
158.000 0.031
159.000 0.032
160.000 0.031
161.000 0.049
162.000 0.041
163.000 0.058
164.000 0.037
165.000 0.043
166.000 0.042
167.000 0.035
168.000 0.042
169.000 0.045
170.000 0.056
171.000 0.037
172.000 0.062
173.000 0.052
174.000 0.045
175.000 0.040
176.000 0.052
177.000 0.029
178.000 0.040
179.000 0.035
180.000 0.042
181.000 0.051
182.000 0.046
183.000 0.056
184.000 0.051
185.000 0.040
186.000 0.037
187.000 0.034
188.000 0.035
189.000 0.043
190.000 0.039
191.000 0.030
192.000 0.035
193.000 0.038
194.000 0.043
195.000 0.032
196.000 0.035
197.000 0.036
198.000 0.037
199.000 0.031
200.000 0.029
201.000 0.024
202.000 0.024
203.000 0.029
204.000 0.032
205.000 0.031
206.000 0.043
207.000 0.029
208.000 0.040
209.000 0.028
210.000 0.028
211.000 0.031
212.000 0.035
213.000 0.035
214.000 0.037
215.000 0.023
216.000 0.027
217.000 0.027
218.000 0.036
219.000 0.027
220.000 0.030
221.000 0.034
222.000 0.042
223.000 0.039
224.000 0.041
225.000 0.038
226.000 0.044
227.000 0.038
228.000 0.030
229.000 0.039
230.000 0.033
231.000 0.035
232.000 0.038
233.000 0.043
234.000 0.027
235.000 0.033
236.000 0.035
237.000 0.022
238.000 0.033
239.000 0.025
240.000 0.028
241.000 0.029
242.000 0.026
243.000 0.037
244.000 0.033
245.000 0.030
246.000 0.037
247.000 0.034
248.000 0.032
249.000 0.034
250.000 0.033
251.000 0.028
252.000 0.034
253.000 0.027
254.000 0.030
255.000 0.034
256.000 0.032
257.000 0.039
258.000 0.036
259.000 0.030
260.000 0.035
261.000 0.031
262.000 0.032
263.000 0.032
264.000 0.039
265.000 0.038
266.000 0.036
267.000 0.034
268.000 0.036
269.000 0.033
270.000 0.029
271.000 0.038
272.000 0.034
273.000 0.030
274.000 0.028
275.000 0.040
276.000 0.035
277.000 0.038
278.000 0.035
279.000 0.029
280.000 0.037
281.000 0.030
282.000 0.030
283.000 0.031
284.000 0.031
285.000 0.035
286.000 0.035
287.000 0.032
288.000 0.032
289.000 0.034
290.000 0.041
291.000 0.030
292.000 0.034
293.000 0.035
294.000 0.030
295.000 0.045
296.000 0.034
297.000 0.031
298.000 0.033
299.000 0.037
300.000 0.033
301.000 0.034
302.000 0.032
303.000 0.035
304.000 0.033
305.000 0.037
306.000 0.031
307.000 0.038
308.000 0.036
309.000 0.032
310.000 0.037
311.000 0.035
312.000 0.043
313.000 0.037
314.000 0.033
315.000 0.036
316.000 0.035
317.000 0.032
318.000 0.038
319.000 0.037
320.000 0.045
321.000 0.036
322.000 0.038
323.000 0.043
324.000 0.040
325.000 0.037
326.000 0.035
327.000 0.037
328.000 0.039
329.000 0.039
330.000 0.038
331.000 0.040
332.000 0.037
333.000 0.043
334.000 0.043
335.000 0.037
336.000 0.037
337.000 0.037
338.000 0.036
339.000 0.037
340.000 0.039
341.000 0.040
342.000 0.040
343.000 0.038
344.000 0.040
345.000 0.044
346.000 0.047
347.000 0.045
348.000 0.041
349.000 0.046
350.000 0.048
351.000 0.041
352.000 0.043
353.000 0.046
354.000 0.048
355.000 0.044
356.000 0.052
357.000 0.049
358.000 0.044
359.000 0.043
360.000 0.047
361.000 0.058
362.000 0.054
363.000 0.050
364.000 0.045
365.000 0.049
366.000 0.046
367.000 0.052
368.000 0.050
369.000 0.049
370.000 0.052
371.000 0.050
372.000 0.050
373.000 0.055
374.000 0.055
375.000 0.054
376.000 0.057
377.000 0.053
378.000 0.049
379.000 0.054
380.000 0.051
381.000 0.053
382.000 0.052
383.000 0.059
384.000 0.056
385.000 0.055
386.000 0.065
387.000 0.057
388.000 0.057
389.000 0.054
390.000 0.057
391.000 0.062
392.000 0.058
393.000 0.056
394.000 0.061
395.000 0.060
396.000 0.060
397.000 0.060
398.000 0.061
399.000 0.064
400.000 0.068
401.000 0.064
402.000 0.059
403.000 0.062
404.000 0.063
405.000 0.070
406.000 0.059
407.000 0.070
408.000 0.060
409.000 0.068
410.000 0.065
411.000 0.066
412.000 0.065
413.000 0.066
414.000 0.062
415.000 0.063
416.000 0.064
417.000 0.071
418.000 0.066
419.000 0.068
420.000 0.065
421.000 0.064
422.000 0.062
423.000 0.057
424.000 0.063
425.000 0.059
426.000 0.060
427.000 0.058
428.000 0.057
429.000 0.060
430.000 0.060
431.000 0.061
432.000 0.055
433.000 0.064
434.000 0.060
435.000 0.064
436.000 0.059
437.000 0.054
438.000 0.065
439.000 0.057
440.000 0.054
441.000 0.053
442.000 0.052
443.000 0.054
444.000 0.058
445.000 0.047
446.000 0.045
447.000 0.054
448.000 0.056
449.000 0.047
450.000 0.051
451.000 0.047
452.000 0.054
453.000 0.045
454.000 0.048
455.000 0.052
456.000 0.047
457.000 0.042
458.000 0.049
459.000 0.040
460.000 0.047
461.000 0.042
462.000 0.042
463.000 0.041
464.000 0.039
465.000 0.042
466.000 0.040
467.000 0.048
468.000 0.041
469.000 0.037
470.000 0.037
471.000 0.041
472.000 0.039
473.000 0.042
474.000 0.033
475.000 0.036
476.000 0.038
477.000 0.036
478.000 0.037
479.000 0.038
480.000 0.045
481.000 0.036
482.000 0.035
483.000 0.042
484.000 0.035
485.000 0.039
486.000 0.043
487.000 0.040
488.000 0.036
489.000 0.032
490.000 0.035
491.000 0.035
492.000 0.033
493.000 0.031
494.000 0.034
495.000 0.030
496.000 0.036
497.000 0.032
498.000 0.037
499.000 0.032
500.000 0.030
501.000 0.030
502.000 0.031
503.000 0.032
504.000 0.031
505.000 0.032
506.000 0.029
507.000 0.033
508.000 0.033
509.000 0.027
510.000 0.027
511.000 0.030
512.000 0.029
513.000 0.037
514.000 0.030
515.000 0.031
516.000 0.031
517.000 0.028
518.000 0.030
519.000 0.024
520.000 0.030
521.000 0.034
522.000 0.026
523.000 0.025
524.000 0.025
525.000 0.022
526.000 0.028
527.000 0.024
528.000 0.027
529.000 0.026
530.000 0.022
531.000 0.022
532.000 0.027
533.000 0.023
534.000 0.026
535.000 0.019
536.000 0.031
537.000 0.024
538.000 0.029
539.000 0.025
540.000 0.031
541.000 0.024
542.000 0.026
543.000 0.022
544.000 0.022
545.000 0.022
546.000 0.027
547.000 0.021
548.000 0.026
549.000 0.023
550.000 0.022
551.000 0.027
552.000 0.023
553.000 0.024
554.000 0.021
555.000 0.020
556.000 0.019
557.000 0.026
558.000 0.027
559.000 0.022
560.000 0.022
561.000 0.025
562.000 0.023
563.000 0.024
564.000 0.021
565.000 0.021
566.000 0.018
567.000 0.019
568.000 0.020
569.000 0.023
570.000 0.022
571.000 0.019
572.000 0.020
573.000 0.023
574.000 0.019
575.000 0.023
576.000 0.019
577.000 0.020
578.000 0.023
579.000 0.021
580.000 0.017
581.000 0.020
582.000 0.020
583.000 0.020
584.000 0.018
585.000 0.017
586.000 0.020
587.000 0.017
588.000 0.020
589.000 0.019
590.000 0.023
591.000 0.020
592.000 0.022
593.000 0.020
594.000 0.021
595.000 0.020
596.000 0.021
597.000 0.019
598.000 0.017
599.000 0.021
600.000 0.021
601.000 0.021
602.000 0.015
603.000 0.020
604.000 0.019
605.000 0.017
606.000 0.014
607.000 0.024
608.000 0.019
609.000 0.015
610.000 0.015
611.000 0.016
612.000 0.017
613.000 0.019
614.000 0.019
615.000 0.014
616.000 0.017
617.000 0.020
618.000 0.013
619.000 0.017
620.000 0.017
621.000 0.022
622.000 0.017
623.000 0.019
624.000 0.015
625.000 0.019
626.000 0.015
627.000 0.017
628.000 0.020
629.000 0.018
630.000 0.014
631.000 0.014
632.000 0.017
633.000 0.020
634.000 0.013
635.000 0.020
636.000 0.015
637.000 0.014
638.000 0.010
639.000 0.021
640.000 0.016
641.000 0.015
642.000 0.019
643.000 0.019
644.000 0.016
645.000 0.016
646.000 0.018
647.000 0.011
648.000 0.017
649.000 0.014
650.000 0.011
651.000 0.019
652.000 0.021
653.000 0.011
654.000 0.019
655.000 0.018
656.000 0.013
657.000 0.015
658.000 0.017
659.000 0.016
660.000 0.013
661.000 0.016
662.000 0.016
663.000 0.015
664.000 0.019
665.000 0.016
666.000 0.013
667.000 0.014
668.000 0.015
669.000 0.019
670.000 0.015
671.000 0.015
672.000 0.016
673.000 0.013
674.000 0.015
675.000 0.016
676.000 0.017
677.000 0.011
678.000 0.016
679.000 0.013
680.000 0.015
681.000 0.017
682.000 0.013
683.000 0.018
684.000 0.017
685.000 0.018
686.000 0.015
687.000 0.014
688.000 0.013
689.000 0.012
690.000 0.015
691.000 0.013
692.000 0.014
693.000 0.017
694.000 0.014
695.000 0.013
696.000 0.016
697.000 0.017
698.000 0.012
699.000 0.017
700.000 0.014
701.000 0.015
702.000 0.015
703.000 0.015
704.000 0.014
705.000 0.013
706.000 0.016
707.000 0.010
708.000 0.012
709.000 0.016
710.000 0.012
711.000 0.010
712.000 0.011
713.000 0.015
714.000 0.012
715.000 0.017
716.000 0.015
717.000 0.014
718.000 0.013
719.000 0.012
720.000 0.011
721.000 0.014
722.000 0.012
723.000 0.016
724.000 0.014
725.000 0.012
726.000 0.014
727.000 0.016
728.000 0.010
729.000 0.013
730.000 0.013
731.000 0.011
732.000 0.015
733.000 0.010
734.000 0.014
735.000 0.010
736.000 0.010
737.000 0.015
738.000 0.015
739.000 0.012
740.000 0.013
741.000 0.013
742.000 0.018
743.000 0.011
744.000 0.012
745.000 0.008
746.000 0.013
747.000 0.013
748.000 0.014
749.000 0.010
750.000 0.015
751.000 0.011
752.000 0.017
753.000 0.014
754.000 0.007
755.000 0.013
756.000 0.019
757.000 0.010
758.000 0.018
759.000 0.012
760.000 0.013
761.000 0.014
762.000 0.015
763.000 0.012
764.000 0.014
765.000 0.012
766.000 0.014
767.000 0.015
768.000 0.017
769.000 0.011
770.000 0.014
771.000 0.013
772.000 0.012
773.000 0.018
774.000 0.016
775.000 0.012
776.000 0.016
777.000 0.014
778.000 0.012
779.000 0.010
780.000 0.012
781.000 0.013
782.000 0.013
783.000 0.011
784.000 0.010
785.000 0.015
786.000 0.015
787.000 0.014
788.000 0.015
789.000 0.013
790.000 0.016
791.000 0.013
792.000 0.016
793.000 0.010
794.000 0.015
795.000 0.016
796.000 0.010
797.000 0.011
798.000 0.011
799.000 0.010
800.000 0.013
801.000 0.009
802.000 0.017
803.000 0.013
804.000 0.009
805.000 0.011
806.000 0.011
807.000 0.012
808.000 0.016
809.000 0.010
810.000 0.010
811.000 0.014
812.000 0.015
813.000 0.014
814.000 0.012
815.000 0.010
816.000 0.010
817.000 0.011
818.000 0.015
819.000 0.011
820.000 0.011
821.000 0.011
822.000 0.009
823.000 0.013
824.000 0.011
825.000 0.011
826.000 0.014
827.000 0.010
828.000 0.011
829.000 0.011
830.000 0.012
831.000 0.009
832.000 0.013
833.000 0.010
834.000 0.013
835.000 0.013
836.000 0.009
837.000 0.012
838.000 0.012
839.000 0.012
840.000 0.010
841.000 0.008
842.000 0.014
843.000 0.015
844.000 0.007
845.000 0.011
846.000 0.009
847.000 0.014
848.000 0.010
849.000 0.010
850.000 0.013
851.000 0.012
852.000 0.014
853.000 0.015
854.000 0.012
855.000 0.010
856.000 0.012
857.000 0.012
858.000 0.012
859.000 0.017
860.000 0.011
861.000 0.010
862.000 0.013
863.000 0.009
864.000 0.013
865.000 0.011
866.000 0.009
867.000 0.010
868.000 0.009
869.000 0.013
870.000 0.014
871.000 0.012
872.000 0.012
873.000 0.009
874.000 0.011
875.000 0.010
876.000 0.011
877.000 0.011
878.000 0.010
879.000 0.011
880.000 0.012
881.000 0.012
882.000 0.010
883.000 0.011
884.000 0.007
885.000 0.014
886.000 0.012
887.000 0.011
888.000 0.014
889.000 0.011
890.000 0.014
891.000 0.012
892.000 0.010
893.000 0.013
894.000 0.012
895.000 0.011
896.000 0.012
897.000 0.008
898.000 0.010
899.000 0.012
900.000 0.009
901.000 0.010
902.000 0.011
903.000 0.009
904.000 0.011
905.000 0.013
906.000 0.012
907.000 0.013
908.000 0.012
909.000 0.012
910.000 0.011
911.000 0.011
912.000 0.010
913.000 0.012
914.000 0.013
915.000 0.013
916.000 0.015
917.000 0.012
918.000 0.010
919.000 0.010
920.000 0.008
921.000 0.011
922.000 0.009
923.000 0.009
924.000 0.012
925.000 0.011
926.000 0.011
927.000 0.010
928.000 0.014
929.000 0.011
930.000 0.012
931.000 0.008
932.000 0.013
933.000 0.012
934.000 0.013
935.000 0.011
936.000 0.009
937.000 0.010
938.000 0.011
939.000 0.011
940.000 0.009
941.000 0.006
942.000 0.010
943.000 0.013
944.000 0.011
945.000 0.012
946.000 0.010
947.000 0.009
948.000 0.010
949.000 0.010
950.000 0.011
951.000 0.010
952.000 0.008
953.000 0.007
954.000 0.010
955.000 0.012
956.000 0.012
957.000 0.010
958.000 0.013
959.000 0.011
960.000 0.012
961.000 0.012
962.000 0.013
963.000 0.010
964.000 0.009
965.000 0.009
966.000 0.009
967.000 0.011
968.000 0.008
969.000 0.006
970.000 0.009
971.000 0.009
972.000 0.009
973.000 0.011
974.000 0.007
975.000 0.011
976.000 0.011
977.000 0.009
978.000 0.008
979.000 0.012
980.000 0.012
981.000 0.008
982.000 0.010
983.000 0.007
984.000 0.008
985.000 0.015
986.000 0.013
987.000 0.007
988.000 0.012
989.000 0.011
990.000 0.009
991.000 0.009
992.000 0.006
993.000 0.010
994.000 0.012
995.000 0.009
996.000 0.009
997.000 0.011
998.000 0.007
999.000 0.013
1000.000 0.010
1001.000 0.011
1002.000 0.011
1003.000 0.009
1004.000 0.012
1005.000 0.007
1006.000 0.008
1007.000 0.009
1008.000 0.008
1009.000 0.009
1010.000 0.010
1011.000 0.011
1012.000 0.014
1013.000 0.009
1014.000 0.008
1015.000 0.006
1016.000 0.008
1017.000 0.013
1018.000 0.008
1019.000 0.013
1020.000 0.012
1021.000 0.006
1022.000 0.010
1023.000 0.009
1024.000 0.008
1025.000 0.008
1026.000 0.011
1027.000 0.008
1028.000 0.009
1029.000 0.009
1030.000 0.008
1031.000 0.008
1032.000 0.008
1033.000 0.010
1034.000 0.007
1035.000 0.012
1036.000 0.011
1037.000 0.009
1038.000 0.010
1039.000 0.011
1040.000 0.008
1041.000 0.009
1042.000 0.007
1043.000 0.011
1044.000 0.008
1045.000 0.007
1046.000 0.006
1047.000 0.009
1048.000 0.005
1049.000 0.010
1050.000 0.007
1051.000 0.011
1052.000 0.011
1053.000 0.006
1054.000 0.011
1055.000 0.008
1056.000 0.009
1057.000 0.010
1058.000 0.011
1059.000 0.010
1060.000 0.009
1061.000 0.011
1062.000 0.010
1063.000 0.008
1064.000 0.011
1065.000 0.007
1066.000 0.008
1067.000 0.009
1068.000 0.007
1069.000 0.010
1070.000 0.008
1071.000 0.007
1072.000 0.010
1073.000 0.007
1074.000 0.007
1075.000 0.009
1076.000 0.010
1077.000 0.008
1078.000 0.010
1079.000 0.008
1080.000 0.008
1081.000 0.007
1082.000 0.009
1083.000 0.008
1084.000 0.007
1085.000 0.007
1086.000 0.009
1087.000 0.009
1088.000 0.008
1089.000 0.008
1090.000 0.009
1091.000 0.007
1092.000 0.010
1093.000 0.010
1094.000 0.008
1095.000 0.010
1096.000 0.010
1097.000 0.012
1098.000 0.010
1099.000 0.008
1100.000 0.007
1101.000 0.008
1102.000 0.011
1103.000 0.010
1104.000 0.008
1105.000 0.012
1106.000 0.005
1107.000 0.005
1108.000 0.007
1109.000 0.006
1110.000 0.009
1111.000 0.013
1112.000 0.009
1113.000 0.011
1114.000 0.006
1115.000 0.009
1116.000 0.007
1117.000 0.012
1118.000 0.012
1119.000 0.006
1120.000 0.009
1121.000 0.009
1122.000 0.009
1123.000 0.008
1124.000 0.008
1125.000 0.009
1126.000 0.009
1127.000 0.007
1128.000 0.010
1129.000 0.007
1130.000 0.008
1131.000 0.009
1132.000 0.010
1133.000 0.009
1134.000 0.008
1135.000 0.009
1136.000 0.006
1137.000 0.008
1138.000 0.008
1139.000 0.009
1140.000 0.009
1141.000 0.006
1142.000 0.007
1143.000 0.008
1144.000 0.011
1145.000 0.006
1146.000 0.010
1147.000 0.008
1148.000 0.008
1149.000 0.006
1150.000 0.006
1151.000 0.009
1152.000 0.010
1153.000 0.009
1154.000 0.009
1155.000 0.009
1156.000 0.008
1157.000 0.006
1158.000 0.007
1159.000 0.008
1160.000 0.009
1161.000 0.009
1162.000 0.007
1163.000 0.008
1164.000 0.009
1165.000 0.009
1166.000 0.011
1167.000 0.008
1168.000 0.010
1169.000 0.009
1170.000 0.007
1171.000 0.010
1172.000 0.007
1173.000 0.009
1174.000 0.009
1175.000 0.008
1176.000 0.009
1177.000 0.010
1178.000 0.005
1179.000 0.007
1180.000 0.006
1181.000 0.009
1182.000 0.007
1183.000 0.008
1184.000 0.011
1185.000 0.005
1186.000 0.007
1187.000 0.009
1188.000 0.008
1189.000 0.006
1190.000 0.011
1191.000 0.007
1192.000 0.009
1193.000 0.009
1194.000 0.007
1195.000 0.009
1196.000 0.006
1197.000 0.006
1198.000 0.010
1199.000 0.007
1200.000 0.009
1201.000 0.008
1202.000 0.007
1203.000 0.007
1204.000 0.007
1205.000 0.006
1206.000 0.011
1207.000 0.007
1208.000 0.010
1209.000 0.007
1210.000 0.011
1211.000 0.006
1212.000 0.008
1213.000 0.010
1214.000 0.012
1215.000 0.007
1216.000 0.005
1217.000 0.008
1218.000 0.009
1219.000 0.007
1220.000 0.005
1221.000 0.007
1222.000 0.008
1223.000 0.009
1224.000 0.010
1225.000 0.011
1226.000 0.010
1227.000 0.008
1228.000 0.010
1229.000 0.006
1230.000 0.010
1231.000 0.008
1232.000 0.008
1233.000 0.006
1234.000 0.009
1235.000 0.010
1236.000 0.009
1237.000 0.009
1238.000 0.009
1239.000 0.009
1240.000 0.007
1241.000 0.006
1242.000 0.006
1243.000 0.008
1244.000 0.006
1245.000 0.009
1246.000 0.011
1247.000 0.007
1248.000 0.008
1249.000 0.006
1250.000 0.006
1251.000 0.008
1252.000 0.009
1253.000 0.009
1254.000 0.008
1255.000 0.008
1256.000 0.008
1257.000 0.006
1258.000 0.009
1259.000 0.011
1260.000 0.010
1261.000 0.005
1262.000 0.008
1263.000 0.009
1264.000 0.009
1265.000 0.009
1266.000 0.008
1267.000 0.009
1268.000 0.010
1269.000 0.008
1270.000 0.008
1271.000 0.007
1272.000 0.007
1273.000 0.005
1274.000 0.009
1275.000 0.007
1276.000 0.007
1277.000 0.007
1278.000 0.007
1279.000 0.006
1280.000 0.005
1281.000 0.007
1282.000 0.007
1283.000 0.007
1284.000 0.010
1285.000 0.011
1286.000 0.010
1287.000 0.010
1288.000 0.007
1289.000 0.008
1290.000 0.008
1291.000 0.007
1292.000 0.011
1293.000 0.006
1294.000 0.008
1295.000 0.009
1296.000 0.006
1297.000 0.008
1298.000 0.005
1299.000 0.008
1300.000 0.007
1301.000 0.009
1302.000 0.008
1303.000 0.009
1304.000 0.008
1305.000 0.012
1306.000 0.009
1307.000 0.006
1308.000 0.009
1309.000 0.009
1310.000 0.009
1311.000 0.008
1312.000 0.008
1313.000 0.009
1314.000 0.008
1315.000 0.010
1316.000 0.010
1317.000 0.007
1318.000 0.009
1319.000 0.009
1320.000 0.007
1321.000 0.006
1322.000 0.009
1323.000 0.009
1324.000 0.008
1325.000 0.007
1326.000 0.009
1327.000 0.005
1328.000 0.008
1329.000 0.008
1330.000 0.009
1331.000 0.007
1332.000 0.006
1333.000 0.005
1334.000 0.005
1335.000 0.009
1336.000 0.006
1337.000 0.006
1338.000 0.007
1339.000 0.008
1340.000 0.008
1341.000 0.007
1342.000 0.008
1343.000 0.007
1344.000 0.006
1345.000 0.007
1346.000 0.006
1347.000 0.006
1348.000 0.007
1349.000 0.008
1350.000 0.009
1351.000 0.008
1352.000 0.010
1353.000 0.007
1354.000 0.009
1355.000 0.010
1356.000 0.008
1357.000 0.007
1358.000 0.009
1359.000 0.008
1360.000 0.007
1361.000 0.008
1362.000 0.008
1363.000 0.006
1364.000 0.010
1365.000 0.009
1366.000 0.010
1367.000 0.011
1368.000 0.008
1369.000 0.008
1370.000 0.007
1371.000 0.006
1372.000 0.008
1373.000 0.009
1374.000 0.008
1375.000 0.009
1376.000 0.006
1377.000 0.007
1378.000 0.007
1379.000 0.009
1380.000 0.008
1381.000 0.010
1382.000 0.009
1383.000 0.006
1384.000 0.010
1385.000 0.011
1386.000 0.010
1387.000 0.008
1388.000 0.008
1389.000 0.010
1390.000 0.007
1391.000 0.008
1392.000 0.009
1393.000 0.008
1394.000 0.009
1395.000 0.008
1396.000 0.009
1397.000 0.007
1398.000 0.009
1399.000 0.010
1400.000 0.008
1401.000 0.009
1402.000 0.006
1403.000 0.009
1404.000 0.009
1405.000 0.006
1406.000 0.010
1407.000 0.008
1408.000 0.008
1409.000 0.007
1410.000 0.007
1411.000 0.008
1412.000 0.008
1413.000 0.009
1414.000 0.009
1415.000 0.007
1416.000 0.009
1417.000 0.010
1418.000 0.007
1419.000 0.009
1420.000 0.010
1421.000 0.009
1422.000 0.012
1423.000 0.011
1424.000 0.013
1425.000 0.009
1426.000 0.008
1427.000 0.007
1428.000 0.009
1429.000 0.009
1430.000 0.008
1431.000 0.008
1432.000 0.009
1433.000 0.008
1434.000 0.008
1435.000 0.008
1436.000 0.007
1437.000 0.010
1438.000 0.008
1439.000 0.008
1440.000 0.011
1441.000 0.010
1442.000 0.008
1443.000 0.008
1444.000 0.009
1445.000 0.010
1446.000 0.009
1447.000 0.011
1448.000 0.012
1449.000 0.011
1450.000 0.009
1451.000 0.009
1452.000 0.009
1453.000 0.011
1454.000 0.010
1455.000 0.009
1456.000 0.009
1457.000 0.009
1458.000 0.009
1459.000 0.014
1460.000 0.009
1461.000 0.009
1462.000 0.010
1463.000 0.008
1464.000 0.011
1465.000 0.011
1466.000 0.011
1467.000 0.007
1468.000 0.008
1469.000 0.011
1470.000 0.011
1471.000 0.009
1472.000 0.010
1473.000 0.008
1474.000 0.012
1475.000 0.009
1476.000 0.010
1477.000 0.014
1478.000 0.012
1479.000 0.008
1480.000 0.012
1481.000 0.012
1482.000 0.011
1483.000 0.011
1484.000 0.010
1485.000 0.009
1486.000 0.007
1487.000 0.009
1488.000 0.010
1489.000 0.009
1490.000 0.009
1491.000 0.010
1492.000 0.011
1493.000 0.008
1494.000 0.010
1495.000 0.010
1496.000 0.010
1497.000 0.012
1498.000 0.010
1499.000 0.012
1500.000 0.012
1501.000 0.010
1502.000 0.009
1503.000 0.012
1504.000 0.010
1505.000 0.011
1506.000 0.013
1507.000 0.011
1508.000 0.010
1509.000 0.008
1510.000 0.011
1511.000 0.011
1512.000 0.013
1513.000 0.009
1514.000 0.010
1515.000 0.013
1516.000 0.010
1517.000 0.012
1518.000 0.010
1519.000 0.011
1520.000 0.011
1521.000 0.008
1522.000 0.011
1523.000 0.011
1524.000 0.010
1525.000 0.011
1526.000 0.013
1527.000 0.010
1528.000 0.012
1529.000 0.014
1530.000 0.011
1531.000 0.013
1532.000 0.010
1533.000 0.012
1534.000 0.014
1535.000 0.012
1536.000 0.010
1537.000 0.012
1538.000 0.014
1539.000 0.013
1540.000 0.012
1541.000 0.014
1542.000 0.014
1543.000 0.012
1544.000 0.013
1545.000 0.012
1546.000 0.012
1547.000 0.013
1548.000 0.014
1549.000 0.011
1550.000 0.011
1551.000 0.013
1552.000 0.014
1553.000 0.013
1554.000 0.014
1555.000 0.014
1556.000 0.016
1557.000 0.013
1558.000 0.014
1559.000 0.012
1560.000 0.012
1561.000 0.012
1562.000 0.014
1563.000 0.013
1564.000 0.012
1565.000 0.012
1566.000 0.013
1567.000 0.015
1568.000 0.013
1569.000 0.011
1570.000 0.014
1571.000 0.011
1572.000 0.012
1573.000 0.015
1574.000 0.015
1575.000 0.012
1576.000 0.013
1577.000 0.012
1578.000 0.013
1579.000 0.015
1580.000 0.015
1581.000 0.015
1582.000 0.013
1583.000 0.012
1584.000 0.015
1585.000 0.015
1586.000 0.011
1587.000 0.015
1588.000 0.012
1589.000 0.014
1590.000 0.016
1591.000 0.013
1592.000 0.017
1593.000 0.014
1594.000 0.014
1595.000 0.014
1596.000 0.014
1597.000 0.016
1598.000 0.014
1599.000 0.014
1600.000 0.014
1601.000 0.015
1602.000 0.015
1603.000 0.016
1604.000 0.017
1605.000 0.015
1606.000 0.017
1607.000 0.017
1608.000 0.014
1609.000 0.016
1610.000 0.017
1611.000 0.019
1612.000 0.015
1613.000 0.016
1614.000 0.018
1615.000 0.016
1616.000 0.017
1617.000 0.017
1618.000 0.017
1619.000 0.016
1620.000 0.016
1621.000 0.016
1622.000 0.017
1623.000 0.017
1624.000 0.018
1625.000 0.018
1626.000 0.017
1627.000 0.018
1628.000 0.018
1629.000 0.018
1630.000 0.017
1631.000 0.016
1632.000 0.019
1633.000 0.016
1634.000 0.018
1635.000 0.017
1636.000 0.018
1637.000 0.016
1638.000 0.021
1639.000 0.017
1640.000 0.016
1641.000 0.018
1642.000 0.018
1643.000 0.017
1644.000 0.019
1645.000 0.018
1646.000 0.018
1647.000 0.023
1648.000 0.016
1649.000 0.019
1650.000 0.020
1651.000 0.019
1652.000 0.020
1653.000 0.019
1654.000 0.020
1655.000 0.021
1656.000 0.020
1657.000 0.019
1658.000 0.020
1659.000 0.021
1660.000 0.021
1661.000 0.020
1662.000 0.021
1663.000 0.019
1664.000 0.021
1665.000 0.019
1666.000 0.020
1667.000 0.020
1668.000 0.020
1669.000 0.021
1670.000 0.019
1671.000 0.020
1672.000 0.021
1673.000 0.022
1674.000 0.021
1675.000 0.022
1676.000 0.022
1677.000 0.020
1678.000 0.021
1679.000 0.021
1680.000 0.022
1681.000 0.021
1682.000 0.022
1683.000 0.023
1684.000 0.024
1685.000 0.023
1686.000 0.025
1687.000 0.022
1688.000 0.022
1689.000 0.024
1690.000 0.025
1691.000 0.023
1692.000 0.025
1693.000 0.023
1694.000 0.023
1695.000 0.022
1696.000 0.023
1697.000 0.024
1698.000 0.024
1699.000 0.024
1700.000 0.026
1701.000 0.024
1702.000 0.024
1703.000 0.025
1704.000 0.024
1705.000 0.026
1706.000 0.026
1707.000 0.028
1708.000 0.027
1709.000 0.026
1710.000 0.026
1711.000 0.027
1712.000 0.025
1713.000 0.025
1714.000 0.026
1715.000 0.026
1716.000 0.026
1717.000 0.028
1718.000 0.025
1719.000 0.026
1720.000 0.027
1721.000 0.027
1722.000 0.029
1723.000 0.026
1724.000 0.030
1725.000 0.028
1726.000 0.026
1727.000 0.028
1728.000 0.029
1729.000 0.027
1730.000 0.027
1731.000 0.029
1732.000 0.029
1733.000 0.028
1734.000 0.027
1735.000 0.032
1736.000 0.031
1737.000 0.032
1738.000 0.028
1739.000 0.031
1740.000 0.031
1741.000 0.031
1742.000 0.032
1743.000 0.033
1744.000 0.029
1745.000 0.030
1746.000 0.032
1747.000 0.031
1748.000 0.029
1749.000 0.032
1750.000 0.032
1751.000 0.034
1752.000 0.031
1753.000 0.031
1754.000 0.032
1755.000 0.031
1756.000 0.031
1757.000 0.032
1758.000 0.036
1759.000 0.033
1760.000 0.033
1761.000 0.034
1762.000 0.032
1763.000 0.034
1764.000 0.035
1765.000 0.033
1766.000 0.036
1767.000 0.037
1768.000 0.035
1769.000 0.036
1770.000 0.035
1771.000 0.034
1772.000 0.034
1773.000 0.037
1774.000 0.035
1775.000 0.033
1776.000 0.034
1777.000 0.039
1778.000 0.037
1779.000 0.041
1780.000 0.039
1781.000 0.037
1782.000 0.035
1783.000 0.037
1784.000 0.040
1785.000 0.039
1786.000 0.038
1787.000 0.035
1788.000 0.038
1789.000 0.039
1790.000 0.038
1791.000 0.038
1792.000 0.038
1793.000 0.038
1794.000 0.039
1795.000 0.039
1796.000 0.038
1797.000 0.039
1798.000 0.040
1799.000 0.040
1800.000 0.040
1801.000 0.041
1802.000 0.041
1803.000 0.041
1804.000 0.043
1805.000 0.039
1806.000 0.042
1807.000 0.044
1808.000 0.042
1809.000 0.041
1810.000 0.042
1811.000 0.042
1812.000 0.046
1813.000 0.042
1814.000 0.043
1815.000 0.042
1816.000 0.045
1817.000 0.044
1818.000 0.043
1819.000 0.044
1820.000 0.043
1821.000 0.045
1822.000 0.045
1823.000 0.044
1824.000 0.045
1825.000 0.045
1826.000 0.047
1827.000 0.046
1828.000 0.046
1829.000 0.045
1830.000 0.047
1831.000 0.048
1832.000 0.048
1833.000 0.045
1834.000 0.047
1835.000 0.046
1836.000 0.049
1837.000 0.048
1838.000 0.045
1839.000 0.048
1840.000 0.048
1841.000 0.049
1842.000 0.046
1843.000 0.049
1844.000 0.049
1845.000 0.049
1846.000 0.048
1847.000 0.048
1848.000 0.048
1849.000 0.048
1850.000 0.048
1851.000 0.051
1852.000 0.051
1853.000 0.052
1854.000 0.050
1855.000 0.049
1856.000 0.050
1857.000 0.051
1858.000 0.051
1859.000 0.052
1860.000 0.052
1861.000 0.053
1862.000 0.049
1863.000 0.052
1864.000 0.049
1865.000 0.051
1866.000 0.051
1867.000 0.053
1868.000 0.054
1869.000 0.055
1870.000 0.054
1871.000 0.052
1872.000 0.054
1873.000 0.052
1874.000 0.054
1875.000 0.054
1876.000 0.053
1877.000 0.053
1878.000 0.050
1879.000 0.054
1880.000 0.052
1881.000 0.053
1882.000 0.055
1883.000 0.052
1884.000 0.054
1885.000 0.054
1886.000 0.055
1887.000 0.055
1888.000 0.054
1889.000 0.055
1890.000 0.055
1891.000 0.054
1892.000 0.056
1893.000 0.057
1894.000 0.056
1895.000 0.055
1896.000 0.054
1897.000 0.054
1898.000 0.055
1899.000 0.057
1900.000 0.053
1901.000 0.056
1902.000 0.054
1903.000 0.055
1904.000 0.056
1905.000 0.057
1906.000 0.056
1907.000 0.058
1908.000 0.054
1909.000 0.057
1910.000 0.056
1911.000 0.057
1912.000 0.058
1913.000 0.058
1914.000 0.056
1915.000 0.056
1916.000 0.059
1917.000 0.057
1918.000 0.059
1919.000 0.050
1920.000 0.059
1921.000 0.059
1922.000 0.057
1923.000 0.058
1924.000 0.058
1925.000 0.064
1926.000 0.058
1927.000 0.060
1928.000 0.060
1929.000 0.059
1930.000 0.057
1931.000 0.058
1932.000 0.057
1933.000 0.061
1934.000 0.060
1935.000 0.059
1936.000 0.060
1937.000 0.058
1938.000 0.062
1939.000 0.058
1940.000 0.060
1941.000 0.059
1942.000 0.059
1943.000 0.059
1944.000 0.058
1945.000 0.060
1946.000 0.059
1947.000 0.060
1948.000 0.059
1949.000 0.060
1950.000 0.060
1951.000 0.060
1952.000 0.061
1953.000 0.060
1954.000 0.061
1955.000 0.062
1956.000 0.061
1957.000 0.061
1958.000 0.062
1959.000 0.061
1960.000 0.062
1961.000 0.061
1962.000 0.060
1963.000 0.062
1964.000 0.063
1965.000 0.062
1966.000 0.062
1967.000 0.064
1968.000 0.062
1969.000 0.065
1970.000 0.062
1971.000 0.063
1972.000 0.065
1973.000 0.063
1974.000 0.062
1975.000 0.061
1976.000 0.065
1977.000 0.063
1978.000 0.064
1979.000 0.062
1980.000 0.060
1981.000 0.062
1982.000 0.063
1983.000 0.060
1984.000 0.064
1985.000 0.065
1986.000 0.063
1987.000 0.065
1988.000 0.063
1989.000 0.066
1990.000 0.066
1991.000 0.064
1992.000 0.065
1993.000 0.066
1994.000 0.065
1995.000 0.066
1996.000 0.065
1997.000 0.066
1998.000 0.064
1999.000 0.065
2000.000 0.064
2001.000 0.065
2002.000 0.064
2003.000 0.066
2004.000 0.067
2005.000 0.067
2006.000 0.065
2007.000 0.067
2008.000 0.066
2009.000 0.068
2010.000 0.066
2011.000 0.068
2012.000 0.068
2013.000 0.067
2014.000 0.069
2015.000 0.069
2016.000 0.069
2017.000 0.070
2018.000 0.069
2019.000 0.067
2020.000 0.070
2021.000 0.071
2022.000 0.069
2023.000 0.070
2024.000 0.073
2025.000 0.071
2026.000 0.072
2027.000 0.071
2028.000 0.069
2029.000 0.072
2030.000 0.074
2031.000 0.075
2032.000 0.072
2033.000 0.073
2034.000 0.072
2035.000 0.074
2036.000 0.075
2037.000 0.075
2038.000 0.074
2039.000 0.076
2040.000 0.077
2041.000 0.077
2042.000 0.077
2043.000 0.076
2044.000 0.076
2045.000 0.077
2046.000 0.077
2047.000 0.077
2048.000 0.078
2049.000 0.078
2050.000 0.078
2051.000 0.078
2052.000 0.078
2053.000 0.080
2054.000 0.080
2055.000 0.082
2056.000 0.082
2057.000 0.081
2058.000 0.082
2059.000 0.082
2060.000 0.084
2061.000 0.083
2062.000 0.084
2063.000 0.085
2064.000 0.089
2065.000 0.086
2066.000 0.086
2067.000 0.087
2068.000 0.087
2069.000 0.088
2070.000 0.089
2071.000 0.090
2072.000 0.092
2073.000 0.087
2074.000 0.091
2075.000 0.092
2076.000 0.093
2077.000 0.096
2078.000 0.094
2079.000 0.096
2080.000 0.094
2081.000 0.097
2082.000 0.097
2083.000 0.098
2084.000 0.098
2085.000 0.099
2086.000 0.101
2087.000 0.102
2088.000 0.103
2089.000 0.105
2090.000 0.106
2091.000 0.108
2092.000 0.108
2093.000 0.110
2094.000 0.110
2095.000 0.111
2096.000 0.113
2097.000 0.112
2098.000 0.116
2099.000 0.118
2100.000 0.117
2101.000 0.120
2102.000 0.122
2103.000 0.124
2104.000 0.124
2105.000 0.128
2106.000 0.129
2107.000 0.129
2108.000 0.133
2109.000 0.134
2110.000 0.138
2111.000 0.140
2112.000 0.142
2113.000 0.146
2114.000 0.147
2115.000 0.150
2116.000 0.155
2117.000 0.157
2118.000 0.161
2119.000 0.165
2120.000 0.172
2121.000 0.173
2122.000 0.179
2123.000 0.183
2124.000 0.190
2125.000 0.194
2126.000 0.203
2127.000 0.206
2128.000 0.215
2129.000 0.220
2130.000 0.230
2131.000 0.239
2132.000 0.248
2133.000 0.261
2134.000 0.276
2135.000 0.286
2136.000 0.305
2137.000 0.317
2138.000 0.340
2139.000 0.352
2140.000 0.383
2141.000 0.415
2142.000 0.435
2143.000 0.475
2144.000 0.495
2145.000 0.543
2146.000 0.594
2147.000 0.617
2148.000 0.662
2149.000 0.689
2150.000 0.694
2151.000 0.680
2152.000 0.658
2153.000 0.594
2154.000 0.555
2155.000 0.480
2156.000 0.416
2157.000 0.387
2158.000 0.340
2159.000 0.320
2160.000 0.285
2161.000 0.254
2162.000 0.241
2163.000 0.217
2164.000 0.208
2165.000 0.188
2166.000 0.180
2167.000 0.167
2168.000 0.152
2169.000 0.148
2170.000 0.136
2171.000 0.125
2172.000 0.122
2173.000 0.112
2174.000 0.107
2175.000 0.099
2176.000 0.090
2177.000 0.089
2178.000 0.083
2179.000 0.083
2180.000 0.076
2181.000 0.071
2182.000 0.069
2183.000 0.066
2184.000 0.059
2185.000 0.059
2186.000 0.052
2187.000 0.050
2188.000 0.047
2189.000 0.043
2190.000 0.042
2191.000 0.039
2192.000 0.039
2193.000 0.035
2194.000 0.033
2195.000 0.031
2196.000 0.028
2197.000 0.028
2198.000 0.024
2199.000 0.026
2200.000 0.021
2201.000 0.020
2202.000 0.015
2203.000 0.014
2204.000 0.015
2205.000 0.011
2206.000 0.011
2207.000 0.011
2208.000 0.013
2209.000 0.010
2210.000 0.011
2211.000 0.012
2212.000 0.016
2213.000 0.016
2214.000 0.014
2215.000 0.019
2216.000 0.022
2217.000 0.022
2218.000 0.027
2219.000 0.023
2220.000 0.026
2221.000 0.026
2222.000 0.028
2223.000 0.031
2224.000 0.033
2225.000 0.035
2226.000 0.039
2227.000 0.041
2228.000 0.043
2229.000 0.044
2230.000 0.047
2231.000 0.049
2232.000 0.052
2233.000 0.056
2234.000 0.058
2235.000 0.062
2236.000 0.064
2237.000 0.066
2238.000 0.070
2239.000 0.073
2240.000 0.079
2241.000 0.080
2242.000 0.083
2243.000 0.092
2244.000 0.095
2245.000 0.100
2246.000 0.106
2247.000 0.112
2248.000 0.119
2249.000 0.123
2250.000 0.134
2251.000 0.147
2252.000 0.151
2253.000 0.167
2254.000 0.172
2255.000 0.186
2256.000 0.197
2257.000 0.217
2258.000 0.236
2259.000 0.250
2260.000 0.278
2261.000 0.306
2262.000 0.321
2263.000 0.352
2264.000 0.368
2265.000 0.392
2266.000 0.412
2267.000 0.416
2268.000 0.417
2269.000 0.414
2270.000 0.387
2271.000 0.372
2272.000 0.339
2273.000 0.305
2274.000 0.291
2275.000 0.263
2276.000 0.252
2277.000 0.228
2278.000 0.212
2279.000 0.204
2280.000 0.190
2281.000 0.182
2282.000 0.170
2283.000 0.162
2284.000 0.155
2285.000 0.147
2286.000 0.142
2287.000 0.134
2288.000 0.126
2289.000 0.127
2290.000 0.120
2291.000 0.117
2292.000 0.112
2293.000 0.107
2294.000 0.103
2295.000 0.102
2296.000 0.099
2297.000 0.096
2298.000 0.092
2299.000 0.092
2300.000 0.088
2301.000 0.086
2302.000 0.084
2303.000 0.079
2304.000 0.080
2305.000 0.079
2306.000 0.076
2307.000 0.073
2308.000 0.072
2309.000 0.070
2310.000 0.068
2311.000 0.067
2312.000 0.068
2313.000 0.063
2314.000 0.063
2315.000 0.062
2316.000 0.064
2317.000 0.058
2318.000 0.059
2319.000 0.059
2320.000 0.057
2321.000 0.054
2322.000 0.056
2323.000 0.054
2324.000 0.055
2325.000 0.051
2326.000 0.052
2327.000 0.051
2328.000 0.049
2329.000 0.048
2330.000 0.050
2331.000 0.047
2332.000 0.046
2333.000 0.048
2334.000 0.046
2335.000 0.045
2336.000 0.043
2337.000 0.044
2338.000 0.043
2339.000 0.043
2340.000 0.043
2341.000 0.043
2342.000 0.041
2343.000 0.041
2344.000 0.040
2345.000 0.040
2346.000 0.040
2347.000 0.037
2348.000 0.037
2349.000 0.036
2350.000 0.036
2351.000 0.037
2352.000 0.036
2353.000 0.038
2354.000 0.036
2355.000 0.035
2356.000 0.037
2357.000 0.035
2358.000 0.035
2359.000 0.034
2360.000 0.034
2361.000 0.033
2362.000 0.033
2363.000 0.032
2364.000 0.031
2365.000 0.033
2366.000 0.030
2367.000 0.031
2368.000 0.029
2369.000 0.029
2370.000 0.030
2371.000 0.028
2372.000 0.029
2373.000 0.031
2374.000 0.030
2375.000 0.028
2376.000 0.027
2377.000 0.028
2378.000 0.030
2379.000 0.029
2380.000 0.027
2381.000 0.027
2382.000 0.027
2383.000 0.027
2384.000 0.027
2385.000 0.028
2386.000 0.028
2387.000 0.025
2388.000 0.026
2389.000 0.026
2390.000 0.025
2391.000 0.024
2392.000 0.024
2393.000 0.024
2394.000 0.025
2395.000 0.024
2396.000 0.025
2397.000 0.025
2398.000 0.025
2399.000 0.023
2400.000 0.023
2401.000 0.025
2402.000 0.023
2403.000 0.023
2404.000 0.024
2405.000 0.023
2406.000 0.022
2407.000 0.022
2408.000 0.021
2409.000 0.021
2410.000 0.023
2411.000 0.021
2412.000 0.020
2413.000 0.022
2414.000 0.021
2415.000 0.019
2416.000 0.020
2417.000 0.023
2418.000 0.021
2419.000 0.021
2420.000 0.021
2421.000 0.019
2422.000 0.022
2423.000 0.021
2424.000 0.020
2425.000 0.019
2426.000 0.022
2427.000 0.018
2428.000 0.020
2429.000 0.020
2430.000 0.020
2431.000 0.019
2432.000 0.021
2433.000 0.020
2434.000 0.020
2435.000 0.020
2436.000 0.019
2437.000 0.019
2438.000 0.019
2439.000 0.019
2440.000 0.020
2441.000 0.019
2442.000 0.020
2443.000 0.017
2444.000 0.018
2445.000 0.019
2446.000 0.018
2447.000 0.020
2448.000 0.019
2449.000 0.019
2450.000 0.018
2451.000 0.019
2452.000 0.019
2453.000 0.018
2454.000 0.016
2455.000 0.017
2456.000 0.017
2457.000 0.016
2458.000 0.017
2459.000 0.017
2460.000 0.016
2461.000 0.018
2462.000 0.019
2463.000 0.020
2464.000 0.017
2465.000 0.017
2466.000 0.017
2467.000 0.018
2468.000 0.019
2469.000 0.019
2470.000 0.018
2471.000 0.016
2472.000 0.017
2473.000 0.016
2474.000 0.017
2475.000 0.017
2476.000 0.017
2477.000 0.017
2478.000 0.014
2479.000 0.014
2480.000 0.018
2481.000 0.015
2482.000 0.016
2483.000 0.017
2484.000 0.018
2485.000 0.015
2486.000 0.016
2487.000 0.017
2488.000 0.016
2489.000 0.014
2490.000 0.015
2491.000 0.018
2492.000 0.017
2493.000 0.019
2494.000 0.017
2495.000 0.017
2496.000 0.017
2497.000 0.017
2498.000 0.018
2499.000 0.019
2500.000 0.019
2501.000 0.016
2502.000 0.018
2503.000 0.015
2504.000 0.016
2505.000 0.017
2506.000 0.018
2507.000 0.016
2508.000 0.018
2509.000 0.016
2510.000 0.016
2511.000 0.017
2512.000 0.017
2513.000 0.017
2514.000 0.018
2515.000 0.017
2516.000 0.017
2517.000 0.016
2518.000 0.017
2519.000 0.018
2520.000 0.016
2521.000 0.017
2522.000 0.018
2523.000 0.016
2524.000 0.017
2525.000 0.019
2526.000 0.018
2527.000 0.018
2528.000 0.017
2529.000 0.019
2530.000 0.017
2531.000 0.017
2532.000 0.017
2533.000 0.017
2534.000 0.019
2535.000 0.018
2536.000 0.018
2537.000 0.018
2538.000 0.017
2539.000 0.017
2540.000 0.017
2541.000 0.021
2542.000 0.017
2543.000 0.019
2544.000 0.019
2545.000 0.018
2546.000 0.017
2547.000 0.018
2548.000 0.018
2549.000 0.016
2550.000 0.017
2551.000 0.018
2552.000 0.018
2553.000 0.019
2554.000 0.018
2555.000 0.017
2556.000 0.018
2557.000 0.018
2558.000 0.018
2559.000 0.018
2560.000 0.018
2561.000 0.020
2562.000 0.019
2563.000 0.019
2564.000 0.020
2565.000 0.017
2566.000 0.020
2567.000 0.018
2568.000 0.020
2569.000 0.020
2570.000 0.018
2571.000 0.017
2572.000 0.020
2573.000 0.019
2574.000 0.020
2575.000 0.019
2576.000 0.020
2577.000 0.019
2578.000 0.018
2579.000 0.019
2580.000 0.019
2581.000 0.019
2582.000 0.019
2583.000 0.020
2584.000 0.020
2585.000 0.020
2586.000 0.020
2587.000 0.018
2588.000 0.019
2589.000 0.021
2590.000 0.020
2591.000 0.020
2592.000 0.019
2593.000 0.020
2594.000 0.020
2595.000 0.019
2596.000 0.020
2597.000 0.020
2598.000 0.019
2599.000 0.020
2600.000 0.020
2601.000 0.023
2602.000 0.023
2603.000 0.019
2604.000 0.023
2605.000 0.021
2606.000 0.021
2607.000 0.021
2608.000 0.020
2609.000 0.022
2610.000 0.019
2611.000 0.019
2612.000 0.021
2613.000 0.022
2614.000 0.023
2615.000 0.023
2616.000 0.021
2617.000 0.021
2618.000 0.022
2619.000 0.022
2620.000 0.023
2621.000 0.023
2622.000 0.022
2623.000 0.021
2624.000 0.022
2625.000 0.022
2626.000 0.025
2627.000 0.024
2628.000 0.023
2629.000 0.023
2630.000 0.023
2631.000 0.026
2632.000 0.024
2633.000 0.024
2634.000 0.025
2635.000 0.022
2636.000 0.024
2637.000 0.024
2638.000 0.026
2639.000 0.026
2640.000 0.024
2641.000 0.025
2642.000 0.024
2643.000 0.024
2644.000 0.024
2645.000 0.026
2646.000 0.022
2647.000 0.024
2648.000 0.027
2649.000 0.024
2650.000 0.024
2651.000 0.025
2652.000 0.025
2653.000 0.025
2654.000 0.025
2655.000 0.026
2656.000 0.026
2657.000 0.026
2658.000 0.028
2659.000 0.026
2660.000 0.027
2661.000 0.025
2662.000 0.027
2663.000 0.026
2664.000 0.026
2665.000 0.026
2666.000 0.026
2667.000 0.025
2668.000 0.027
2669.000 0.027
2670.000 0.026
2671.000 0.029
2672.000 0.029
2673.000 0.026
2674.000 0.026
2675.000 0.027
2676.000 0.026
2677.000 0.026
2678.000 0.028
2679.000 0.027
2680.000 0.027
2681.000 0.029
2682.000 0.030
2683.000 0.029
2684.000 0.029
2685.000 0.031
2686.000 0.029
2687.000 0.028
2688.000 0.029
2689.000 0.029
2690.000 0.031
2691.000 0.029
2692.000 0.029
2693.000 0.029
2694.000 0.031
2695.000 0.030
2696.000 0.030
2697.000 0.031
2698.000 0.030
2699.000 0.029
2700.000 0.029
2701.000 0.032
2702.000 0.030
2703.000 0.030
2704.000 0.031
2705.000 0.030
2706.000 0.030
2707.000 0.031
2708.000 0.030
2709.000 0.030
2710.000 0.030
2711.000 0.033
2712.000 0.033
2713.000 0.033
2714.000 0.030
2715.000 0.033
2716.000 0.034
2717.000 0.032
2718.000 0.034
2719.000 0.033
2720.000 0.030
2721.000 0.035
2722.000 0.034
2723.000 0.032
2724.000 0.032
2725.000 0.033
2726.000 0.035
2727.000 0.034
2728.000 0.033
2729.000 0.034
2730.000 0.034
2731.000 0.034
2732.000 0.034
2733.000 0.034
2734.000 0.033
2735.000 0.036
2736.000 0.034
2737.000 0.034
2738.000 0.033
2739.000 0.034
2740.000 0.035
2741.000 0.038
2742.000 0.036
2743.000 0.034
2744.000 0.036
2745.000 0.039
2746.000 0.037
2747.000 0.034
2748.000 0.035
2749.000 0.037
2750.000 0.037
2751.000 0.038
2752.000 0.035
2753.000 0.038
2754.000 0.037
2755.000 0.039
2756.000 0.037
2757.000 0.039
2758.000 0.037
2759.000 0.036
2760.000 0.040
2761.000 0.037
2762.000 0.038
2763.000 0.038
2764.000 0.037
2765.000 0.039
2766.000 0.039
2767.000 0.039
2768.000 0.039
2769.000 0.038
2770.000 0.040
2771.000 0.040
2772.000 0.038
2773.000 0.039
2774.000 0.039
2775.000 0.040
2776.000 0.040
2777.000 0.040
2778.000 0.039
2779.000 0.040
2780.000 0.042
2781.000 0.040
2782.000 0.040
2783.000 0.040
2784.000 0.040
2785.000 0.041
2786.000 0.040
2787.000 0.041
2788.000 0.040
2789.000 0.043
2790.000 0.042
2791.000 0.042
2792.000 0.042
2793.000 0.042
2794.000 0.041
2795.000 0.043
2796.000 0.042
2797.000 0.042
2798.000 0.043
2799.000 0.044
2800.000 0.042
2801.000 0.042
2802.000 0.042
2803.000 0.042
2804.000 0.043
2805.000 0.042
2806.000 0.043
2807.000 0.044
2808.000 0.042
2809.000 0.043
2810.000 0.044
2811.000 0.043
2812.000 0.045
2813.000 0.043
2814.000 0.044
2815.000 0.045
2816.000 0.044
2817.000 0.046
2818.000 0.044
2819.000 0.044
2820.000 0.045
2821.000 0.045
2822.000 0.046
2823.000 0.044
2824.000 0.046
2825.000 0.046
2826.000 0.044
2827.000 0.048
2828.000 0.045
2829.000 0.046
2830.000 0.046
2831.000 0.046
2832.000 0.045
2833.000 0.047
2834.000 0.046
2835.000 0.046
2836.000 0.048
2837.000 0.048
2838.000 0.047
2839.000 0.046
2840.000 0.047
2841.000 0.046
2842.000 0.048
2843.000 0.048
2844.000 0.048
2845.000 0.048
2846.000 0.047
2847.000 0.048
2848.000 0.047
2849.000 0.049
2850.000 0.047
2851.000 0.048
2852.000 0.050
2853.000 0.047
2854.000 0.049
2855.000 0.048
2856.000 0.051
2857.000 0.047
2858.000 0.048
2859.000 0.050
2860.000 0.049
2861.000 0.048
2862.000 0.050
2863.000 0.051
2864.000 0.048
2865.000 0.050
2866.000 0.049
2867.000 0.048
2868.000 0.050
2869.000 0.048
2870.000 0.051
2871.000 0.050
2872.000 0.050
2873.000 0.048
2874.000 0.049
2875.000 0.050
2876.000 0.050
2877.000 0.050
2878.000 0.052
2879.000 0.051
2880.000 0.050
2881.000 0.050
2882.000 0.053
2883.000 0.050
2884.000 0.051
2885.000 0.050
2886.000 0.051
2887.000 0.050
2888.000 0.050
2889.000 0.048
2890.000 0.050
2891.000 0.051
2892.000 0.052
2893.000 0.050
2894.000 0.051
2895.000 0.050
2896.000 0.051
2897.000 0.051
2898.000 0.050
2899.000 0.052
2900.000 0.052
2901.000 0.051
2902.000 0.053
2903.000 0.051
2904.000 0.051
2905.000 0.050
2906.000 0.050
2907.000 0.051
2908.000 0.050
2909.000 0.052
2910.000 0.051
2911.000 0.052
2912.000 0.050
2913.000 0.050
2914.000 0.052
2915.000 0.053
2916.000 0.053
2917.000 0.050
2918.000 0.052
2919.000 0.052
2920.000 0.053
2921.000 0.052
2922.000 0.050
2923.000 0.053
2924.000 0.051
2925.000 0.052
2926.000 0.051
2927.000 0.052
2928.000 0.051
2929.000 0.053
2930.000 0.050
2931.000 0.052
2932.000 0.050
2933.000 0.052
2934.000 0.052
2935.000 0.054
2936.000 0.053
2937.000 0.051
2938.000 0.051
2939.000 0.052
2940.000 0.052
2941.000 0.051
2942.000 0.052
2943.000 0.051
2944.000 0.051
2945.000 0.051
2946.000 0.053
2947.000 0.053
2948.000 0.052
2949.000 0.052
2950.000 0.052
2951.000 0.051
2952.000 0.053
2953.000 0.051
2954.000 0.051
2955.000 0.051
2956.000 0.055
2957.000 0.050
2958.000 0.054
2959.000 0.050
2960.000 0.053
2961.000 0.051
2962.000 0.052
2963.000 0.053
2964.000 0.053
2965.000 0.051
2966.000 0.053
2967.000 0.053
2968.000 0.052
2969.000 0.051
2970.000 0.049
2971.000 0.049
2972.000 0.052
2973.000 0.051
2974.000 0.051
2975.000 0.050
2976.000 0.052
2977.000 0.052
2978.000 0.050
2979.000 0.053
2980.000 0.050
2981.000 0.053
2982.000 0.051
2983.000 0.053
2984.000 0.054
2985.000 0.051
2986.000 0.050
2987.000 0.050
2988.000 0.053
2989.000 0.051
2990.000 0.053
2991.000 0.050
2992.000 0.052
2993.000 0.052
2994.000 0.052
2995.000 0.052
2996.000 0.051
2997.000 0.049
2998.000 0.051
2999.000 0.050
3000.000 0.050
3001.000 0.051
3002.000 0.052
3003.000 0.052
3004.000 0.050
3005.000 0.050
3006.000 0.052
3007.000 0.051
3008.000 0.048
3009.000 0.050
3010.000 0.052
3011.000 0.053
3012.000 0.051
3013.000 0.052
3014.000 0.050
3015.000 0.053
3016.000 0.054
3017.000 0.054
3018.000 0.050
3019.000 0.050
3020.000 0.052
3021.000 0.051
3022.000 0.051
3023.000 0.051
3024.000 0.050
3025.000 0.051
3026.000 0.051
3027.000 0.050
3028.000 0.050
3029.000 0.050
3030.000 0.052
3031.000 0.052
3032.000 0.051
3033.000 0.052
3034.000 0.052
3035.000 0.052
3036.000 0.052
3037.000 0.049
3038.000 0.050
3039.000 0.052
3040.000 0.051
3041.000 0.052
3042.000 0.049
3043.000 0.052
3044.000 0.050
3045.000 0.051
3046.000 0.049
3047.000 0.054
3048.000 0.051
3049.000 0.051
3050.000 0.051
3051.000 0.052
3052.000 0.051
3053.000 0.049
3054.000 0.050
3055.000 0.051
3056.000 0.053
3057.000 0.051
3058.000 0.051
3059.000 0.051
3060.000 0.051
3061.000 0.052
3062.000 0.051
3063.000 0.051
3064.000 0.051
3065.000 0.051
3066.000 0.054
3067.000 0.053
3068.000 0.051
3069.000 0.051
3070.000 0.050
3071.000 0.051
3072.000 0.051
3073.000 0.050
3074.000 0.051
3075.000 0.050
3076.000 0.052
3077.000 0.052
3078.000 0.051
3079.000 0.051
3080.000 0.049
3081.000 0.052
3082.000 0.051
3083.000 0.050
3084.000 0.050
3085.000 0.051
3086.000 0.051
3087.000 0.052
3088.000 0.050
3089.000 0.051
3090.000 0.052
3091.000 0.051
3092.000 0.052
3093.000 0.051
3094.000 0.052
3095.000 0.051
3096.000 0.050
3097.000 0.051
3098.000 0.051
3099.000 0.050
3100.000 0.053
3101.000 0.052
3102.000 0.051
3103.000 0.052
3104.000 0.052
3105.000 0.054
3106.000 0.050
3107.000 0.050
3108.000 0.049
3109.000 0.049
3110.000 0.053
3111.000 0.051
3112.000 0.053
3113.000 0.051
3114.000 0.051
3115.000 0.051
3116.000 0.050
3117.000 0.051
3118.000 0.053
3119.000 0.052
3120.000 0.053
3121.000 0.054
3122.000 0.051
3123.000 0.051
3124.000 0.052
3125.000 0.052
3126.000 0.052
3127.000 0.053
3128.000 0.051
3129.000 0.051
3130.000 0.051
3131.000 0.052
3132.000 0.053
3133.000 0.052
3134.000 0.050
3135.000 0.052
3136.000 0.054
3137.000 0.052
3138.000 0.051
3139.000 0.051
3140.000 0.053
3141.000 0.051
3142.000 0.052
3143.000 0.053
3144.000 0.054
3145.000 0.053
3146.000 0.052
3147.000 0.053
3148.000 0.053
3149.000 0.053
3150.000 0.051
3151.000 0.053
3152.000 0.053
3153.000 0.052
3154.000 0.053
3155.000 0.053
3156.000 0.054
3157.000 0.053
3158.000 0.053
3159.000 0.053
3160.000 0.051
3161.000 0.054
3162.000 0.053
3163.000 0.054
3164.000 0.053
3165.000 0.053
3166.000 0.054
3167.000 0.053
3168.000 0.053
3169.000 0.053
3170.000 0.054
3171.000 0.054
3172.000 0.054
3173.000 0.054
3174.000 0.053
3175.000 0.054
3176.000 0.053
3177.000 0.054
3178.000 0.054
3179.000 0.055
3180.000 0.054
3181.000 0.052
3182.000 0.054
3183.000 0.056
3184.000 0.053
3185.000 0.054
3186.000 0.054
3187.000 0.055
3188.000 0.054
3189.000 0.055
3190.000 0.056
3191.000 0.054
3192.000 0.055
3193.000 0.054
3194.000 0.054
3195.000 0.053
3196.000 0.055
3197.000 0.054
3198.000 0.056
3199.000 0.055
3200.000 0.054
3201.000 0.055
3202.000 0.056
3203.000 0.053
3204.000 0.055
3205.000 0.054
3206.000 0.055
3207.000 0.056
3208.000 0.055
3209.000 0.057
3210.000 0.056
3211.000 0.056
3212.000 0.056
3213.000 0.057
3214.000 0.056
3215.000 0.057
3216.000 0.057
3217.000 0.056
3218.000 0.057
3219.000 0.058
3220.000 0.057
3221.000 0.058
3222.000 0.056
3223.000 0.059
3224.000 0.056
3225.000 0.058
3226.000 0.058
3227.000 0.058
3228.000 0.058
3229.000 0.057
3230.000 0.058
3231.000 0.056
3232.000 0.058
3233.000 0.059
3234.000 0.057
3235.000 0.059
3236.000 0.059
3237.000 0.059
3238.000 0.057
3239.000 0.060
3240.000 0.057
3241.000 0.058
3242.000 0.061
3243.000 0.059
3244.000 0.061
3245.000 0.060
3246.000 0.061
3247.000 0.060
3248.000 0.061
3249.000 0.058
3250.000 0.060
3251.000 0.060
3252.000 0.060
3253.000 0.059
3254.000 0.061
3255.000 0.060
3256.000 0.062
3257.000 0.061
3258.000 0.062
3259.000 0.061
3260.000 0.062
3261.000 0.061
3262.000 0.063
3263.000 0.063
3264.000 0.062
3265.000 0.062
3266.000 0.061
3267.000 0.063
3268.000 0.064
3269.000 0.062
3270.000 0.064
3271.000 0.065
3272.000 0.063
3273.000 0.063
3274.000 0.063
3275.000 0.063
3276.000 0.065
3277.000 0.063
3278.000 0.065
3279.000 0.063
3280.000 0.064
3281.000 0.065
3282.000 0.065
3283.000 0.065
3284.000 0.066
3285.000 0.066
3286.000 0.066
3287.000 0.067
3288.000 0.066
3289.000 0.065
3290.000 0.066
3291.000 0.067
3292.000 0.066
3293.000 0.067
3294.000 0.067
3295.000 0.068
3296.000 0.067
3297.000 0.068
3298.000 0.068
3299.000 0.069
3300.000 0.070
3301.000 0.069
3302.000 0.070
3303.000 0.068
3304.000 0.070
3305.000 0.071
3306.000 0.071
3307.000 0.073
3308.000 0.071
3309.000 0.069
3310.000 0.071
3311.000 0.071
3312.000 0.071
3313.000 0.071
3314.000 0.072
3315.000 0.071
3316.000 0.072
3317.000 0.072
3318.000 0.072
3319.000 0.074
3320.000 0.074
3321.000 0.073
3322.000 0.074
3323.000 0.073
3324.000 0.074
3325.000 0.076
3326.000 0.075
3327.000 0.075
3328.000 0.076
3329.000 0.075
3330.000 0.077
3331.000 0.076
3332.000 0.077
3333.000 0.078
3334.000 0.076
3335.000 0.076
3336.000 0.077
3337.000 0.078
3338.000 0.079
3339.000 0.078
3340.000 0.077
3341.000 0.079
3342.000 0.078
3343.000 0.079
3344.000 0.079
3345.000 0.080
3346.000 0.080
3347.000 0.081
3348.000 0.081
3349.000 0.083
3350.000 0.084
3351.000 0.082
3352.000 0.083
3353.000 0.084
3354.000 0.084
3355.000 0.083
3356.000 0.084
3357.000 0.084
3358.000 0.086
3359.000 0.087
3360.000 0.086
3361.000 0.087
3362.000 0.088
3363.000 0.087
3364.000 0.087
3365.000 0.090
3366.000 0.089
3367.000 0.090
3368.000 0.089
3369.000 0.090
3370.000 0.088
3371.000 0.091
3372.000 0.091
3373.000 0.092
3374.000 0.092
3375.000 0.094
3376.000 0.093
3377.000 0.093
3378.000 0.094
3379.000 0.096
3380.000 0.095
3381.000 0.096
3382.000 0.097
3383.000 0.098
3384.000 0.096
3385.000 0.098
3386.000 0.099
3387.000 0.100
3388.000 0.102
3389.000 0.101
3390.000 0.104
3391.000 0.100
3392.000 0.104
3393.000 0.103
3394.000 0.105
3395.000 0.106
3396.000 0.105
3397.000 0.106
3398.000 0.107
3399.000 0.108
3400.000 0.110
3401.000 0.109
3402.000 0.110
3403.000 0.112
3404.000 0.110
3405.000 0.112
3406.000 0.112
3407.000 0.113
3408.000 0.114
3409.000 0.116
3410.000 0.116
3411.000 0.117
3412.000 0.119
3413.000 0.120
3414.000 0.119
3415.000 0.122
3416.000 0.121
3417.000 0.123
3418.000 0.124
3419.000 0.127
3420.000 0.126
3421.000 0.126
3422.000 0.130
3423.000 0.130
3424.000 0.131
3425.000 0.132
3426.000 0.132
3427.000 0.135
3428.000 0.135
3429.000 0.136
3430.000 0.138
3431.000 0.139
3432.000 0.140
3433.000 0.140
3434.000 0.142
3435.000 0.146
3436.000 0.146
3437.000 0.148
3438.000 0.150
3439.000 0.150
3440.000 0.153
3441.000 0.156
3442.000 0.155
3443.000 0.155
3444.000 0.158
3445.000 0.161
3446.000 0.162
3447.000 0.166
3448.000 0.166
3449.000 0.168
3450.000 0.170
3451.000 0.171
3452.000 0.175
3453.000 0.176
3454.000 0.179
3455.000 0.182
3456.000 0.184
3457.000 0.186
3458.000 0.189
3459.000 0.191
3460.000 0.196
3461.000 0.196
3462.000 0.200
3463.000 0.202
3464.000 0.207
3465.000 0.212
3466.000 0.212
3467.000 0.217
3468.000 0.221
3469.000 0.222
3470.000 0.227
3471.000 0.231
3472.000 0.236
3473.000 0.239
3474.000 0.244
3475.000 0.248
3476.000 0.253
3477.000 0.259
3478.000 0.264
3479.000 0.268
3480.000 0.278
3481.000 0.280
3482.000 0.287
3483.000 0.292
3484.000 0.301
3485.000 0.305
3486.000 0.315
3487.000 0.324
3488.000 0.330
3489.000 0.341
3490.000 0.352
3491.000 0.360
3492.000 0.372
3493.000 0.379
3494.000 0.395
3495.000 0.409
3496.000 0.420
3497.000 0.437
3498.000 0.447
3499.000 0.468
3500.000 0.493
3501.000 0.503
3502.000 0.533
3503.000 0.546
3504.000 0.578
3505.000 0.615
3506.000 0.635
3507.000 0.677
3508.000 0.702
3509.000 0.754
3510.000 0.782
3511.000 0.846
3512.000 0.918
3513.000 0.960
3514.000 1.048
3515.000 1.147
3516.000 1.203
3517.000 1.314
3518.000 1.371
3519.000 1.489
3520.000 1.578
3521.000 1.610
3522.000 1.626
3523.000 1.607
3524.000 1.518
3525.000 1.450
3526.000 1.281
3527.000 1.109
3528.000 1.031
3529.000 0.897
3530.000 0.794
3531.000 0.751
3532.000 0.682
3533.000 0.654
3534.000 0.616
3535.000 0.605
3536.000 0.591
3537.000 0.589
3538.000 0.589
3539.000 0.591
3540.000 0.588
3541.000 0.577
3542.000 0.558
3543.000 0.545
3544.000 0.520
3545.000 0.492
3546.000 0.479
3547.000 0.452
3548.000 0.442
3549.000 0.417
3550.000 0.405
3551.000 0.386
3552.000 0.366
3553.000 0.357
3554.000 0.342
3555.000 0.325
3556.000 0.320
3557.000 0.305
3558.000 0.298
3559.000 0.285
3560.000 0.278
3561.000 0.267
3562.000 0.256
3563.000 0.255
3564.000 0.241
3565.000 0.238
3566.000 0.227
3567.000 0.219
3568.000 0.218
3569.000 0.208
3570.000 0.202
3571.000 0.197
3572.000 0.191
3573.000 0.186
3574.000 0.182
3575.000 0.178
3576.000 0.174
3577.000 0.167
3578.000 0.165
3579.000 0.158
3580.000 0.154
3581.000 0.150
3582.000 0.144
3583.000 0.141
3584.000 0.136
3585.000 0.132
3586.000 0.133
3587.000 0.128
3588.000 0.122
3589.000 0.118
3590.000 0.116
3591.000 0.112
3592.000 0.107
3593.000 0.106
3594.000 0.102
3595.000 0.100
3596.000 0.094
3597.000 0.090
3598.000 0.088
3599.000 0.083
3600.000 0.082
3601.000 0.078
3602.000 0.074
3603.000 0.071
3604.000 0.067
3605.000 0.065
3606.000 0.061
3607.000 0.058
3608.000 0.054
3609.000 0.052
3610.000 0.047
3611.000 0.046
3612.000 0.045
3613.000 0.041
3614.000 0.040
3615.000 0.042
3616.000 0.042
3617.000 0.045
3618.000 0.048
3619.000 0.053
3620.000 0.057
3621.000 0.065
3622.000 0.075
3623.000 0.080
3624.000 0.095
3625.000 0.102
3626.000 0.122
3627.000 0.139
3628.000 0.150
3629.000 0.174
3630.000 0.189
3631.000 0.220
3632.000 0.250
3633.000 0.269
3634.000 0.304
3635.000 0.344
3636.000 0.358
3637.000 0.374
3638.000 0.401
3639.000 0.411
3640.000 0.413
3641.000 0.403
3642.000 0.394
3643.000 0.372
3644.000 0.347
3645.000 0.335
3646.000 0.315
3647.000 0.294
3648.000 0.288
3649.000 0.270
3650.000 0.263
3651.000 0.251
3652.000 0.245
3653.000 0.234
3654.000 0.223
3655.000 0.218
3656.000 0.211
3657.000 0.204
3658.000 0.197
3659.000 0.193
3660.000 0.190
3661.000 0.182
3662.000 0.179
3663.000 0.175
3664.000 0.170
3665.000 0.167
3666.000 0.165
3667.000 0.160
3668.000 0.159
3669.000 0.153
3670.000 0.153
3671.000 0.148
3672.000 0.147
3673.000 0.146
3674.000 0.143
3675.000 0.142
3676.000 0.138
3677.000 0.137
3678.000 0.135
3679.000 0.130
3680.000 0.131
3681.000 0.130
3682.000 0.128
3683.000 0.127
3684.000 0.124
3685.000 0.121
3686.000 0.122
3687.000 0.119
3688.000 0.117
3689.000 0.117
3690.000 0.117
3691.000 0.115
3692.000 0.113
3693.000 0.112
3694.000 0.112
3695.000 0.109
3696.000 0.107
3697.000 0.109
3698.000 0.105
3699.000 0.105
3700.000 0.104
3701.000 0.105
3702.000 0.103
3703.000 0.102
3704.000 0.101
3705.000 0.099
3706.000 0.099
3707.000 0.100
3708.000 0.098
3709.000 0.097
3710.000 0.096
3711.000 0.095
3712.000 0.094
3713.000 0.094
3714.000 0.092
3715.000 0.093
3716.000 0.092
3717.000 0.090
3718.000 0.092
3719.000 0.089
3720.000 0.088
3721.000 0.088
3722.000 0.086
3723.000 0.087
3724.000 0.087
3725.000 0.085
3726.000 0.086
3727.000 0.084
3728.000 0.085
3729.000 0.084
3730.000 0.084
3731.000 0.082
3732.000 0.083
3733.000 0.081
3734.000 0.082
3735.000 0.080
3736.000 0.080
3737.000 0.078
3738.000 0.079
3739.000 0.079
3740.000 0.080
3741.000 0.078
3742.000 0.077
3743.000 0.075
3744.000 0.076
3745.000 0.075
3746.000 0.074
3747.000 0.076
3748.000 0.076
3749.000 0.074
3750.000 0.075
3751.000 0.072
3752.000 0.073
3753.000 0.072
3754.000 0.072
3755.000 0.072
3756.000 0.070
3757.000 0.072
3758.000 0.070
3759.000 0.070
3760.000 0.070
3761.000 0.069
3762.000 0.070
3763.000 0.069
3764.000 0.069
3765.000 0.068
3766.000 0.069
3767.000 0.067
3768.000 0.067
3769.000 0.067
3770.000 0.068
3771.000 0.067
3772.000 0.066
3773.000 0.067
3774.000 0.067
3775.000 0.066
3776.000 0.065
3777.000 0.064
3778.000 0.063
3779.000 0.063
3780.000 0.066
3781.000 0.064
3782.000 0.065
3783.000 0.062
3784.000 0.061
3785.000 0.063
3786.000 0.061
3787.000 0.062
3788.000 0.061
3789.000 0.061
3790.000 0.062
3791.000 0.061
3792.000 0.061
3793.000 0.061
3794.000 0.060
3795.000 0.059
3796.000 0.059
3797.000 0.060
3798.000 0.060
3799.000 0.059
3800.000 0.060
3801.000 0.058
3802.000 0.060
3803.000 0.059
3804.000 0.058
3805.000 0.058
3806.000 0.056
3807.000 0.059
3808.000 0.058
3809.000 0.056
3810.000 0.057
3811.000 0.058
3812.000 0.057
3813.000 0.055
3814.000 0.055
3815.000 0.056
3816.000 0.057
3817.000 0.054
3818.000 0.054
3819.000 0.056
3820.000 0.056
3821.000 0.054
3822.000 0.055
3823.000 0.055
3824.000 0.053
3825.000 0.054
3826.000 0.055
3827.000 0.054
3828.000 0.053
3829.000 0.053
3830.000 0.051
3831.000 0.054
3832.000 0.052
3833.000 0.052
3834.000 0.054
3835.000 0.054
3836.000 0.053
3837.000 0.050
3838.000 0.052
3839.000 0.053
3840.000 0.051
3841.000 0.052
3842.000 0.051
3843.000 0.051
3844.000 0.051
3845.000 0.050
3846.000 0.049
3847.000 0.049
3848.000 0.051
3849.000 0.050
3850.000 0.049
3851.000 0.051
3852.000 0.050
3853.000 0.050
3854.000 0.051
3855.000 0.049
3856.000 0.048
3857.000 0.049
3858.000 0.049
3859.000 0.049
3860.000 0.050
3861.000 0.048
3862.000 0.048
3863.000 0.048
3864.000 0.047
3865.000 0.048
3866.000 0.049
3867.000 0.048
3868.000 0.049
3869.000 0.048
3870.000 0.048
3871.000 0.048
3872.000 0.047
3873.000 0.047
3874.000 0.048
3875.000 0.046
3876.000 0.047
3877.000 0.046
3878.000 0.046
3879.000 0.046
3880.000 0.046
3881.000 0.046
3882.000 0.045
3883.000 0.046
3884.000 0.047
3885.000 0.046
3886.000 0.046
3887.000 0.046
3888.000 0.046
3889.000 0.045
3890.000 0.046
3891.000 0.044
3892.000 0.045
3893.000 0.044
3894.000 0.045
3895.000 0.045
3896.000 0.045
3897.000 0.044
3898.000 0.043
3899.000 0.043
3900.000 0.045
3901.000 0.044
3902.000 0.042
3903.000 0.042
3904.000 0.045
3905.000 0.042
3906.000 0.043
3907.000 0.043
3908.000 0.044
3909.000 0.043
3910.000 0.043
3911.000 0.043
3912.000 0.042
3913.000 0.043
3914.000 0.042
3915.000 0.043
3916.000 0.042
3917.000 0.042
3918.000 0.043
3919.000 0.042
3920.000 0.041
3921.000 0.043
3922.000 0.042
3923.000 0.041
3924.000 0.042
3925.000 0.041
3926.000 0.040
3927.000 0.043
3928.000 0.042
3929.000 0.041
3930.000 0.042
3931.000 0.040
3932.000 0.041
3933.000 0.041
3934.000 0.040
3935.000 0.041
3936.000 0.040
3937.000 0.041
3938.000 0.042
3939.000 0.041
3940.000 0.042
3941.000 0.040
3942.000 0.040
3943.000 0.041
3944.000 0.041
3945.000 0.041
3946.000 0.039
3947.000 0.038
3948.000 0.041
3949.000 0.039
3950.000 0.040
3951.000 0.041
3952.000 0.041
3953.000 0.040
3954.000 0.040
3955.000 0.039
3956.000 0.039
3957.000 0.040
3958.000 0.039
3959.000 0.042
3960.000 0.040
3961.000 0.038
3962.000 0.040
3963.000 0.039
3964.000 0.040
3965.000 0.039
3966.000 0.039
3967.000 0.040
3968.000 0.040
3969.000 0.038
3970.000 0.039
3971.000 0.038
3972.000 0.039
3973.000 0.038
3974.000 0.040
3975.000 0.037
3976.000 0.038
3977.000 0.038
3978.000 0.038
3979.000 0.037
3980.000 0.039
3981.000 0.038
3982.000 0.038
3983.000 0.039
3984.000 0.038
3985.000 0.039
3986.000 0.037
3987.000 0.037
3988.000 0.037
3989.000 0.037
3990.000 0.037
3991.000 0.038
3992.000 0.037
3993.000 0.037
3994.000 0.037
3995.000 0.038
3996.000 0.036
3997.000 0.037
3998.000 0.036
3999.000 0.038
4000.000 0.036
4001.000 0.037
4002.000 0.038
4003.000 0.036
4004.000 0.036
4005.000 0.037
4006.000 0.035
4007.000 0.037
4008.000 0.037
4009.000 0.036
4010.000 0.037
4011.000 0.036
4012.000 0.037
4013.000 0.036
4014.000 0.036
4015.000 0.036
4016.000 0.036
4017.000 0.035
4018.000 0.035
4019.000 0.036
4020.000 0.035
4021.000 0.035
4022.000 0.035
4023.000 0.035
4024.000 0.035
4025.000 0.035
4026.000 0.035
4027.000 0.035
4028.000 0.035
4029.000 0.036
4030.000 0.036
4031.000 0.036
4032.000 0.036
4033.000 0.035
4034.000 0.036
4035.000 0.035
4036.000 0.036
4037.000 0.037
4038.000 0.035
4039.000 0.035
4040.000 0.034
4041.000 0.035
4042.000 0.034
4043.000 0.034
4044.000 0.034
4045.000 0.036
4046.000 0.035
4047.000 0.035
4048.000 0.036
4049.000 0.036
4050.000 0.035
4051.000 0.034
4052.000 0.034
4053.000 0.033
4054.000 0.034
4055.000 0.034
4056.000 0.035
4057.000 0.035
4058.000 0.034
4059.000 0.035
4060.000 0.033
4061.000 0.035
4062.000 0.034
4063.000 0.034
4064.000 0.036
4065.000 0.035
4066.000 0.036
4067.000 0.035
4068.000 0.033
4069.000 0.036
4070.000 0.033
4071.000 0.034
4072.000 0.034
4073.000 0.034
4074.000 0.034
4075.000 0.036
4076.000 0.034
4077.000 0.035
4078.000 0.034
4079.000 0.034
4080.000 0.034
4081.000 0.034
4082.000 0.033
4083.000 0.035
4084.000 0.033
4085.000 0.033
4086.000 0.034
4087.000 0.034
4088.000 0.035
4089.000 0.035
4090.000 0.034
4091.000 0.035
4092.000 0.034
4093.000 0.034
4094.000 0.034
4095.000 0.035
4096.000 0.034
4097.000 0.034
4098.000 0.033
4099.000 0.033
4100.000 0.033
4101.000 0.034
4102.000 0.034
4103.000 0.033
4104.000 0.033
4105.000 0.035
4106.000 0.033
4107.000 0.033
4108.000 0.033
4109.000 0.034
4110.000 0.034
4111.000 0.033
4112.000 0.034
4113.000 0.033
4114.000 0.034
4115.000 0.034
4116.000 0.033
4117.000 0.033
4118.000 0.032
4119.000 0.034
4120.000 0.035
4121.000 0.034
4122.000 0.033
4123.000 0.033
4124.000 0.034
4125.000 0.032
4126.000 0.034
4127.000 0.033
4128.000 0.034
4129.000 0.033
4130.000 0.033
4131.000 0.032
4132.000 0.033
4133.000 0.033
4134.000 0.034
4135.000 0.034
4136.000 0.033
4137.000 0.034
4138.000 0.035
4139.000 0.033
4140.000 0.032
4141.000 0.033
4142.000 0.033
4143.000 0.033
4144.000 0.034
4145.000 0.033
4146.000 0.032
4147.000 0.035
4148.000 0.034
4149.000 0.032
4150.000 0.033
4151.000 0.032
4152.000 0.034
4153.000 0.033
4154.000 0.033
4155.000 0.033
4156.000 0.031
4157.000 0.032
4158.000 0.034
4159.000 0.033
4160.000 0.032
4161.000 0.033
4162.000 0.033
4163.000 0.033
4164.000 0.033
4165.000 0.033
4166.000 0.032
4167.000 0.032
4168.000 0.033
4169.000 0.033
4170.000 0.032
4171.000 0.033
4172.000 0.032
4173.000 0.033
4174.000 0.033
4175.000 0.036
4176.000 0.033
4177.000 0.032
4178.000 0.034
4179.000 0.032
4180.000 0.033
4181.000 0.033
4182.000 0.032
4183.000 0.034
4184.000 0.032
4185.000 0.032
4186.000 0.033
4187.000 0.033
4188.000 0.033
4189.000 0.034
4190.000 0.033
4191.000 0.034
4192.000 0.033
4193.000 0.033
4194.000 0.033
4195.000 0.033
4196.000 0.034
4197.000 0.033
4198.000 0.032
4199.000 0.033
4200.000 0.031
4201.000 0.034
4202.000 0.033
4203.000 0.033
4204.000 0.033
4205.000 0.032
4206.000 0.034
4207.000 0.033
4208.000 0.033
4209.000 0.033
4210.000 0.034
4211.000 0.033
4212.000 0.034
4213.000 0.033
4214.000 0.032
4215.000 0.033
4216.000 0.034
4217.000 0.033
4218.000 0.033
4219.000 0.033
4220.000 0.034
4221.000 0.033
4222.000 0.032
4223.000 0.034
4224.000 0.034
4225.000 0.032
4226.000 0.032
4227.000 0.033
4228.000 0.034
4229.000 0.032
4230.000 0.033
4231.000 0.034
4232.000 0.034
4233.000 0.035
4234.000 0.032
4235.000 0.034
4236.000 0.033
4237.000 0.033
4238.000 0.034
4239.000 0.033
4240.000 0.033
4241.000 0.034
4242.000 0.033
4243.000 0.034
4244.000 0.033
4245.000 0.033
4246.000 0.035
4247.000 0.034
4248.000 0.034
4249.000 0.035
4250.000 0.034
4251.000 0.034
4252.000 0.035
4253.000 0.034
4254.000 0.033
4255.000 0.035
4256.000 0.034
4257.000 0.033
4258.000 0.033
4259.000 0.033
4260.000 0.033
4261.000 0.033
4262.000 0.034
4263.000 0.034
4264.000 0.034
4265.000 0.034
4266.000 0.034
4267.000 0.033
4268.000 0.034
4269.000 0.034
4270.000 0.033
4271.000 0.034
4272.000 0.034
4273.000 0.035
4274.000 0.034
4275.000 0.033
4276.000 0.035
4277.000 0.034
4278.000 0.034
4279.000 0.034
4280.000 0.034
4281.000 0.034
4282.000 0.034
4283.000 0.033
4284.000 0.035
4285.000 0.033
4286.000 0.035
4287.000 0.034
4288.000 0.033
4289.000 0.034
4290.000 0.034
4291.000 0.035
4292.000 0.033
4293.000 0.034
4294.000 0.035
4295.000 0.034
4296.000 0.033
4297.000 0.034
4298.000 0.035
4299.000 0.033
4300.000 0.035
4301.000 0.034
4302.000 0.034
4303.000 0.034
4304.000 0.033
4305.000 0.035
4306.000 0.035
4307.000 0.034
4308.000 0.034
4309.000 0.035
4310.000 0.034
4311.000 0.034
4312.000 0.035
4313.000 0.035
4314.000 0.035
4315.000 0.033
4316.000 0.034
4317.000 0.034
4318.000 0.035
4319.000 0.035
4320.000 0.034
4321.000 0.035
4322.000 0.035
4323.000 0.036
4324.000 0.035
4325.000 0.036
4326.000 0.035
4327.000 0.034
4328.000 0.034
4329.000 0.034
4330.000 0.034
4331.000 0.035
4332.000 0.035
4333.000 0.035
4334.000 0.035
4335.000 0.036
4336.000 0.036
4337.000 0.036
4338.000 0.035
4339.000 0.035
4340.000 0.035
4341.000 0.034
4342.000 0.035
4343.000 0.036
4344.000 0.036
4345.000 0.036
4346.000 0.035
4347.000 0.036
4348.000 0.036
4349.000 0.034
4350.000 0.035
4351.000 0.037
4352.000 0.036
4353.000 0.036
4354.000 0.035
4355.000 0.036
4356.000 0.035
4357.000 0.037
4358.000 0.035
4359.000 0.036
4360.000 0.035
4361.000 0.036
4362.000 0.036
4363.000 0.037
4364.000 0.037
4365.000 0.037
4366.000 0.036
4367.000 0.037
4368.000 0.035
4369.000 0.036
4370.000 0.035
4371.000 0.036
4372.000 0.036
4373.000 0.035
4374.000 0.037
4375.000 0.038
4376.000 0.039
4377.000 0.036
4378.000 0.037
4379.000 0.037
4380.000 0.037
4381.000 0.037
4382.000 0.037
4383.000 0.036
4384.000 0.036
4385.000 0.038
4386.000 0.037
4387.000 0.038
4388.000 0.038
4389.000 0.037
4390.000 0.038
4391.000 0.037
4392.000 0.038
4393.000 0.038
4394.000 0.038
4395.000 0.036
4396.000 0.036
4397.000 0.038
4398.000 0.039
4399.000 0.037
4400.000 0.038
4401.000 0.038
4402.000 0.039
4403.000 0.037
4404.000 0.039
4405.000 0.038
4406.000 0.040
4407.000 0.040
4408.000 0.040
4409.000 0.039
4410.000 0.039
4411.000 0.039
4412.000 0.040
4413.000 0.038
4414.000 0.038
4415.000 0.040
4416.000 0.038
4417.000 0.039
4418.000 0.040
4419.000 0.039
4420.000 0.040
4421.000 0.039
4422.000 0.039
4423.000 0.039
4424.000 0.039
4425.000 0.040
4426.000 0.041
4427.000 0.040
4428.000 0.041
4429.000 0.041
4430.000 0.041
4431.000 0.039
4432.000 0.039
4433.000 0.040
4434.000 0.041
4435.000 0.040
4436.000 0.042
4437.000 0.040
4438.000 0.041
4439.000 0.041
4440.000 0.041
4441.000 0.042
4442.000 0.040
4443.000 0.041
4444.000 0.041
4445.000 0.042
4446.000 0.041
4447.000 0.042
4448.000 0.041
4449.000 0.041
4450.000 0.042
4451.000 0.040
4452.000 0.040
4453.000 0.041
4454.000 0.042
4455.000 0.041
4456.000 0.042
4457.000 0.042
4458.000 0.042
4459.000 0.043
4460.000 0.043
4461.000 0.042
4462.000 0.041
4463.000 0.044
4464.000 0.043
4465.000 0.042
4466.000 0.044
4467.000 0.043
4468.000 0.044
4469.000 0.042
4470.000 0.042
4471.000 0.043
4472.000 0.044
4473.000 0.043
4474.000 0.043
4475.000 0.044
4476.000 0.043
4477.000 0.043
4478.000 0.043
4479.000 0.044
4480.000 0.044
4481.000 0.045
4482.000 0.045
4483.000 0.045
4484.000 0.045
4485.000 0.045
4486.000 0.044
4487.000 0.044
4488.000 0.045
4489.000 0.046
4490.000 0.044
4491.000 0.045
4492.000 0.046
4493.000 0.046
4494.000 0.046
4495.000 0.045
4496.000 0.046
4497.000 0.046
4498.000 0.047
4499.000 0.046
4500.000 0.047
4501.000 0.047
4503.000 0.046
4504.000 0.045
4505.000 0.046
4506.000 0.048
4507.000 0.047
4508.000 0.047
4509.000 0.048
4510.000 0.048
4511.000 0.047
4512.000 0.048
4513.000 0.048
4514.000 0.049
4515.000 0.049
4516.000 0.049
4517.000 0.050
4518.000 0.048
4519.000 0.049
4520.000 0.050
4521.000 0.049
4522.000 0.050
4523.000 0.049
4524.000 0.050
4525.000 0.050
4526.000 0.050
4527.000 0.050
4528.000 0.051
4529.000 0.050
4530.000 0.051
4531.000 0.050
4532.000 0.051
4533.000 0.052
4534.000 0.052
4535.000 0.051
4536.000 0.053
4537.000 0.051
4538.000 0.053
4539.000 0.052
4540.000 0.053
4541.000 0.052
4542.000 0.052
4543.000 0.053
4544.000 0.052
4545.000 0.053
4546.000 0.055
4547.000 0.053
4548.000 0.054
4549.000 0.052
4550.000 0.053
4551.000 0.055
4552.000 0.055
4553.000 0.056
4554.000 0.054
4555.000 0.056
4556.000 0.055
4557.000 0.055
4558.000 0.055
4559.000 0.057
4560.000 0.056
4561.000 0.058
4562.000 0.057
4563.000 0.057
4564.000 0.056
4565.000 0.057
4566.000 0.057
4567.000 0.057
4568.000 0.059
4569.000 0.057
4570.000 0.059
4571.000 0.057
4572.000 0.059
4573.000 0.059
4574.000 0.058
4575.000 0.059
4576.000 0.059
4577.000 0.059
4578.000 0.060
4579.000 0.061
4580.000 0.060
4581.000 0.059
4582.000 0.059
4583.000 0.061
4584.000 0.063
4585.000 0.063
4586.000 0.063
4587.000 0.062
4588.000 0.062
4589.000 0.063
4590.000 0.063
4591.000 0.062
4592.000 0.064
4593.000 0.065
4594.000 0.065
4595.000 0.063
4596.000 0.065
4597.000 0.065
4598.000 0.067
4599.000 0.068
4600.000 0.066
4601.000 0.066
4602.000 0.066
4603.000 0.068
4604.000 0.066
4605.000 0.068
4606.000 0.068
4607.000 0.070
4608.000 0.069
4609.000 0.070
4610.000 0.068
4611.000 0.070
4612.000 0.071
4613.000 0.072
4614.000 0.071
4615.000 0.072
4616.000 0.073
4617.000 0.072
4618.000 0.073
4619.000 0.073
4620.000 0.074
4621.000 0.074
4622.000 0.074
4623.000 0.075
4624.000 0.076
4625.000 0.076
4626.000 0.076
4627.000 0.076
4628.000 0.076
4629.000 0.078
4630.000 0.078
4631.000 0.078
4632.000 0.079
4633.000 0.080
4634.000 0.078
4635.000 0.080
4636.000 0.080
4637.000 0.081
4638.000 0.082
4639.000 0.082
4640.000 0.083
4641.000 0.082
4642.000 0.083
4643.000 0.085
4644.000 0.085
4645.000 0.086
4646.000 0.085
4647.000 0.087
4648.000 0.088
4649.000 0.087
4650.000 0.088
4651.000 0.088
4652.000 0.088
4653.000 0.089
4654.000 0.090
4655.000 0.091
4656.000 0.092
4657.000 0.094
4658.000 0.092
4659.000 0.094
4660.000 0.095
4661.000 0.096
4662.000 0.096
4663.000 0.098
4664.000 0.098
4665.000 0.097
4666.000 0.099
4667.000 0.100
4668.000 0.099
4669.000 0.101
4670.000 0.103
4671.000 0.104
4672.000 0.104
4673.000 0.105
4674.000 0.105
4675.000 0.106
4676.000 0.107
4677.000 0.109
4678.000 0.112
4679.000 0.109
4680.000 0.111
4681.000 0.113
4682.000 0.114
4683.000 0.113
4684.000 0.116
4685.000 0.117
4686.000 0.118
4687.000 0.119
4688.000 0.122
4689.000 0.121
4690.000 0.125
4691.000 0.125
4692.000 0.126
4693.000 0.126
4694.000 0.129
4695.000 0.129
4696.000 0.130
4697.000 0.132
4698.000 0.133
4699.000 0.134
4700.000 0.137
4701.000 0.137
4702.000 0.140
4703.000 0.140
4704.000 0.143
4705.000 0.146
4706.000 0.146
4707.000 0.149
4708.000 0.149
4709.000 0.152
4710.000 0.155
4711.000 0.156
4712.000 0.159
4713.000 0.158
4714.000 0.162
4715.000 0.165
4716.000 0.167
4717.000 0.170
4718.000 0.172
4719.000 0.174
4720.000 0.175
4721.000 0.180
4722.000 0.181
4723.000 0.184
4724.000 0.189
4725.000 0.192
4726.000 0.193
4727.000 0.198
4728.000 0.199
4729.000 0.203
4730.000 0.207
4731.000 0.211
4732.000 0.215
4733.000 0.217
4734.000 0.224
4735.000 0.228
4736.000 0.231
4737.000 0.236
4738.000 0.239
4739.000 0.247
4740.000 0.252
4741.000 0.256
4742.000 0.263
4743.000 0.272
4744.000 0.274
4745.000 0.278
4746.000 0.287
4747.000 0.295
4748.000 0.299
4749.000 0.308
4750.000 0.316
4751.000 0.321
4752.000 0.330
4753.000 0.337
4754.000 0.344
4755.000 0.349
4756.000 0.359
4757.000 0.366
4758.000 0.371
4759.000 0.381
4760.000 0.394
4761.000 0.401
4762.000 0.419
4763.000 0.426
4764.000 0.444
4765.000 0.466
4766.000 0.478
4767.000 0.504
4768.000 0.518
4769.000 0.547
4770.000 0.582
4771.000 0.599
4772.000 0.637
4773.000 0.657
4774.000 0.703
4775.000 0.728
4776.000 0.779
4777.000 0.839
4778.000 0.871
4779.000 0.940
4780.000 1.017
4781.000 1.057
4782.000 1.144
4783.000 1.187
4784.000 1.279
4785.000 1.324
4786.000 1.409
4787.000 1.480
4788.000 1.507
4789.000 1.533
4790.000 1.521
4791.000 1.502
4792.000 1.440
4793.000 1.400
4794.000 1.312
4795.000 1.221
4796.000 1.176
4797.000 1.089
4798.000 1.011
4799.000 0.977
4800.000 0.915
4801.000 0.860
4802.000 0.836
4803.000 0.795
4804.000 0.760
4805.000 0.745
4806.000 0.718
4807.000 0.707
4808.000 0.682
4809.000 0.645
4810.000 0.619
4811.000 0.531
4812.000 0.464
4813.000 0.288
4814.000 0.205
4815.000 0.173
4816.000 0.269
4817.000 0.300
4818.000 0.286
4819.000 0.289
4820.000 0.287
4821.000 0.284
4822.000 0.283
4823.000 0.278
4824.000 0.272
4825.000 0.269
4826.000 0.263
4827.000 0.256
4828.000 0.254
4829.000 0.248
4830.000 0.246
4831.000 0.238
4832.000 0.233
4833.000 0.230
4834.000 0.225
4835.000 0.223
4836.000 0.218
4837.000 0.216
4838.000 0.210
4839.000 0.206
4840.000 0.204
4841.000 0.199
4842.000 0.193
4843.000 0.193
4844.000 0.190
4845.000 0.187
4846.000 0.182
4847.000 0.181
4848.000 0.175
4849.000 0.173
4850.000 0.171
4851.000 0.167
4852.000 0.164
4853.000 0.163
4854.000 0.158
4855.000 0.158
4856.000 0.154
4857.000 0.152
4858.000 0.149
4859.000 0.148
4860.000 0.146
4861.000 0.143
4862.000 0.140
4863.000 0.138
4864.000 0.135
4865.000 0.134
4866.000 0.132
4867.000 0.128
4868.000 0.127
4869.000 0.125
4870.000 0.124
4871.000 0.121
4872.000 0.122
4873.000 0.117
4874.000 0.116
4875.000 0.114
4876.000 0.112
4877.000 0.110
4878.000 0.108
4879.000 0.106
4880.000 0.105
4881.000 0.101
4882.000 0.099
4883.000 0.099
4884.000 0.097
4885.000 0.095
4886.000 0.092
4887.000 0.091
4888.000 0.088
4889.000 0.086
4890.000 0.083
4891.000 0.082
4892.000 0.080
4893.000 0.077
4894.000 0.073
4895.000 0.074
4896.000 0.072
4897.000 0.070
4898.000 0.069
4899.000 0.066
4900.000 0.066
4901.000 0.066
4902.000 0.065
4903.000 0.064
4904.000 0.068
4905.000 0.069
4906.000 0.072
4907.000 0.079
4908.000 0.083
4909.000 0.094
4910.000 0.099
4911.000 0.110
4912.000 0.117
4913.000 0.129
4914.000 0.142
4915.000 0.150
4916.000 0.161
4917.000 0.166
4918.000 0.172
4919.000 0.176
4920.000 0.176
4921.000 0.175
4922.000 0.173
4923.000 0.172
4924.000 0.170
4925.000 0.167
4926.000 0.163
4927.000 0.161
4928.000 0.157
4929.000 0.153
4930.000 0.152
4931.000 0.146
4932.000 0.142
4933.000 0.142
4934.000 0.138
4935.000 0.138
4936.000 0.134
4937.000 0.134
4938.000 0.131
4939.000 0.129
4940.000 0.128
4941.000 0.126
4942.000 0.125
4943.000 0.122
4944.000 0.121
4945.000 0.121
4946.000 0.118
4947.000 0.117
4948.000 0.118
4949.000 0.113
4950.000 0.114
4951.000 0.112
4952.000 0.111
4953.000 0.109
4954.000 0.108
4955.000 0.108
4956.000 0.107
4957.000 0.106
4958.000 0.105
4959.000 0.104
4960.000 0.103
4961.000 0.103
4962.000 0.102
4963.000 0.102
4964.000 0.101
4965.000 0.100
4966.000 0.098
4967.000 0.099
4968.000 0.099
4969.000 0.098
4970.000 0.096
4971.000 0.095
4972.000 0.095
4973.000 0.095
4974.000 0.094
4975.000 0.095
4976.000 0.092
4977.000 0.092
4978.000 0.090
4979.000 0.091
4980.000 0.090
4981.000 0.091
4982.000 0.090
4983.000 0.089
4984.000 0.088
4985.000 0.089
4986.000 0.088
4987.000 0.089
4988.000 0.087
4989.000 0.085
4990.000 0.085
4991.000 0.087
4992.000 0.085
4993.000 0.083
4994.000 0.085
4995.000 0.084
4996.000 0.083
4997.000 0.083
4998.000 0.082
4999.000 0.082
5000.000 0.083
5001.000 0.083
5002.000 0.082
5003.000 0.081
5004.000 0.081
5005.000 0.079
5006.000 0.079
5007.000 0.080
5008.000 0.079
5009.000 0.079
5010.000 0.078
5011.000 0.079
5012.000 0.078
5013.000 0.077
5014.000 0.076
5015.000 0.077
5016.000 0.078
5017.000 0.075
5018.000 0.074
5019.000 0.076
5020.000 0.075
5021.000 0.075
5022.000 0.076
5023.000 0.075
5024.000 0.075
5025.000 0.073
5026.000 0.073
5027.000 0.073
5028.000 0.074
5029.000 0.072
5030.000 0.073
5031.000 0.072
5032.000 0.073
5033.000 0.072
5034.000 0.071
5035.000 0.071
5036.000 0.071
5037.000 0.069
5038.000 0.070
5039.000 0.070
5040.000 0.069
5041.000 0.069
5042.000 0.070
5043.000 0.070
5044.000 0.071
5045.000 0.068
5046.000 0.068
5047.000 0.070
5048.000 0.068
5049.000 0.068
5050.000 0.070
5051.000 0.068
5052.000 0.068
5053.000 0.067
5054.000 0.068
5055.000 0.066
5056.000 0.067
5057.000 0.066
5058.000 0.066
5059.000 0.066
5060.000 0.067
5061.000 0.066
5062.000 0.066
5063.000 0.065
5064.000 0.066
5065.000 0.066
5066.000 0.065
5067.000 0.065
5068.000 0.065
5069.000 0.065
5070.000 0.064
5071.000 0.065
5072.000 0.063
5073.000 0.064
5074.000 0.063
5075.000 0.062
5076.000 0.063
5077.000 0.063
5078.000 0.064
5079.000 0.062
5080.000 0.064
5081.000 0.063
5082.000 0.064
5083.000 0.062
5084.000 0.061
5085.000 0.061
5086.000 0.061
5087.000 0.061
5088.000 0.062
5089.000 0.061
5090.000 0.062
5091.000 0.060
5092.000 0.060
5093.000 0.061
5094.000 0.061
5095.000 0.059
5096.000 0.059
5097.000 0.060
5098.000 0.060
5099.000 0.060
5100.000 0.059
5101.000 0.058
5102.000 0.059
5103.000 0.059
5104.000 0.058
5105.000 0.058
5106.000 0.059
5107.000 0.057
5108.000 0.059
5109.000 0.059
5110.000 0.059
5111.000 0.058
5112.000 0.059
5113.000 0.058
5114.000 0.058
5115.000 0.057
5116.000 0.058
5117.000 0.057
5118.000 0.057
5119.000 0.059
5120.000 0.058
5121.000 0.057
5122.000 0.056
5123.000 0.057
5124.000 0.056
5125.000 0.057
5126.000 0.056
5127.000 0.056
5128.000 0.056
5129.000 0.055
5130.000 0.056
5131.000 0.057
5132.000 0.056
5133.000 0.055
5134.000 0.056
5135.000 0.056
5136.000 0.055
5137.000 0.055
5138.000 0.055
5139.000 0.055
5140.000 0.055
5141.000 0.055
5142.000 0.053
5143.000 0.054
5144.000 0.054
5145.000 0.053
5146.000 0.054
5147.000 0.054
5148.000 0.054
5149.000 0.054
5150.000 0.053
5151.000 0.054
5152.000 0.052
5153.000 0.053
5154.000 0.054
5155.000 0.053
5156.000 0.053
5157.000 0.054
5158.000 0.053
5159.000 0.052
5160.000 0.051
5161.000 0.051
5162.000 0.052
5163.000 0.053
5164.000 0.051
5165.000 0.052
5166.000 0.052
5167.000 0.052
5168.000 0.052
5169.000 0.051
5170.000 0.051
5171.000 0.051
5172.000 0.051
5173.000 0.053
5174.000 0.050
5175.000 0.052
5176.000 0.051
5177.000 0.052
5178.000 0.051
5179.000 0.051
5180.000 0.050
5181.000 0.051
5182.000 0.050
5183.000 0.050
5184.000 0.049
5185.000 0.051
5186.000 0.050
5187.000 0.049
5188.000 0.049
5189.000 0.050
5190.000 0.049
5191.000 0.050
5192.000 0.049
5193.000 0.050
5194.000 0.049
5195.000 0.049
5196.000 0.049
5197.000 0.049
5198.000 0.050
5199.000 0.048
5200.000 0.049
5201.000 0.048
5202.000 0.049
5203.000 0.049
5204.000 0.049
5205.000 0.048
5206.000 0.049
5207.000 0.048
5208.000 0.049
5209.000 0.048
5210.000 0.048
5211.000 0.047
5212.000 0.050
5213.000 0.046
5214.000 0.049
5215.000 0.048
5216.000 0.047
5217.000 0.049
5218.000 0.049
5219.000 0.046
5220.000 0.047
5221.000 0.048
5222.000 0.046
5223.000 0.047
5224.000 0.048
5225.000 0.048
5226.000 0.047
5227.000 0.047
5228.000 0.046
5229.000 0.047
5230.000 0.048
5231.000 0.046
5232.000 0.048
5233.000 0.047
5234.000 0.047
5235.000 0.046
5236.000 0.046
5237.000 0.047
5238.000 0.045
5239.000 0.046
5240.000 0.045
5241.000 0.046
5242.000 0.046
5243.000 0.046
5244.000 0.046
5245.000 0.045
5246.000 0.046
5247.000 0.044
5248.000 0.046
5249.000 0.046
5250.000 0.047
5251.000 0.045
5252.000 0.046
5253.000 0.045
5254.000 0.044
5255.000 0.045
5256.000 0.045
5257.000 0.045
5258.000 0.045
5259.000 0.044
5260.000 0.046
5261.000 0.045
5262.000 0.044
5263.000 0.046
5264.000 0.044
5265.000 0.044
5266.000 0.045
5267.000 0.044
5268.000 0.045
5269.000 0.045
5270.000 0.044
5271.000 0.045
5272.000 0.045
5273.000 0.044
5274.000 0.044
5275.000 0.044
5276.000 0.044
5277.000 0.044
5278.000 0.044
5279.000 0.045
5280.000 0.045
5281.000 0.043
5282.000 0.043
5283.000 0.044
5284.000 0.045
5285.000 0.044
5286.000 0.044
5287.000 0.044
5288.000 0.044
5289.000 0.043
5290.000 0.043
5291.000 0.044
5292.000 0.045
5293.000 0.043
5294.000 0.044
5295.000 0.044
5296.000 0.044
5297.000 0.044
5298.000 0.042
5299.000 0.044
5300.000 0.043
5301.000 0.043
5302.000 0.043
5303.000 0.044
5304.000 0.043
5305.000 0.044
5306.000 0.043
5307.000 0.044
5308.000 0.044
5309.000 0.042
5310.000 0.044
5311.000 0.042
5312.000 0.043
5313.000 0.044
5314.000 0.042
5315.000 0.043
5316.000 0.042
5317.000 0.043
5318.000 0.042
5319.000 0.042
5320.000 0.041
5321.000 0.043
5322.000 0.041
5323.000 0.043
5324.000 0.043
5325.000 0.043
5326.000 0.041
5327.000 0.043
5328.000 0.042
5329.000 0.042
5330.000 0.042
5331.000 0.041
5332.000 0.043
5333.000 0.042
5334.000 0.041
5335.000 0.043
5336.000 0.041
5337.000 0.043
5338.000 0.042
5339.000 0.042
5340.000 0.043
5341.000 0.043
5342.000 0.041
5343.000 0.041
5344.000 0.042
5345.000 0.042
5346.000 0.043
5347.000 0.041
5348.000 0.042
5349.000 0.041
5350.000 0.043
5351.000 0.042
5352.000 0.041
5353.000 0.041
5354.000 0.041
5355.000 0.042
5356.000 0.042
5357.000 0.040
5358.000 0.041
5359.000 0.042
5360.000 0.042
5361.000 0.041
5362.000 0.042
5363.000 0.042
5364.000 0.041
5365.000 0.041
5366.000 0.042
5367.000 0.043
5368.000 0.041
5369.000 0.041
5370.000 0.041
5371.000 0.042
5372.000 0.041
5373.000 0.043
5374.000 0.042
5375.000 0.042
5376.000 0.041
5377.000 0.042
5378.000 0.040
5379.000 0.041
5380.000 0.042
5381.000 0.041
5382.000 0.041
5383.000 0.041
5384.000 0.040
5385.000 0.040
5386.000 0.042
5387.000 0.040
5388.000 0.040
5389.000 0.042
5390.000 0.042
5391.000 0.042
5392.000 0.042
5393.000 0.041
5394.000 0.041
5395.000 0.041
5396.000 0.041
5397.000 0.040
5398.000 0.041
5399.000 0.041
5400.000 0.041
5401.000 0.041
5402.000 0.042
5403.000 0.042
5404.000 0.042
5405.000 0.041
5406.000 0.041
5407.000 0.040
5408.000 0.040
5409.000 0.041
5410.000 0.041
5411.000 0.041
5412.000 0.042
5413.000 0.042
5414.000 0.041
5415.000 0.041
5416.000 0.042
5417.000 0.042
5418.000 0.040
5419.000 0.041
5420.000 0.041
5421.000 0.042
5422.000 0.041
5423.000 0.041
5424.000 0.041
5425.000 0.041
5426.000 0.041
5427.000 0.041
5428.000 0.040
5429.000 0.040
5430.000 0.042
5431.000 0.041
5432.000 0.041
5433.000 0.041
5434.000 0.040
5435.000 0.041
5436.000 0.041
5437.000 0.041
5438.000 0.043
5439.000 0.040
5440.000 0.041
5441.000 0.041
5442.000 0.041
5443.000 0.041
5444.000 0.041
5445.000 0.041
5446.000 0.042
5447.000 0.041
5448.000 0.040
5449.000 0.041
5450.000 0.039
5451.000 0.041
5452.000 0.043
5453.000 0.040
5454.000 0.041
5455.000 0.041
5456.000 0.041
5457.000 0.041
5458.000 0.040
5459.000 0.042
5460.000 0.042
5461.000 0.041
5462.000 0.043
5463.000 0.041
5464.000 0.041
5465.000 0.041
5466.000 0.041
5467.000 0.041
5468.000 0.041
5469.000 0.041
5470.000 0.041
5471.000 0.040
5472.000 0.041
5473.000 0.042
5474.000 0.040
5475.000 0.041
5476.000 0.043
5477.000 0.041
5478.000 0.042
5479.000 0.041
5480.000 0.042
5481.000 0.042
5482.000 0.042
5483.000 0.041
5484.000 0.042
5485.000 0.042
5486.000 0.040
5487.000 0.042
5488.000 0.043
5489.000 0.041
5490.000 0.041
5491.000 0.042
5492.000 0.042
5493.000 0.040
5494.000 0.042
5495.000 0.042
5496.000 0.042
5497.000 0.042
5498.000 0.042
5499.000 0.042
5500.000 0.042
5501.000 0.042
5502.000 0.042
5503.000 0.041
5504.000 0.042
5505.000 0.041
5506.000 0.041
5507.000 0.042
5508.000 0.042
5509.000 0.043
5510.000 0.042
5511.000 0.041
5512.000 0.041
5513.000 0.041
5514.000 0.041
5515.000 0.042
5516.000 0.043
5517.000 0.043
5518.000 0.042
5519.000 0.041
5520.000 0.041
5521.000 0.042
5522.000 0.042
5523.000 0.042
5524.000 0.043
5525.000 0.042
5526.000 0.043
5527.000 0.042
5528.000 0.043
5529.000 0.043
5530.000 0.044
5531.000 0.042
5532.000 0.043
5533.000 0.043
5534.000 0.041
5535.000 0.043
5536.000 0.043
5537.000 0.042
5538.000 0.043
5539.000 0.043
5540.000 0.043
5541.000 0.042
5542.000 0.041
5543.000 0.043
5544.000 0.043
5545.000 0.044
5546.000 0.043
5547.000 0.044
5548.000 0.043
5549.000 0.042
5550.000 0.043
5551.000 0.043
5552.000 0.043
5553.000 0.045
5554.000 0.043
5555.000 0.043
5556.000 0.044
5557.000 0.044
5558.000 0.043
5559.000 0.043
5560.000 0.043
5561.000 0.043
5562.000 0.044
5563.000 0.045
5564.000 0.044
5565.000 0.043
5566.000 0.046
5567.000 0.045
5568.000 0.043
5569.000 0.044
5570.000 0.044
5571.000 0.043
5572.000 0.044
5573.000 0.044
5574.000 0.045
5575.000 0.044
5576.000 0.045
5577.000 0.044
5578.000 0.045
5579.000 0.044
5580.000 0.045
5581.000 0.046
5582.000 0.045
5583.000 0.045
5584.000 0.045
5585.000 0.047
5586.000 0.045
5587.000 0.045
5588.000 0.045
5589.000 0.045
5590.000 0.045
5591.000 0.045
5592.000 0.046
5593.000 0.045
5594.000 0.046
5595.000 0.045
5596.000 0.045
5597.000 0.045
5598.000 0.046
5599.000 0.046
5600.000 0.047
5601.000 0.046
5602.000 0.045
5603.000 0.046
5604.000 0.046
5605.000 0.047
5606.000 0.046
5607.000 0.046
5608.000 0.047
5609.000 0.046
5610.000 0.046
5611.000 0.046
5612.000 0.047
5613.000 0.046
5614.000 0.048
5615.000 0.046
5616.000 0.046
5617.000 0.049
5618.000 0.047
5619.000 0.047
5620.000 0.047
5621.000 0.048
5622.000 0.049
5623.000 0.046
5624.000 0.047
5625.000 0.047
5626.000 0.048
5627.000 0.047
5628.000 0.046
5629.000 0.048
5630.000 0.049
5631.000 0.050
5632.000 0.048
5633.000 0.048
5634.000 0.048
5635.000 0.048
5636.000 0.048
5637.000 0.048
5638.000 0.050
5639.000 0.049
5640.000 0.050
5641.000 0.050
5642.000 0.050
5643.000 0.049
5644.000 0.050
5645.000 0.050
5646.000 0.050
5647.000 0.049
5648.000 0.050
5649.000 0.050
5650.000 0.049
5651.000 0.049
5652.000 0.051
5653.000 0.052
5654.000 0.051
5655.000 0.051
5656.000 0.050
5657.000 0.050
5658.000 0.051
5659.000 0.051
5660.000 0.051
5661.000 0.051
5662.000 0.052
5663.000 0.052
5664.000 0.052
5665.000 0.052
5666.000 0.052
5667.000 0.052
5668.000 0.053
5669.000 0.051
5670.000 0.051
5671.000 0.052
5672.000 0.053
5673.000 0.053
5674.000 0.052
5675.000 0.052
5676.000 0.053
5677.000 0.053
5678.000 0.054
5679.000 0.053
5680.000 0.053
5681.000 0.053
5682.000 0.053
5683.000 0.054
5684.000 0.053
5685.000 0.054
5686.000 0.053
5687.000 0.055
5688.000 0.054
5689.000 0.054
5690.000 0.054
5691.000 0.054
5692.000 0.054
5693.000 0.055
5694.000 0.056
5695.000 0.056
5696.000 0.055
5697.000 0.056
5698.000 0.057
5699.000 0.056
5700.000 0.056
5701.000 0.056
5702.000 0.056
5703.000 0.056
5704.000 0.057
5705.000 0.057
5706.000 0.057
5707.000 0.058
5708.000 0.058
5709.000 0.058
5710.000 0.059
5711.000 0.058
5712.000 0.057
5713.000 0.059
5714.000 0.058
5715.000 0.060
5716.000 0.058
5717.000 0.058
5718.000 0.060
5719.000 0.060
5720.000 0.060
5721.000 0.059
5722.000 0.059
5723.000 0.060
5724.000 0.059
5725.000 0.060
5726.000 0.060
5727.000 0.061
5728.000 0.060
5729.000 0.060
5730.000 0.061
5731.000 0.062
5732.000 0.062
5733.000 0.061
5734.000 0.063
5735.000 0.061
5736.000 0.061
5737.000 0.063
5738.000 0.062
5739.000 0.062
5740.000 0.064
5741.000 0.063
5742.000 0.062
5743.000 0.064
5744.000 0.064
5745.000 0.064
5746.000 0.063
5747.000 0.064
5748.000 0.065
5749.000 0.064
5750.000 0.066
5751.000 0.065
5752.000 0.065
5753.000 0.066
5754.000 0.066
5755.000 0.066
5756.000 0.066
5757.000 0.066
5758.000 0.067
5759.000 0.067
5760.000 0.067
5761.000 0.068
5762.000 0.068
5763.000 0.068
5764.000 0.070
5765.000 0.070
5766.000 0.068
5767.000 0.069
5768.000 0.069
5769.000 0.070
5770.000 0.071
5771.000 0.069
5772.000 0.071
5773.000 0.071
5774.000 0.072
5775.000 0.072
5776.000 0.073
5777.000 0.073
5778.000 0.073
5779.000 0.074
5780.000 0.072
5781.000 0.073
5782.000 0.075
5783.000 0.074
5784.000 0.074
5785.000 0.074
5786.000 0.075
5787.000 0.076
5788.000 0.077
5789.000 0.075
5790.000 0.076
5791.000 0.076
5792.000 0.078
5793.000 0.077
5794.000 0.077
5795.000 0.079
5796.000 0.078
5797.000 0.078
5798.000 0.081
5799.000 0.080
5800.000 0.081
5801.000 0.079
5802.000 0.081
5803.000 0.082
5804.000 0.081
5805.000 0.082
5806.000 0.083
5807.000 0.083
5808.000 0.083
5809.000 0.083
5810.000 0.084
5811.000 0.084
5812.000 0.085
5813.000 0.086
5814.000 0.086
5815.000 0.086
5816.000 0.086
5817.000 0.087
5818.000 0.087
5819.000 0.088
5820.000 0.089
5821.000 0.089
5822.000 0.089
5823.000 0.091
5824.000 0.092
5825.000 0.090
5826.000 0.091
5827.000 0.092
5828.000 0.093
5829.000 0.094
5830.000 0.093
5831.000 0.094
5832.000 0.094
5833.000 0.095
5834.000 0.095
5835.000 0.097
5836.000 0.096
5837.000 0.099
5838.000 0.098
5839.000 0.099
5840.000 0.100
5841.000 0.100
5842.000 0.100
5843.000 0.102
5844.000 0.100
5845.000 0.103
5846.000 0.103
5847.000 0.105
5848.000 0.105
5849.000 0.105
5850.000 0.107
5851.000 0.105
5852.000 0.108
5853.000 0.108
5854.000 0.109
5855.000 0.111
5856.000 0.110
5857.000 0.111
5858.000 0.112
5859.000 0.114
5860.000 0.114
5861.000 0.115
5862.000 0.115
5863.000 0.116
5864.000 0.118
5865.000 0.118
5866.000 0.119
5867.000 0.120
5868.000 0.121
5869.000 0.123
5870.000 0.124
5871.000 0.123
5872.000 0.125
5873.000 0.126
5874.000 0.127
5875.000 0.128
5876.000 0.130
5877.000 0.131
5878.000 0.133
5879.000 0.133
5880.000 0.134
5881.000 0.134
5882.000 0.135
5883.000 0.138
5884.000 0.138
5885.000 0.140
5886.000 0.141
5887.000 0.142
5888.000 0.145
5889.000 0.145
5890.000 0.147
5891.000 0.148
5892.000 0.150
5893.000 0.152
5894.000 0.153
5895.000 0.156
5896.000 0.156
5897.000 0.158
5898.000 0.160
5899.000 0.160
5900.000 0.165
5901.000 0.164
5902.000 0.166
5903.000 0.170
5904.000 0.172
5905.000 0.173
5906.000 0.174
5907.000 0.177
5908.000 0.179
5909.000 0.181
5910.000 0.186
5911.000 0.186
5912.000 0.189
5913.000 0.191
5914.000 0.193
5915.000 0.197
5916.000 0.199
5917.000 0.202
5918.000 0.203
5919.000 0.208
5920.000 0.213
5921.000 0.214
5922.000 0.219
5923.000 0.220
5924.000 0.226
5925.000 0.229
5926.000 0.231
5927.000 0.236
5928.000 0.242
5929.000 0.245
5930.000 0.249
5931.000 0.251
5932.000 0.258
5933.000 0.260
5934.000 0.267
5935.000 0.273
5936.000 0.277
5937.000 0.284
5938.000 0.287
5939.000 0.295
5940.000 0.303
5941.000 0.307
5942.000 0.317
5943.000 0.326
5944.000 0.331
5945.000 0.340
5946.000 0.346
5947.000 0.357
5948.000 0.366
5949.000 0.378
5950.000 0.391
5951.000 0.401
5952.000 0.416
5953.000 0.425
5954.000 0.443
5955.000 0.452
5956.000 0.472
5957.000 0.493
5958.000 0.501
5959.000 0.519
5960.000 0.526
5961.000 0.534
5962.000 0.535
5963.000 0.533
5964.000 0.518
5965.000 0.497
5966.000 0.484
5967.000 0.462
5968.000 0.451
5969.000 0.431
5970.000 0.413
5971.000 0.406
5972.000 0.391
5973.000 0.384
5974.000 0.371
5975.000 0.358
5976.000 0.352
5977.000 0.344
5978.000 0.340
5979.000 0.333
5980.000 0.329
5981.000 0.327
5982.000 0.326
5983.000 0.328
5984.000 0.332
5985.000 0.335
5986.000 0.343
5987.000 0.354
5988.000 0.361
5989.000 0.374
5990.000 0.390
5991.000 0.396
5992.000 0.411
5993.000 0.417
5994.000 0.432
5995.000 0.438
5996.000 0.454
5997.000 0.469
5998.000 0.475
5999.000 0.492
6000.000 0.512
6001.000 0.525
6002.000 0.551
6003.000 0.566
6004.000 0.601
6005.000 0.639
6006.000 0.661
6007.000 0.707
6008.000 0.733
6009.000 0.784
6010.000 0.812
6011.000 0.862
6012.000 0.902
6013.000 0.918
6014.000 0.940
6015.000 0.945
6016.000 0.938
6017.000 0.917
6018.000 0.898
6019.000 0.859
6020.000 0.835
6021.000 0.788
6022.000 0.742
6023.000 0.719
6024.000 0.675
6025.000 0.655
6026.000 0.619
6027.000 0.586
6028.000 0.570
6029.000 0.539
6030.000 0.514
6031.000 0.501
6032.000 0.478
6033.000 0.467
6034.000 0.448
6035.000 0.437
6036.000 0.420
6037.000 0.404
6038.000 0.395
6039.000 0.382
6040.000 0.376
6041.000 0.363
6042.000 0.351
6043.000 0.345
6044.000 0.335
6045.000 0.324
6046.000 0.320
6047.000 0.315
6048.000 0.307
6049.000 0.298
6050.000 0.294
6051.000 0.287
6052.000 0.280
6053.000 0.277
6054.000 0.269
6055.000 0.266
6056.000 0.260
6057.000 0.256
6058.000 0.251
6059.000 0.245
6060.000 0.243
6061.000 0.237
6062.000 0.234
6063.000 0.232
6064.000 0.225
6065.000 0.225
6066.000 0.220
6067.000 0.216
6068.000 0.213
6069.000 0.211
6070.000 0.207
6071.000 0.204
6072.000 0.205
6073.000 0.198
6074.000 0.196
6075.000 0.194
6076.000 0.191
6077.000 0.190
6078.000 0.187
6079.000 0.183
6080.000 0.182
6081.000 0.180
6082.000 0.176
6083.000 0.175
6084.000 0.172
6085.000 0.172
6086.000 0.169
6087.000 0.168
6088.000 0.165
6089.000 0.163
6090.000 0.162
6091.000 0.160
6092.000 0.159
6093.000 0.157
6094.000 0.156
6095.000 0.153
6096.000 0.151
6097.000 0.151
6098.000 0.150
6099.000 0.148
6100.000 0.146
6101.000 0.144
6102.000 0.142
6103.000 0.142
6104.000 0.140
6105.000 0.139
6106.000 0.137
6107.000 0.136
6108.000 0.134
6109.000 0.133
6110.000 0.132
6111.000 0.131
6112.000 0.128
6113.000 0.128
6114.000 0.127
6115.000 0.126
6116.000 0.125
6117.000 0.123
6118.000 0.122
6119.000 0.121
6120.000 0.120
6121.000 0.120
6122.000 0.119
6123.000 0.116
6124.000 0.116
6125.000 0.115
6126.000 0.114
6127.000 0.112
6128.000 0.110
6129.000 0.110
6130.000 0.108
6131.000 0.109
6132.000 0.108
6133.000 0.107
6134.000 0.104
6135.000 0.106
6136.000 0.105
6137.000 0.105
6138.000 0.103
6139.000 0.102
6140.000 0.103
6141.000 0.102
6142.000 0.102
6143.000 0.102
6144.000 0.104
6145.000 0.105
6146.000 0.106
6147.000 0.107
6148.000 0.108
6149.000 0.110
6150.000 0.113
6151.000 0.114
6152.000 0.116
6153.000 0.120
6154.000 0.122
6155.000 0.122
6156.000 0.123
6157.000 0.124
6158.000 0.123
6159.000 0.125
6160.000 0.124
6161.000 0.124
6162.000 0.123
6163.000 0.124
6164.000 0.123
6165.000 0.122
6166.000 0.122
6167.000 0.119
6168.000 0.120
6169.000 0.120
6170.000 0.118
6172.000 0.118
6173.000 0.117
6174.000 0.117
6175.000 0.115
6176.000 0.115
6177.000 0.114
6178.000 0.114
6179.000 0.114
6180.000 0.113
6181.000 0.113
6182.000 0.113
6183.000 0.112
6184.000 0.110
6185.000 0.111
6186.000 0.110
6187.000 0.110
6188.000 0.111
6189.000 0.109
6190.000 0.109
6191.000 0.110
6192.000 0.109
6193.000 0.109
6194.000 0.110
6195.000 0.108
6196.000 0.108
6197.000 0.108
6198.000 0.109
6199.000 0.108
6200.000 0.110
6201.000 0.108
6202.000 0.110
6203.000 0.109
6204.000 0.110
6205.000 0.109
6206.000 0.109
6207.000 0.108
6208.000 0.109
6209.000 0.109
6210.000 0.110
6211.000 0.111
6212.000 0.109
6213.000 0.110
6214.000 0.111
6215.000 0.111
6216.000 0.113
6217.000 0.114
6218.000 0.114
6219.000 0.115
6220.000 0.115
6221.000 0.116
6222.000 0.118
6223.000 0.119
6224.000 0.119
6225.000 0.122
6226.000 0.123
6227.000 0.126
6228.000 0.129
6229.000 0.129
6230.000 0.132
6231.000 0.134
6232.000 0.138
6234.000 0.141
6235.000 0.147
6236.000 0.150
6237.000 0.157
6238.000 0.161
6239.000 0.167
6240.000 0.179
6241.000 0.183
6242.000 0.196
6243.000 0.210
6244.000 0.224
6245.000 0.231
6246.000 0.237
6247.000 0.251
6248.000 0.253
6249.000 0.250
6250.000 0.231
6251.000 0.197
6252.000 0.175
6253.000 0.130
6254.000 0.095
6255.000 0.083
6256.000 0.063
6257.000 0.049
6258.000 0.043
6259.000 0.032
6260.000 0.025
6261.000 0.023
6262.000 0.019
6263.000 0.015
6264.000 0.014
6265.000 0.017
6266.000 0.016
6267.000 0.018
6268.000 0.020
6269.000 0.020
6270.000 0.023
6272.000 0.025
6273.000 0.026
6274.000 0.028
6275.000 0.028
6276.000 0.029
6277.000 0.031
6278.000 0.030
6279.000 0.033
6280.000 0.035
6281.000 0.035
6282.000 0.036
6283.000 0.037
6284.000 0.036
6285.000 0.038
6286.000 0.037
6287.000 0.039
6288.000 0.040
6289.000 0.040
6290.000 0.040
6291.000 0.040
6292.000 0.041
6293.000 0.041
6294.000 0.042
6295.000 0.043
6296.000 0.041
6297.000 0.042
6298.000 0.044
6299.000 0.044
6300.000 0.045
6301.000 0.044
6302.000 0.044
6303.000 0.045
6304.000 0.046
6305.000 0.046
6306.000 0.046
6308.000 0.046
6309.000 0.047
6310.000 0.046
6311.000 0.046
6312.000 0.047
6313.000 0.047
6314.000 0.048
6315.000 0.048
6316.000 0.047
6317.000 0.049
6318.000 0.049
6319.000 0.047
6320.000 0.049
6321.000 0.049
6322.000 0.050
6323.000 0.049
6324.000 0.049
6325.000 0.050
6326.000 0.050
6327.000 0.051
6328.000 0.050
6329.000 0.051
6330.000 0.051
6331.000 0.050
6332.000 0.052
6333.000 0.051
6334.000 0.052
6336.000 0.052
6337.000 0.052
6338.000 0.052
6339.000 0.052
6340.000 0.053
6341.000 0.053
6342.000 0.052
6343.000 0.053
6344.000 0.053
6345.000 0.055
6346.000 0.054
6347.000 0.053
6348.000 0.054
6349.000 0.053
6350.000 0.054
6351.000 0.053
6352.000 0.054
6353.000 0.055
6354.000 0.056
6355.000 0.055
6356.000 0.056
6357.000 0.056
6358.000 0.057
6359.000 0.056
6360.000 0.056
6361.000 0.057
6363.000 0.058
6364.000 0.060
6365.000 0.058
6366.000 0.059
6367.000 0.060
6368.000 0.060
6369.000 0.060
6370.000 0.060
6371.000 0.061
6372.000 0.061
6373.000 0.062
6374.000 0.063
6375.000 0.064
6376.000 0.065
6377.000 0.066
6378.000 0.067
6379.000 0.067
6380.000 0.068
6381.000 0.069
6382.000 0.070
6383.000 0.072
6384.000 0.075
6385.000 0.074
6386.000 0.074
6387.000 0.077
6388.000 0.077
6389.000 0.080
6390.000 0.082
6391.000 0.084
6393.000 0.087
6394.000 0.091
6395.000 0.093
6396.000 0.096
6397.000 0.099
6398.000 0.102
6399.000 0.105
6400.000 0.109
6401.000 0.113
6402.000 0.115
6403.000 0.118
6404.000 0.120
6405.000 0.119
6406.000 0.118
6407.000 0.114
6408.000 0.109
6409.000 0.100
6410.000 0.087
6411.000 0.080
6412.000 0.070
6413.000 0.059
6414.000 0.053
6416.000 0.045
6417.000 0.039
6418.000 0.033
6419.000 0.028
6420.000 0.022
6421.000 0.019
6422.000 0.016
6423.000 0.014
6424.000 0.012
6425.000 0.011
6426.000 0.009
6427.000 0.008
6428.000 0.008
6429.000 0.008
6431.000 0.009
6432.000 0.009
6433.000 0.010
6434.000 0.010
6435.000 0.012
6436.000 0.012
6437.000 0.013
6438.000 0.014
6439.000 0.015
6440.000 0.015
6441.000 0.016
6442.000 0.016
6443.000 0.017
6444.000 0.017
6445.000 0.018
6446.000 0.019
6447.000 0.020
6448.000 0.019
6449.000 0.019
6450.000 0.021
6451.000 0.021
6452.000 0.021
6453.000 0.021
6454.000 0.022
6456.000 0.023
6457.000 0.022
6458.000 0.023
6459.000 0.022
6460.000 0.023
6461.000 0.023
6462.000 0.023
6463.000 0.025
6464.000 0.023
6465.000 0.024
6466.000 0.025
6467.000 0.024
6468.000 0.025
6469.000 0.025
6470.000 0.024
6471.000 0.026
6472.000 0.026
6474.000 0.027
6475.000 0.027
6476.000 0.026
6477.000 0.027
6478.000 0.026
6479.000 0.026
6480.000 0.027
6481.000 0.027
6482.000 0.027
6483.000 0.028
6484.000 0.027
6485.000 0.027
6486.000 0.027
6487.000 0.027
6488.000 0.028
6489.000 0.028
6490.000 0.028
6491.000 0.029
6492.000 0.029
6493.000 0.029
6494.000 0.030
6495.000 0.028
6496.000 0.029
6497.000 0.029
6499.000 0.029
6500.000 0.030
6501.000 0.029
6502.000 0.030
6503.000 0.030
6504.000 0.029
6505.000 0.029
6506.000 0.030
6507.000 0.028
6508.000 0.029
6509.000 0.030
6510.000 0.031
6511.000 0.030
6512.000 0.030
6513.000 0.030
6514.000 0.029
6515.000 0.030
6517.000 0.029
6518.000 0.030
6519.000 0.031
6520.000 0.030
6521.000 0.031
6522.000 0.032
6523.000 0.031
6524.000 0.031
6525.000 0.031
6526.000 0.030
6527.000 0.031
6528.000 0.032
6529.000 0.031
6530.000 0.032
6531.000 0.031
6532.000 0.031
6533.000 0.030
6534.000 0.030
6535.000 0.031
6536.000 0.031
6537.000 0.032
6538.000 0.031
6539.000 0.033
6541.000 0.031
6542.000 0.032
6543.000 0.033
6544.000 0.031
6545.000 0.032
6546.000 0.032
6547.000 0.031
6548.000 0.032
6549.000 0.031
6550.000 0.032
6551.000 0.032
6552.000 0.032
6553.000 0.032
6554.000 0.032
6555.000 0.032
6556.000 0.033
6557.000 0.033
6559.000 0.033
6560.000 0.031
6561.000 0.032
6562.000 0.033
6563.000 0.033
6564.000 0.033
6565.000 0.033
6566.000 0.033
6567.000 0.032
6568.000 0.033
6569.000 0.033
6570.000 0.031
6571.000 0.033
6572.000 0.033
6573.000 0.033
6575.000 0.033
6576.000 0.033
6577.000 0.033
6578.000 0.032
6579.000 0.033
6580.000 0.033
6581.000 0.033
6582.000 0.032
6583.000 0.033
6584.000 0.033
6585.000 0.033
6586.000 0.034
6587.000 0.033
6588.000 0.033
6589.000 0.033
6590.000 0.033
6591.000 0.034
6593.000 0.033
6594.000 0.033
6595.000 0.034
6596.000 0.033
6597.000 0.034
6598.000 0.033
6599.000 0.034
6600.000 0.033
6601.000 0.033
6602.000 0.034
6603.000 0.033
6604.000 0.035
6605.000 0.033
6607.000 0.032
6608.000 0.034
6609.000 0.034
6610.000 0.034
6611.000 0.035
6612.000 0.034
6613.000 0.035
6614.000 0.033
6615.000 0.035
6616.000 0.034
6617.000 0.034
6618.000 0.034
6619.000 0.035
6620.000 0.035
6622.000 0.035
6623.000 0.034
6624.000 0.034
6625.000 0.034
6626.000 0.034
6627.000 0.035
6628.000 0.034
6629.000 0.034
6630.000 0.034
6631.000 0.035
6632.000 0.034
6633.000 0.034
6634.000 0.035
6635.000 0.034
6636.000 0.035
6637.000 0.035
6639.000 0.035
6640.000 0.035
6641.000 0.035
6642.000 0.034
6643.000 0.036
6644.000 0.036
6645.000 0.035
6646.000 0.034
6647.000 0.035
6648.000 0.035
6649.000 0.034
6650.000 0.036
6651.000 0.035
6652.000 0.035
6653.000 0.035
6654.000 0.034
6655.000 0.036
6656.000 0.036
6657.000 0.035
6659.000 0.037
6660.000 0.035
6661.000 0.035
6662.000 0.036
6663.000 0.035
6664.000 0.036
6665.000 0.035
6666.000 0.035
6667.000 0.036
6668.000 0.037
6669.000 0.036
6670.000 0.036
6671.000 0.035
6672.000 0.037
6673.000 0.037
6674.000 0.036
6676.000 0.035
6677.000 0.036
6678.000 0.035
6679.000 0.036
6680.000 0.037
6681.000 0.036
6682.000 0.037
6683.000 0.037
6684.000 0.036
6685.000 0.037
6686.000 0.036
6687.000 0.038
6688.000 0.036
6689.000 0.038
6690.000 0.037
6692.000 0.037
6693.000 0.037
6694.000 0.037
6695.000 0.037
6696.000 0.038
6697.000 0.037
6698.000 0.039
6699.000 0.038
6700.000 0.038
6701.000 0.038
6702.000 0.037
6703.000 0.037
6705.000 0.037
6706.000 0.038
6707.000 0.037
6708.000 0.038
6709.000 0.038
6710.000 0.038
6711.000 0.038
6712.000 0.039
6713.000 0.038
6714.000 0.038
6715.000 0.037
6716.000 0.039
6717.000 0.038
6718.000 0.040
6720.000 0.038
6721.000 0.038
6722.000 0.039
6723.000 0.039
6724.000 0.039
6725.000 0.038
6726.000 0.039
6727.000 0.038
6728.000 0.038
6729.000 0.039
6730.000 0.039
6732.000 0.039
6733.000 0.038
6734.000 0.039
6735.000 0.039
6736.000 0.040
6737.000 0.039
6738.000 0.040
6739.000 0.040
6741.000 0.040
6742.000 0.039
6743.000 0.039
6744.000 0.039
6745.000 0.041
6746.000 0.041
6747.000 0.041
6748.000 0.041
6750.000 0.040
6751.000 0.040
6752.000 0.040
6753.000 0.042
6754.000 0.041
6755.000 0.041
6756.000 0.041
6757.000 0.041
6758.000 0.041
6759.000 0.041
6760.000 0.041
6761.000 0.041
6763.000 0.041
6764.000 0.041
6765.000 0.041
6766.000 0.042
6767.000 0.042
6768.000 0.042
6769.000 0.042
6770.000 0.042
6771.000 0.042
6772.000 0.042
6773.000 0.042
6774.000 0.041
6775.000 0.043
6777.000 0.042
6778.000 0.043
6779.000 0.042
6780.000 0.043
6781.000 0.043
6782.000 0.043
6783.000 0.043
6784.000 0.043
6785.000 0.044
6786.000 0.044
6787.000 0.044
6788.000 0.044
6790.000 0.044
6791.000 0.044
6792.000 0.043
6793.000 0.045
6794.000 0.043
6795.000 0.044
6796.000 0.044
6797.000 0.045
6798.000 0.045
6799.000 0.045
6800.000 0.044
6801.000 0.044
6802.000 0.045
6803.000 0.045
6805.000 0.044
6806.000 0.045
6807.000 0.045
6808.000 0.045
6809.000 0.045
6810.000 0.045
6811.000 0.046
6812.000 0.047
6813.000 0.046
6814.000 0.046
6815.000 0.046
6816.000 0.047
6818.000 0.046
6819.000 0.046
6820.000 0.045
6821.000 0.047
6822.000 0.047
6823.000 0.046
6824.000 0.047
6825.000 0.047
6826.000 0.048
6827.000 0.047
6828.000 0.048
6829.000 0.048
6830.000 0.047
6831.000 0.048
6832.000 0.048
6833.000 0.047
6835.000 0.049
6836.000 0.049
6837.000 0.050
6838.000 0.049
6839.000 0.049
6840.000 0.049
6841.000 0.049
6842.000 0.050
6843.000 0.050
6844.000 0.049
6845.000 0.050
6846.000 0.051
6848.000 0.051
6849.000 0.050
6850.000 0.050
6851.000 0.050
6852.000 0.051
6853.000 0.051
6854.000 0.051
6855.000 0.051
6856.000 0.051
6857.000 0.051
6858.000 0.052
6860.000 0.053
6861.000 0.051
6862.000 0.052
6863.000 0.052
6864.000 0.053
6865.000 0.053
6866.000 0.054
6867.000 0.054
6868.000 0.053
6869.000 0.053
6870.000 0.054
6871.000 0.053
6872.000 0.052
6873.000 0.054
6875.000 0.055
6876.000 0.055
6877.000 0.054
6878.000 0.055
6879.000 0.055
6880.000 0.055
6881.000 0.055
6882.000 0.055
6883.000 0.058
6884.000 0.056
6885.000 0.057
6886.000 0.057
6888.000 0.057
6889.000 0.057
6890.000 0.057
6891.000 0.058
6892.000 0.057
6893.000 0.058
6894.000 0.059
6895.000 0.059
6896.000 0.058
6898.000 0.059
6899.000 0.059
6900.000 0.058
6901.000 0.060
6902.000 0.061
6903.000 0.060
6904.000 0.060
6905.000 0.061
6906.000 0.060
6908.000 0.060
6909.000 0.061
6910.000 0.062
6911.000 0.061
6912.000 0.063
6913.000 0.064
6914.000 0.062
6915.000 0.061
6916.000 0.062
6917.000 0.063
6919.000 0.064
6920.000 0.063
6921.000 0.063
6922.000 0.064
6923.000 0.066
6924.000 0.066
6925.000 0.065
6926.000 0.067
6927.000 0.066
6928.000 0.066
6929.000 0.066
6931.000 0.067
6932.000 0.067
6933.000 0.068
6934.000 0.068
6935.000 0.068
6936.000 0.070
6937.000 0.069
6938.000 0.069
6939.000 0.069
6940.000 0.070
6942.000 0.070
6943.000 0.070
6944.000 0.071
6945.000 0.070
6946.000 0.072
6947.000 0.071
6948.000 0.072
6949.000 0.073
6950.000 0.073
6951.000 0.074
6953.000 0.074
6954.000 0.073
6955.000 0.075
6956.000 0.074
6957.000 0.076
6958.000 0.075
6959.000 0.077
6960.000 0.077
6961.000 0.076
6962.000 0.079
6964.000 0.078
6965.000 0.079
6966.000 0.079
6967.000 0.080
6968.000 0.080
6969.000 0.081
6970.000 0.080
6971.000 0.081
6972.000 0.081
6973.000 0.082
6975.000 0.083
6976.000 0.083
6977.000 0.084
6978.000 0.085
6979.000 0.085
6980.000 0.085
6981.000 0.084
6982.000 0.086
6984.000 0.087
6985.000 0.087
6986.000 0.088
6987.000 0.089
6988.000 0.090
6989.000 0.090
6990.000 0.090
6992.000 0.091
6993.000 0.091
6994.000 0.092
6995.000 0.092
6996.000 0.094
6997.000 0.094
6998.000 0.095
6999.000 0.095
7000.000 0.095
7001.000 0.096
7002.000 0.097
7003.000 0.098
7005.000 0.099
7006.000 0.100
7007.000 0.100
7008.000 0.101
7009.000 0.102
7010.000 0.103
7011.000 0.102
7012.000 0.104
7013.000 0.103
7014.000 0.105
7015.000 0.106
7016.000 0.108
7017.000 0.107
7019.000 0.109
7020.000 0.109
7021.000 0.112
7022.000 0.112
7023.000 0.112
7024.000 0.115
7025.000 0.115
7026.000 0.115
7027.000 0.116
7028.000 0.117
7029.000 0.118
7030.000 0.119
7031.000 0.120
7033.000 0.122
7034.000 0.122
7035.000 0.124
7036.000 0.126
7037.000 0.125
7038.000 0.128
7039.000 0.128
7040.000 0.129
7041.000 0.131
7043.000 0.132
7044.000 0.134
7045.000 0.134
7046.000 0.136
7047.000 0.139
7048.000 0.139
7049.000 0.141
7050.000 0.143
7051.000 0.144
7053.000 0.146
7054.000 0.147
7055.000 0.149
7056.000 0.149
7057.000 0.153
7058.000 0.154
7059.000 0.156
7060.000 0.158
7061.000 0.159
7062.000 0.161
7064.000 0.162
7065.000 0.166
7066.000 0.167
7067.000 0.170
7068.000 0.173
7069.000 0.174
7070.000 0.177
7071.000 0.178
7072.000 0.181
7073.000 0.184
7074.000 0.186
7076.000 0.188
7077.000 0.193
7078.000 0.194
7079.000 0.197
7080.000 0.201
7081.000 0.204
7082.000 0.206
7083.000 0.209
7084.000 0.214
7085.000 0.216
7087.000 0.221
7088.000 0.226
7089.000 0.228
7090.000 0.232
7091.000 0.238
7092.000 0.243
7093.000 0.245
7094.000 0.249
7095.000 0.255
7096.000 0.258
7098.000 0.267
7099.000 0.269
7100.000 0.276
7101.000 0.285
7102.000 0.291
7103.000 0.295
7104.000 0.301
7105.000 0.311
7106.000 0.315
7107.000 0.323
7109.000 0.333
7110.000 0.342
7111.000 0.352
7112.000 0.363
7113.000 0.375
7114.000 0.381
7115.000 0.393
7116.000 0.407
7117.000 0.412
7119.000 0.426
7120.000 0.440
7121.000 0.457
7122.000 0.472
7123.000 0.491
7124.000 0.507
7125.000 0.517
7126.000 0.534
7127.000 0.551
7129.000 0.565
7130.000 0.580
7131.000 0.593
7132.000 0.602
7133.000 0.605
7134.000 0.610
7135.000 0.609
7136.000 0.605
7138.000 0.594
7139.000 0.590
7140.000 0.579
7141.000 0.569
7142.000 0.562
7143.000 0.563
7144.000 0.563
7145.000 0.568
7146.000 0.573
7147.000 0.580
7149.000 0.583
7150.000 0.579
7151.000 0.568
7152.000 0.558
7153.000 0.536
7154.000 0.523
7155.000 0.496
7157.000 0.470
7158.000 0.443
7159.000 0.414
7160.000 0.389
7161.000 0.362
7162.000 0.350
7163.000 0.328
7164.000 0.304
7165.000 0.296
7167.000 0.269
7168.000 0.250
7169.000 0.233
7170.000 0.217
7172.000 0.205
7173.000 0.192
7174.000 0.186
7175.000 0.176
7176.000 0.164
7177.000 0.156
7178.000 0.154
7179.000 0.149
7180.000 0.145
7181.000 0.144
7182.000 0.144
7183.000 0.146
7185.000 0.150
7186.000 0.156
7187.000 0.165
7188.000 0.171
7189.000 0.181
7190.000 0.195
7191.000 0.209
7192.000 0.225
7194.000 0.240
7195.000 0.256
7196.000 0.275
7197.000 0.284
7198.000 0.301
7199.000 0.319
7200.000 0.336
7202.000 0.347
7203.000 0.361
7204.000 0.371
7205.000 0.375
7206.000 0.380
7207.000 0.384
7208.000 0.384
7209.000 0.382
7211.000 0.381
7212.000 0.373
7213.000 0.369
7214.000 0.360
7215.000 0.353
7216.000 0.349
7217.000 0.342
7219.000 0.334
7220.000 0.327
7221.000 0.321
7222.000 0.314
7223.000 0.307
7224.000 0.306
7225.000 0.301
7226.000 0.299
7227.000 0.297
7228.000 0.293
7230.000 0.290
7231.000 0.288
7232.000 0.286
7233.000 0.283
7234.000 0.280
7235.000 0.275
7236.000 0.269
7237.000 0.266
7238.000 0.258
7239.000 0.253
7241.000 0.247
7242.000 0.239
7243.000 0.233
7244.000 0.230
7245.000 0.224
7246.000 0.220
7247.000 0.216
7248.000 0.211
7249.000 0.205
7250.000 0.202
7252.000 0.196
7253.000 0.193
7254.000 0.190
7255.000 0.188
7256.000 0.186
7257.000 0.181
7258.000 0.179
7259.000 0.176
7260.000 0.173
7261.000 0.170
7263.000 0.168
7264.000 0.165
7265.000 0.163
7266.000 0.161
7267.000 0.159
7268.000 0.157
7269.000 0.155
7270.000 0.154
7271.000 0.151
7272.000 0.150
7274.000 0.148
7275.000 0.146
7276.000 0.144
7277.000 0.142
7278.000 0.141
7279.000 0.139
7280.000 0.139
7281.000 0.136
7282.000 0.134
7283.000 0.132
7285.000 0.133
7286.000 0.131
7287.000 0.129
7288.000 0.128
7289.000 0.127
7290.000 0.127
7291.000 0.124
7292.000 0.122
7293.000 0.122
7294.000 0.122
7296.000 0.120
7297.000 0.119
7298.000 0.118
7299.000 0.117
7300.000 0.116
7301.000 0.116
7302.000 0.113
7303.000 0.113
7305.000 0.112
7306.000 0.111
7307.000 0.109
7308.000 0.109
7309.000 0.107
7310.000 0.107
7311.000 0.108
7312.000 0.106
7314.000 0.104
7315.000 0.104
7316.000 0.103
7317.000 0.103
7318.000 0.102
7319.000 0.100
7320.000 0.101
7322.000 0.100
7323.000 0.097
7324.000 0.098
7325.000 0.095
7326.000 0.096
7327.000 0.095
7328.000 0.094
7330.000 0.094
7331.000 0.094
7332.000 0.093
7333.000 0.091
7334.000 0.091
7335.000 0.091
7336.000 0.089
7338.000 0.090
7339.000 0.089
7340.000 0.088
7341.000 0.088
7342.000 0.087
7343.000 0.086
7344.000 0.086
7346.000 0.086
7347.000 0.085
7348.000 0.084
7349.000 0.084
7350.000 0.084
7351.000 0.082
7352.000 0.082
7354.000 0.083
7355.000 0.083
7356.000 0.081
7357.000 0.083
7358.000 0.082
7359.000 0.083
7361.000 0.082
7362.000 0.083
7363.000 0.083
7364.000 0.085
7365.000 0.084
7366.000 0.085
7367.000 0.084
7368.000 0.086
7370.000 0.086
7371.000 0.087
7372.000 0.086
7373.000 0.087
7374.000 0.087
7375.000 0.087
7376.000 0.086
7378.000 0.085
7379.000 0.085
7380.000 0.086
7381.000 0.084
7382.000 0.084
7383.000 0.084
7385.000 0.084
7386.000 0.083
7387.000 0.082
7388.000 0.082
7389.000 0.081
7390.000 0.081
7391.000 0.082
7392.000 0.081
7394.000 0.080
7395.000 0.080
7396.000 0.080
7397.000 0.080
7398.000 0.080
7399.000 0.079
7400.000 0.079
7402.000 0.079
7403.000 0.078
7404.000 0.077
7405.000 0.077
7406.000 0.078
7407.000 0.076
7409.000 0.075
7410.000 0.076
7411.000 0.075
7412.000 0.075
7413.000 0.075
7414.000 0.076
7415.000 0.075
7416.000 0.075
7418.000 0.073
7419.000 0.074
7420.000 0.074
7421.000 0.073
7422.000 0.074
7423.000 0.073
7424.000 0.072
7426.000 0.072
7427.000 0.073
7428.000 0.072
7429.000 0.072
7430.000 0.071
7431.000 0.071
7433.000 0.071
7434.000 0.070
7435.000 0.071
7436.000 0.071
7437.000 0.070
7438.000 0.069
7439.000 0.070
7441.000 0.070
7442.000 0.070
7443.000 0.070
7444.000 0.069
7445.000 0.068
7446.000 0.068
7447.000 0.069
7448.000 0.070
7450.000 0.069
7451.000 0.068
7452.000 0.069
7453.000 0.068
7454.000 0.068
7455.000 0.066
7457.000 0.068
7458.000 0.067
7459.000 0.067
7460.000 0.067
7461.000 0.068
7462.000 0.068
7463.000 0.068
7465.000 0.065
7466.000 0.067
7467.000 0.066
7468.000 0.066
7469.000 0.067
7470.000 0.066
7471.000 0.065
7472.000 0.065
7474.000 0.065
7475.000 0.065
7476.000 0.065
7477.000 0.065
7478.000 0.064
7479.000 0.065
7481.000 0.066
7482.000 0.064
7483.000 0.065
7484.000 0.065
7485.000 0.065
7486.000 0.064
7487.000 0.064
7489.000 0.066
7490.000 0.064
7491.000 0.064
7492.000 0.064
7493.000 0.064
7494.000 0.064
7495.000 0.064
7496.000 0.064
7498.000 0.063
7499.000 0.063
7500.000 0.063
7501.000 0.064
7502.000 0.064
7503.000 0.064
7504.000 0.063
7505.000 0.063
7506.000 0.064
7508.000 0.063
7509.000 0.063
7510.000 0.062
7511.000 0.064
7512.000 0.063
7513.000 0.063
7514.000 0.062
7516.000 0.062
7517.000 0.063
7518.000 0.063
7519.000 0.062
7520.000 0.062
7521.000 0.063
7522.000 0.063
7524.000 0.063
7525.000 0.063
7526.000 0.062
7527.000 0.063
7528.000 0.062
7529.000 0.062
7530.000 0.061
7531.000 0.062
7533.000 0.063
7534.000 0.063
7535.000 0.061
7536.000 0.061
7537.000 0.063
7538.000 0.062
7540.000 0.063
7541.000 0.062
7542.000 0.061
7543.000 0.062
7544.000 0.061
7545.000 0.063
7546.000 0.062
7548.000 0.063
7549.000 0.063
7550.000 0.062
7551.000 0.062
7552.000 0.062
7553.000 0.061
7554.000 0.063
7556.000 0.062
7557.000 0.062
7558.000 0.064
7559.000 0.062
7560.000 0.063
7561.000 0.062
7563.000 0.063
7564.000 0.063
7565.000 0.062
7566.000 0.062
7567.000 0.063
7568.000 0.062
7569.000 0.062
7570.000 0.064
7572.000 0.063
7573.000 0.063
7574.000 0.062
7575.000 0.062
7576.000 0.062
7577.000 0.063
7578.000 0.062
7580.000 0.063
7581.000 0.064
7582.000 0.063
7583.000 0.064
7584.000 0.063
7585.000 0.063
7586.000 0.065
7587.000 0.063
7589.000 0.064
7590.000 0.063
7591.000 0.063
7592.000 0.064
7593.000 0.063
7595.000 0.064
7596.000 0.064
7597.000 0.064
7598.000 0.065
7599.000 0.065
7600.000 0.064
7601.000 0.064
7602.000 0.065
7604.000 0.064
7605.000 0.065
7606.000 0.065
7607.000 0.065
7608.000 0.066
7609.000 0.065
7610.000 0.065
7612.000 0.066
7613.000 0.066
7614.000 0.066
7615.000 0.066
7616.000 0.067
7617.000 0.067
7619.000 0.068
7620.000 0.068
7621.000 0.068
7622.000 0.068
7623.000 0.067
7624.000 0.068
7625.000 0.067
7626.000 0.070
7628.000 0.069
7629.000 0.071
7630.000 0.070
7631.000 0.069
7632.000 0.070
7633.000 0.070
7634.000 0.070
7636.000 0.071
7637.000 0.072
7638.000 0.072
7639.000 0.073
7640.000 0.074
7641.000 0.073
7643.000 0.074
7644.000 0.073
7645.000 0.074
7646.000 0.075
7647.000 0.075
7648.000 0.076
7649.000 0.076
7650.000 0.075
7652.000 0.078
7653.000 0.077
7654.000 0.079
7655.000 0.079
7656.000 0.080
7657.000 0.079
7659.000 0.081
7660.000 0.082
7661.000 0.082
7662.000 0.083
7663.000 0.083
7664.000 0.085
7665.000 0.084
7666.000 0.085
7668.000 0.086
7669.000 0.088
7670.000 0.089
7671.000 0.091
7672.000 0.091
7673.000 0.093
7675.000 0.094
7676.000 0.095
7677.000 0.098
7678.000 0.099
7679.000 0.101
7680.000 0.103
7681.000 0.104
7682.000 0.106
7684.000 0.108
7685.000 0.111
7686.000 0.114
7687.000 0.117
7688.000 0.120
7689.000 0.125
7690.000 0.128
7692.000 0.132
7693.000 0.140
7694.000 0.146
7695.000 0.153
7696.000 0.162
7697.000 0.172
7699.000 0.181
7700.000 0.193
7701.000 0.203
7702.000 0.206
7703.000 0.205
7704.000 0.189
7705.000 0.153
7706.000 0.130
7708.000 0.089
7709.000 0.063
7710.000 0.066
7711.000 0.072
7712.000 0.080
7713.000 0.087
7714.000 0.096
7716.000 0.105
7717.000 0.122
7718.000 0.128
7719.000 0.141
7720.000 0.157
7721.000 0.174
7723.000 0.190
7724.000 0.216
7725.000 0.245
7726.000 0.262
7727.000 0.301
7728.000 0.350
7729.000 0.402
7731.000 0.457
7732.000 0.502
7733.000 0.523
7734.000 0.495
7735.000 0.458
7736.000 0.350
7737.000 0.256
7738.000 0.210
7740.000 0.182
7741.000 0.152
7742.000 0.134
7743.000 0.116
7744.000 0.110
7745.000 0.096
7747.000 0.089
7748.000 0.081
7749.000 0.071
7750.000 0.064
7751.000 0.059
7752.000 0.056
7753.000 0.051
7755.000 0.049
7756.000 0.042
7757.000 0.039
7758.000 0.035
7759.000 0.034
7760.000 0.032
7761.000 0.028
7762.000 0.025
7764.000 0.024
7765.000 0.021
7766.000 0.020
7767.000 0.018
7768.000 0.017
7769.000 0.015
7770.000 0.014
7772.000 0.013
7773.000 0.010
7774.000 0.009
7775.000 0.010
7776.000 0.007
7777.000 0.006
7779.000 0.006
7780.000 0.007
7781.000 0.006
7782.000 0.006
7783.000 0.007
7784.000 0.005
7785.000 0.008
7787.000 0.007
7788.000 0.008
7789.000 0.009
7790.000 0.010
7791.000 0.010
7792.000 0.010
7793.000 0.010
7795.000 0.013
7796.000 0.014
7797.000 0.014
7798.000 0.013
7799.000 0.013
7800.000 0.015
7801.000 0.015
7803.000 0.015
7804.000 0.015
7805.000 0.015
7806.000 0.018
7807.000 0.018
7808.000 0.018
7809.000 0.018
7810.000 0.018
7812.000 0.019
7813.000 0.020
7814.000 0.019
7815.000 0.020
7816.000 0.021
7817.000 0.021
7818.000 0.022
7820.000 0.021
7821.000 0.022
7822.000 0.024
7823.000 0.024
7824.000 0.023
7825.000 0.023
7827.000 0.024
7828.000 0.024
7829.000 0.025
7830.000 0.025
7831.000 0.025
7832.000 0.026
7833.000 0.026
7835.000 0.027
7836.000 0.026
7837.000 0.027
7838.000 0.027
7839.000 0.028
7840.000 0.028
7841.000 0.029
7843.000 0.030
7844.000 0.030
7845.000 0.029
7846.000 0.029
7847.000 0.031
7848.000 0.031
7850.000 0.032
7851.000 0.032
7852.000 0.031
7853.000 0.033
7854.000 0.033
7856.000 0.033
7857.000 0.033
7858.000 0.035
7859.000 0.036
7860.000 0.036
7861.000 0.036
7863.000 0.036
7864.000 0.037
7865.000 0.038
7866.000 0.039
7867.000 0.039
7869.000 0.041
7870.000 0.040
7871.000 0.042
7872.000 0.043
7873.000 0.044
7874.000 0.046
7875.000 0.047
7877.000 0.048
7878.000 0.049
7879.000 0.052
7880.000 0.054
7881.000 0.055
7882.000 0.059
7883.000 0.063
7885.000 0.064
7886.000 0.068
7887.000 0.069
7888.000 0.071
7889.000 0.070
7890.000 0.066
7892.000 0.058
7893.000 0.046
7894.000 0.035
7895.000 0.025
7896.000 0.020
7898.000 0.018
7899.000 0.016
7900.000 0.013
7901.000 0.015
7902.000 0.015
7903.000 0.015
7905.000 0.017
7906.000 0.018
7907.000 0.019
7908.000 0.020
7909.000 0.020
7911.000 0.020
7912.000 0.022
7913.000 0.023
7914.000 0.024
7915.000 0.023
7916.000 0.025
7917.000 0.025
7919.000 0.024
7920.000 0.025
7921.000 0.026
7922.000 0.028
7923.000 0.027
7924.000 0.026
7926.000 0.028
7927.000 0.028
7928.000 0.028
7929.000 0.028
7930.000 0.028
7932.000 0.029
7933.000 0.031
7934.000 0.030
7935.000 0.030
7936.000 0.031
7937.000 0.031
7938.000 0.031
7940.000 0.031
7941.000 0.032
7942.000 0.031
7943.000 0.032
7944.000 0.032
7945.000 0.032
7947.000 0.033
7948.000 0.033
7949.000 0.033
7950.000 0.034
7951.000 0.033
7953.000 0.033
7954.000 0.034
7955.000 0.035
7956.000 0.033
7957.000 0.034
7958.000 0.034
7959.000 0.033
7961.000 0.035
7962.000 0.035
7963.000 0.036
7964.000 0.035
7965.000 0.037
7966.000 0.035
7968.000 0.036
7969.000 0.035
7970.000 0.036
7971.000 0.037
7973.000 0.037
7974.000 0.037
7975.000 0.037
7976.000 0.037
7977.000 0.038
7979.000 0.038
7980.000 0.039
7981.000 0.038
7982.000 0.038
7983.000 0.039
7984.000 0.039
7985.000 0.039
7987.000 0.039
7988.000 0.039
7989.000 0.040
7990.000 0.040
7991.000 0.041
7992.000 0.040
7994.000 0.041
7995.000 0.041
7996.000 0.041
7997.000 0.040
7998.000 0.040
8000.000 0.041
8001.000 0.041
8002.000 0.042
8003.000 0.042
8004.000 0.042
8005.000 0.042
8007.000 0.044
8008.000 0.043
8009.000 0.043
8010.000 0.043
8012.000 0.044
8013.000 0.044
8014.000 0.044
8015.000 0.043
8016.000 0.044
8018.000 0.044
8019.000 0.044
8020.000 0.045
8021.000 0.045
8022.000 0.045
8023.000 0.045
8025.000 0.046
8026.000 0.044
8027.000 0.047
8028.000 0.046
8030.000 0.047
8031.000 0.049
8032.000 0.047
8033.000 0.048
8034.000 0.047
8036.000 0.048
8037.000 0.048
8038.000 0.048
8039.000 0.048
8040.000 0.048
8041.000 0.048
8043.000 0.049
8044.000 0.049
8045.000 0.049
8046.000 0.050
8047.000 0.050
8049.000 0.050
8050.000 0.050
8051.000 0.051
8052.000 0.051
8053.000 0.050
8054.000 0.051
8056.000 0.052
8057.000 0.050
8058.000 0.051
8059.000 0.052
8060.000 0.052
8062.000 0.053
8063.000 0.052
8064.000 0.053
8065.000 0.052
8066.000 0.052
8067.000 0.053
8069.000 0.053
8070.000 0.054
8071.000 0.055
8072.000 0.055
8073.000 0.055
8075.000 0.056
8076.000 0.055
8077.000 0.057
8078.000 0.057
8079.000 0.056
8080.000 0.057
8082.000 0.057
8083.000 0.057
8084.000 0.057
8085.000 0.057
8086.000 0.059
8088.000 0.058
8089.000 0.058
8090.000 0.058
8091.000 0.060
8092.000 0.061
8094.000 0.060
8095.000 0.059
8096.000 0.061
8097.000 0.061
8098.000 0.061
8100.000 0.062
8101.000 0.062
8102.000 0.062
8103.000 0.063
8105.000 0.064
8106.000 0.064
8107.000 0.063
8108.000 0.065
8109.000 0.065
8111.000 0.065
8112.000 0.065
8113.000 0.066
8114.000 0.066
8115.000 0.067
8116.000 0.067
8118.000 0.068
8119.000 0.068
8120.000 0.068
8121.000 0.068
8123.000 0.070
8124.000 0.070
8125.000 0.070
8126.000 0.070
8127.000 0.070
8129.000 0.071
8130.000 0.072
8131.000 0.073
8132.000 0.073
8133.000 0.073
8134.000 0.073
8136.000 0.074
8137.000 0.074
8138.000 0.075
8139.000 0.075
8140.000 0.076
8142.000 0.077
8143.000 0.077
8144.000 0.077
8145.000 0.078
8146.000 0.078
8147.000 0.078
8149.000 0.079
8150.000 0.080
8151.000 0.081
8152.000 0.081
8154.000 0.082
8155.000 0.084
8156.000 0.084
8157.000 0.085
8158.000 0.085
8160.000 0.086
8161.000 0.086
8162.000 0.088
8163.000 0.088
8164.000 0.088
8165.000 0.089
8167.000 0.089
8168.000 0.090
8169.000 0.091
8170.000 0.092
8171.000 0.093
8173.000 0.092
8174.000 0.093
8175.000 0.096
8176.000 0.095
8177.000 0.096
8178.000 0.096
8180.000 0.098
8181.000 0.100
8182.000 0.101
8183.000 0.101
8185.000 0.102
8186.000 0.104
8187.000 0.104
8188.000 0.105
8190.000 0.107
8191.000 0.107
8192.000 0.109
8193.000 0.110
8195.000 0.111
8196.000 0.112
8197.000 0.113
8198.000 0.115
8199.000 0.116
8201.000 0.117
8202.000 0.119
8203.000 0.119
8204.000 0.120
8205.000 0.123
8206.000 0.123
8208.000 0.125
8209.000 0.126
8210.000 0.128
8211.000 0.129
8213.000 0.131
8214.000 0.133
8215.000 0.135
8216.000 0.138
8218.000 0.138
8219.000 0.140
8220.000 0.143
8221.000 0.144
8223.000 0.147
8224.000 0.150
8225.000 0.151
8226.000 0.152
8227.000 0.154
8229.000 0.157
8230.000 0.158
8231.000 0.163
8232.000 0.166
8233.000 0.168
8234.000 0.171
8236.000 0.173
8237.000 0.175
8238.000 0.179
8239.000 0.181
8240.000 0.185
8242.000 0.188
8243.000 0.191
8244.000 0.197
8245.000 0.200
8247.000 0.203
8248.000 0.209
8249.000 0.210
8250.000 0.215
8251.000 0.221
8252.000 0.225
8254.000 0.230
8255.000 0.233
8256.000 0.239
8257.000 0.246
8259.000 0.251
8260.000 0.261
8261.000 0.265
8262.000 0.272
8264.000 0.279
8265.000 0.289
8266.000 0.300
8267.000 0.309
8269.000 0.317
8270.000 0.327
8271.000 0.338
8272.000 0.350
8274.000 0.360
8275.000 0.381
8276.000 0.387
8277.000 0.400
8278.000 0.414
8280.000 0.425
8281.000 0.437
8282.000 0.450
8283.000 0.462
8284.000 0.469
8285.000 0.478
8287.000 0.489
8288.000 0.494
8289.000 0.494
8290.000 0.491
8292.000 0.484
8293.000 0.471
8294.000 0.455
8295.000 0.436
8297.000 0.415
8298.000 0.378
8299.000 0.364
8300.000 0.340
8302.000 0.320
8303.000 0.286
8304.000 0.278
8305.000 0.262
8306.000 0.249
8308.000 0.243
8309.000 0.241
8310.000 0.242
8311.000 0.247
8312.000 0.257
8314.000 0.270
8315.000 0.285
8316.000 0.304
8317.000 0.322
8318.000 0.342
8320.000 0.357
8321.000 0.374
8322.000 0.390
8323.000 0.400
8325.000 0.406
8326.000 0.409
8327.000 0.409
8328.000 0.404
8330.000 0.397
8331.000 0.389
8332.000 0.377
8333.000 0.365
8334.000 0.351
8335.000 0.336
8336.000 0.329
8338.000 0.317
8339.000 0.298
8340.000 0.285
8341.000 0.272
8343.000 0.261
8344.000 0.251
8345.000 0.240
8346.000 0.230
8348.000 0.223
8349.000 0.212
8350.000 0.204
8351.000 0.196
8353.000 0.190
8354.000 0.179
8355.000 0.175
8356.000 0.169
8358.000 0.165
8359.000 0.155
8360.000 0.151
8361.000 0.146
8363.000 0.143
8364.000 0.140
8365.000 0.138
8366.000 0.136
8368.000 0.134
8369.000 0.134
8370.000 0.135
8371.000 0.138
8373.000 0.139
8374.000 0.146
8375.000 0.148
8376.000 0.153
8378.000 0.159
8379.000 0.168
8380.000 0.175
8381.000 0.181
8383.000 0.188
8384.000 0.193
8385.000 0.199
8386.000 0.203
8388.000 0.206
8389.000 0.210
8390.000 0.208
8391.000 0.209
8393.000 0.209
8394.000 0.207
8395.000 0.204
8396.000 0.204
8398.000 0.200
8399.000 0.194
8400.000 0.191
8401.000 0.189
8403.000 0.184
8404.000 0.180
8405.000 0.177
8406.000 0.174
8408.000 0.170
8409.000 0.169
8410.000 0.167
8411.000 0.166
8413.000 0.165
8414.000 0.166
8415.000 0.169
8416.000 0.169
8418.000 0.172
8419.000 0.176
8420.000 0.179
8421.000 0.179
8423.000 0.179
8424.000 0.178
8425.000 0.175
8426.000 0.172
8428.000 0.168
8429.000 0.167
8430.000 0.162
8431.000 0.160
8433.000 0.158
8434.000 0.152
8435.000 0.149
8436.000 0.147
8438.000 0.143
8439.000 0.143
8440.000 0.141
8441.000 0.138
8443.000 0.136
8444.000 0.134
8445.000 0.132
8446.000 0.131
8448.000 0.129
8449.000 0.127
8450.000 0.124
8451.000 0.123
8453.000 0.123
8454.000 0.120
8455.000 0.119
8456.000 0.117
8457.000 0.116
8459.000 0.115
8460.000 0.114
8461.000 0.113
8462.000 0.111
8463.000 0.111
8465.000 0.109
8466.000 0.107
8467.000 0.107
8468.000 0.106
8469.000 0.106
8471.000 0.104
8472.000 0.102
8473.000 0.102
8474.000 0.101
8476.000 0.100
8477.000 0.098
8478.000 0.098
8479.000 0.098
8481.000 0.097
8482.000 0.097
8483.000 0.095
8484.000 0.094
8486.000 0.094
8487.000 0.092
8488.000 0.093
8489.000 0.092
8491.000 0.090
8492.000 0.089
8493.000 0.089
8494.000 0.088
8496.000 0.087
8497.000 0.087
8498.000 0.085
8499.000 0.085
8501.000 0.085
8502.000 0.084
8503.000 0.083
8504.000 0.083
8506.000 0.082
8507.000 0.081
8508.000 0.082
8509.000 0.081
8511.000 0.081
8512.000 0.080
8513.000 0.079
8514.000 0.078
8516.000 0.079
8517.000 0.078
8518.000 0.077
8519.000 0.077
8521.000 0.076
8522.000 0.075
8523.000 0.075
8524.000 0.075
8526.000 0.074
8527.000 0.074
8528.000 0.072
8529.000 0.073
8531.000 0.075
8532.000 0.073
8533.000 0.071
8534.000 0.072
8536.000 0.071
8537.000 0.070
8538.000 0.070
8539.000 0.069
8541.000 0.069
8542.000 0.069
8543.000 0.069
8544.000 0.068
8546.000 0.069
8547.000 0.068
8548.000 0.067
8549.000 0.068
8551.000 0.067
8552.000 0.068
8553.000 0.067
8554.000 0.066
8556.000 0.067
8557.000 0.067
8558.000 0.066
8559.000 0.066
8561.000 0.066
8562.000 0.067
8563.000 0.067
8564.000 0.067
8566.000 0.066
8567.000 0.066
8568.000 0.065
8569.000 0.066
8571.000 0.064
8572.000 0.065
8573.000 0.065
8574.000 0.065
8576.000 0.065
8577.000 0.065
8578.000 0.064
8579.000 0.064
8581.000 0.064
8582.000 0.063
8584.000 0.063
8585.000 0.064
8586.000 0.063
8587.000 0.063
8589.000 0.062
8590.000 0.061
8591.000 0.062
8592.000 0.061
8594.000 0.062
8595.000 0.060
8596.000 0.060
8597.000 0.060
8599.000 0.061
8600.000 0.060
8601.000 0.060
8603.000 0.060
8604.000 0.059
8605.000 0.060
8606.000 0.059
8607.000 0.060
8609.000 0.058
8610.000 0.059
8611.000 0.058
8612.000 0.058
8614.000 0.057
8615.000 0.057
8616.000 0.058
8617.000 0.056
8619.000 0.057
8620.000 0.056
8621.000 0.056
8622.000 0.056
8623.000 0.057
8625.000 0.056
8626.000 0.056
8627.000 0.056
8628.000 0.056
8630.000 0.055
8631.000 0.056
8632.000 0.055
8633.000 0.056
8634.000 0.055
8636.000 0.054
8637.000 0.054
8638.000 0.055
8639.000 0.054
8641.000 0.054
8642.000 0.054
8643.000 0.054
8644.000 0.053
8646.000 0.053
8647.000 0.053
8648.000 0.053
8649.000 0.053
8651.000 0.053
8652.000 0.053
8653.000 0.054
8654.000 0.052
8656.000 0.053
8657.000 0.053
8658.000 0.052
8659.000 0.053
8661.000 0.053
8662.000 0.052
8663.000 0.052
8664.000 0.052
8666.000 0.051
8667.000 0.053
8668.000 0.051
8669.000 0.050
8671.000 0.052
8672.000 0.051
8673.000 0.050
8674.000 0.051
8676.000 0.051
8677.000 0.051
8678.000 0.051
8679.000 0.051
8681.000 0.051
8682.000 0.051
8683.000 0.050
8684.000 0.050
8686.000 0.049
8687.000 0.050
8688.000 0.050
8689.000 0.049
8691.000 0.051
8692.000 0.049
8693.000 0.050
8694.000 0.049
8696.000 0.050
8697.000 0.050
8698.000 0.049
8699.000 0.049
8701.000 0.050
8702.000 0.049
8703.000 0.049
8704.000 0.048
8706.000 0.048
8707.000 0.048
8708.000 0.049
8709.000 0.049
8711.000 0.047
8712.000 0.050
8713.000 0.046
8714.000 0.048
8716.000 0.049
8717.000 0.047
8718.000 0.048
8719.000 0.049
8721.000 0.048
8722.000 0.048
8723.000 0.048
8724.000 0.048
8726.000 0.048
8727.000 0.048
8728.000 0.048
8729.000 0.047
8731.000 0.047
8732.000 0.046
8733.000 0.048
8734.000 0.048
8735.000 0.047
8737.000 0.048
8738.000 0.047
8739.000 0.047
8741.000 0.047
8742.000 0.047
8743.000 0.047
8744.000 0.046
8746.000 0.046
8747.000 0.048
8748.000 0.047
8749.000 0.047
8751.000 0.047
8752.000 0.046
8753.000 0.046
8754.000 0.047
8756.000 0.046
8757.000 0.046
8758.000 0.047
8759.000 0.048
8761.000 0.046
8762.000 0.046
8763.000 0.046
8764.000 0.046
8766.000 0.046
8767.000 0.047
8768.000 0.047
8769.000 0.046
8771.000 0.047
8772.000 0.046
8773.000 0.047
8774.000 0.046
8775.000 0.046
8777.000 0.045
8778.000 0.046
8779.000 0.047
8780.000 0.046
8782.000 0.045
8783.000 0.046
8784.000 0.045
8785.000 0.045
8787.000 0.046
8788.000 0.046
8789.000 0.046
8790.000 0.047
8791.000 0.046
8793.000 0.046
8794.000 0.045
8795.000 0.045
8796.000 0.046
8797.000 0.046
8799.000 0.046
8800.000 0.045
8801.000 0.047
8802.000 0.046
8803.000 0.046
8805.000 0.045
8806.000 0.045
8807.000 0.046
8808.000 0.046
8810.000 0.046
8811.000 0.045
8812.000 0.046
8813.000 0.046
8815.000 0.046
8816.000 0.046
8817.000 0.046
8819.000 0.045
8820.000 0.045
8821.000 0.046
8822.000 0.046
8824.000 0.046
8825.000 0.046
8826.000 0.046
8827.000 0.046
8829.000 0.046
8830.000 0.045
8831.000 0.047
8832.000 0.046
8834.000 0.046
8835.000 0.047
8836.000 0.046
8838.000 0.046
8839.000 0.047
8840.000 0.046
8841.000 0.046
8843.000 0.046
8844.000 0.047
8845.000 0.047
8846.000 0.047
8847.000 0.046
8849.000 0.046
8850.000 0.047
8851.000 0.046
8853.000 0.047
8854.000 0.046
8855.000 0.048
8857.000 0.046
8858.000 0.046
8859.000 0.046
8860.000 0.047
8862.000 0.047
8863.000 0.046
8864.000 0.047
8865.000 0.046
8867.000 0.046
8868.000 0.047
8869.000 0.046
8870.000 0.047
8872.000 0.048
8873.000 0.048
8874.000 0.047
8875.000 0.047
8877.000 0.048
8878.000 0.048
8879.000 0.049
8880.000 0.048
8882.000 0.048
8883.000 0.048
8884.000 0.048
8885.000 0.047
8887.000 0.047
8888.000 0.050
8889.000 0.048
8890.000 0.049
8892.000 0.049
8893.000 0.049
8894.000 0.049
8895.000 0.049
8896.000 0.048
8898.000 0.048
8899.000 0.050
8900.000 0.050
8901.000 0.049
8902.000 0.047
8904.000 0.050
8905.000 0.050
8906.000 0.049
8907.000 0.050
8909.000 0.050
8910.000 0.050
8911.000 0.050
8912.000 0.050
8914.000 0.049
8915.000 0.050
8916.000 0.050
8917.000 0.050
8919.000 0.050
8920.000 0.051
8921.000 0.051
8922.000 0.050
8924.000 0.051
8925.000 0.051
8926.000 0.051
8927.000 0.051
8929.000 0.051
8930.000 0.053
8931.000 0.053
8932.000 0.053
8934.000 0.053
8935.000 0.052
8936.000 0.053
8937.000 0.053
8939.000 0.053
8940.000 0.053
8941.000 0.053
8942.000 0.053
8944.000 0.052
8945.000 0.053
8946.000 0.053
8947.000 0.054
8949.000 0.054
8950.000 0.054
8951.000 0.054
8952.000 0.054
8954.000 0.054
8955.000 0.055
8956.000 0.054
8957.000 0.055
8959.000 0.056
8960.000 0.055
8961.000 0.057
8962.000 0.055
8964.000 0.057
8965.000 0.056
8966.000 0.057
8967.000 0.056
8969.000 0.057
8970.000 0.057
8971.000 0.058
8972.000 0.058
8974.000 0.058
8975.000 0.059
8976.000 0.058
8977.000 0.060
8979.000 0.058
8980.000 0.059
8981.000 0.059
8982.000 0.061
8984.000 0.061
8985.000 0.060
8986.000 0.062
8987.000 0.061
8988.000 0.060
8990.000 0.062
8991.000 0.061
8992.000 0.063
8993.000 0.063
8995.000 0.064
8996.000 0.064
8997.000 0.064
8998.000 0.064
9000.000 0.064
9001.000 0.066
9002.000 0.066
9004.000 0.065
9005.000 0.066
9006.000 0.066
9007.000 0.068
9008.000 0.069
9010.000 0.068
9011.000 0.069
9012.000 0.070
9013.000 0.070
9014.000 0.070
9016.000 0.071
9017.000 0.072
9018.000 0.072
9019.000 0.073
9020.000 0.073
9022.000 0.074
9023.000 0.074
9024.000 0.074
9025.000 0.075
9026.000 0.076
9028.000 0.076
9029.000 0.078
9030.000 0.079
9031.000 0.079
9032.000 0.079
9034.000 0.081
9035.000 0.083
9036.000 0.083
9037.000 0.083
9039.000 0.084
9040.000 0.086
9041.000 0.088
9042.000 0.089
9044.000 0.090
9045.000 0.091
9046.000 0.091
9047.000 0.094
9049.000 0.096
9050.000 0.097
9051.000 0.098
9052.000 0.101
9054.000 0.102
9055.000 0.104
9056.000 0.106
9057.000 0.109
9059.000 0.111
9060.000 0.114
9061.000 0.116
9062.000 0.120
9064.000 0.121
9065.000 0.125
9066.000 0.129
9067.000 0.132
9069.000 0.137
9070.000 0.140
9071.000 0.144
9072.000 0.147
9074.000 0.149
9075.000 0.156
9076.000 0.164
9077.000 0.172
9079.000 0.181
9080.000 0.191
9081.000 0.202
9083.000 0.214
9084.000 0.229
9085.000 0.245
9086.000 0.264
9088.000 0.292
9089.000 0.317
9090.000 0.345
9091.000 0.370
9092.000 0.382
9094.000 0.407
9095.000 0.411
9096.000 0.399
9097.000 0.366
9099.000 0.328
9100.000 0.280
9101.000 0.238
9102.000 0.203
9104.000 0.178
9105.000 0.153
9106.000 0.132
9107.000 0.115
9109.000 0.103
9110.000 0.085
9111.000 0.078
9112.000 0.069
9114.000 0.062
9115.000 0.050
9116.000 0.042
9117.000 0.037
9119.000 0.033
9120.000 0.028
9121.000 0.024
9122.000 0.023
9124.000 0.022
9125.000 0.022
9126.000 0.024
9127.000 0.028
9129.000 0.033
9130.000 0.038
9131.000 0.045
9132.000 0.052
9134.000 0.057
9135.000 0.066
9136.000 0.076
9137.000 0.088
9139.000 0.101
9140.000 0.124
9142.000 0.145
9143.000 0.169
9144.000 0.200
9146.000 0.242
9147.000 0.275
9148.000 0.294
9149.000 0.284
9151.000 0.249
9152.000 0.194
9153.000 0.150
9154.000 0.127
9156.000 0.112
9157.000 0.097
9158.000 0.086
9159.000 0.075
9161.000 0.069
9162.000 0.062
9163.000 0.056
9164.000 0.052
9165.000 0.046
9167.000 0.044
9168.000 0.038
9169.000 0.035
9171.000 0.033
9172.000 0.028
9173.000 0.027
9174.000 0.024
9176.000 0.023
9177.000 0.022
9178.000 0.019
9179.000 0.018
9181.000 0.016
9182.000 0.014
9183.000 0.011
9184.000 0.011
9186.000 0.010
9187.000 0.008
9188.000 0.008
9189.000 0.006
9191.000 0.006
9192.000 0.005
9193.000 0.005
9194.000 0.004
9196.000 0.006
9197.000 0.005
9198.000 0.007
9199.000 0.006
9201.000 0.009
9202.000 0.009
9203.000 0.009
9204.000 0.010
9206.000 0.011
9207.000 0.012
9208.000 0.012
9209.000 0.013
9211.000 0.014
9212.000 0.014
9213.000 0.015
9214.000 0.015
9216.000 0.016
9217.000 0.016
9218.000 0.017
9219.000 0.018
9221.000 0.018
9222.000 0.019
9223.000 0.020
9224.000 0.021
9226.000 0.021
9227.000 0.021
9228.000 0.023
9229.000 0.024
9231.000 0.023
9232.000 0.025
9233.000 0.026
9234.000 0.024
9236.000 0.027
9237.000 0.028
9238.000 0.026
9239.000 0.028
9241.000 0.027
9242.000 0.028
9243.000 0.029
9244.000 0.030
9246.000 0.030
9247.000 0.031
9248.000 0.030
9249.000 0.030
9251.000 0.032
9252.000 0.032
9253.000 0.034
9254.000 0.033
9256.000 0.034
9257.000 0.035
9258.000 0.035
9259.000 0.037
9261.000 0.036
9262.000 0.036
9263.000 0.038
9264.000 0.037
9265.000 0.039
9267.000 0.039
9268.000 0.039
9269.000 0.040
9270.000 0.041
9272.000 0.040
9273.000 0.041
9274.000 0.042
9275.000 0.041
9277.000 0.042
9278.000 0.044
9279.000 0.044
9280.000 0.046
9282.000 0.045
9283.000 0.045
9284.000 0.047
9285.000 0.047
9287.000 0.048
9288.000 0.048
9289.000 0.049
9290.000 0.048
9292.000 0.051
9293.000 0.051
9294.000 0.052
9295.000 0.052
9297.000 0.052
9298.000 0.052
9299.000 0.053
9300.000 0.055
9302.000 0.054
9303.000 0.054
9304.000 0.055
9305.000 0.055
9306.000 0.056
9308.000 0.055
9309.000 0.057
9310.000 0.058
9311.000 0.059
9313.000 0.060
9314.000 0.060
9315.000 0.061
9316.000 0.062
9318.000 0.063
9319.000 0.064
9320.000 0.065
9321.000 0.066
9323.000 0.066
9324.000 0.067
9325.000 0.068
9326.000 0.068
9328.000 0.070
9329.000 0.071
9330.000 0.072
9331.000 0.072
9333.000 0.074
9334.000 0.074
9335.000 0.075
9336.000 0.076
9338.000 0.078
9339.000 0.078
9340.000 0.081
9341.000 0.080
9343.000 0.082
9344.000 0.082
9345.000 0.084
9346.000 0.084
9348.000 0.085
9349.000 0.087
9350.000 0.088
9351.000 0.089
9353.000 0.090
9354.000 0.093
9355.000 0.094
9356.000 0.094
9358.000 0.097
9359.000 0.098
9360.000 0.100
9361.000 0.102
9363.000 0.103
9364.000 0.104
9365.000 0.105
9366.000 0.107
9368.000 0.108
9369.000 0.111
9370.000 0.113
9371.000 0.114
9373.000 0.117
9374.000 0.119
9375.000 0.120
9376.000 0.122
9378.000 0.124
9379.000 0.128
9380.000 0.130
9381.000 0.133
9383.000 0.134
9384.000 0.136
9385.000 0.140
9386.000 0.142
9388.000 0.144
9389.000 0.147
9390.000 0.149
9391.000 0.153
9393.000 0.156
9394.000 0.161
9395.000 0.164
9396.000 0.168
9398.000 0.171
9399.000 0.175
9400.000 0.180
9401.000 0.183
9403.000 0.187
9404.000 0.191
9405.000 0.196
9406.000 0.200
9408.000 0.205
9409.000 0.213
9410.000 0.218
9411.000 0.225
9413.000 0.230
9414.000 0.237
9415.000 0.242
9416.000 0.250
9418.000 0.256
9419.000 0.262
9420.000 0.270
9421.000 0.276
9423.000 0.283
9424.000 0.291
9425.000 0.299
9426.000 0.305
9428.000 0.311
9429.000 0.318
9430.000 0.325
9431.000 0.331
9432.000 0.336
9434.000 0.340
9435.000 0.347
9436.000 0.348
9438.000 0.350
9439.000 0.349
9440.000 0.348
9441.000 0.346
9443.000 0.343
9444.000 0.336
9445.000 0.331
9446.000 0.324
9448.000 0.316
9449.000 0.303
9450.000 0.299
9451.000 0.284
9453.000 0.276
9454.000 0.264
9455.000 0.255
9456.000 0.244
9458.000 0.236
9459.000 0.227
9460.000 0.218
9461.000 0.211
9463.000 0.203
9464.000 0.198
9465.000 0.193
9466.000 0.190
9468.000 0.187
9469.000 0.185
9470.000 0.185
9471.000 0.187
9473.000 0.190
9474.000 0.194
9475.000 0.199
9476.000 0.204
9478.000 0.211
9479.000 0.217
9480.000 0.224
9481.000 0.231
9483.000 0.238
9484.000 0.244
9485.000 0.249
9486.000 0.253
9488.000 0.256
9489.000 0.259
9490.000 0.260
9491.000 0.259
9493.000 0.258
9494.000 0.256
9495.000 0.252
9496.000 0.248
9498.000 0.244
9499.000 0.240
9500.000 0.234
9501.000 0.230
9503.000 0.226
9504.000 0.221
9505.000 0.214
9506.000 0.208
9508.000 0.202
9509.000 0.194
9510.000 0.190
9511.000 0.184
9513.000 0.179
9514.000 0.174
9515.000 0.168
9516.000 0.164
9518.000 0.160
9519.000 0.156
9520.000 0.152
9521.000 0.148
9523.000 0.143
9524.000 0.139
9525.000 0.135
9526.000 0.132
9528.000 0.129
9529.000 0.124
9530.000 0.122
9531.000 0.120
9533.000 0.116
9534.000 0.114
9535.000 0.111
9536.000 0.110
9538.000 0.108
9539.000 0.107
9540.000 0.106
9541.000 0.104
9543.000 0.105
9544.000 0.104
9545.000 0.103
9546.000 0.105
9548.000 0.105
9549.000 0.106
9550.000 0.109
9551.000 0.112
9553.000 0.112
9554.000 0.114
9555.000 0.116
9556.000 0.120
9558.000 0.121
9559.000 0.122
9560.000 0.125
9561.000 0.126
9563.000 0.127
9564.000 0.128
9565.000 0.130
9566.000 0.129
9568.000 0.129
9569.000 0.130
9570.000 0.126
9571.000 0.127
9573.000 0.126
9574.000 0.123
9575.000 0.122
9576.000 0.121
9578.000 0.119
9579.000 0.118
9580.000 0.117
9581.000 0.114
9583.000 0.114
9584.000 0.112
9585.000 0.109
9587.000 0.109
9588.000 0.107
9589.000 0.107
9591.000 0.106
9592.000 0.105
9593.000 0.105
9595.000 0.105
9596.000 0.107
9597.000 0.107
9598.000 0.109
9600.000 0.109
9601.000 0.110
9602.000 0.110
9603.000 0.110
9605.000 0.108
9606.000 0.107
9607.000 0.108
9608.000 0.106
9610.000 0.104
9611.000 0.103
9612.000 0.102
9613.000 0.100
9615.000 0.099
9616.000 0.099
9617.000 0.097
9618.000 0.098
9620.000 0.094
9621.000 0.093
9622.000 0.092
9623.000 0.091
9625.000 0.090
9626.000 0.089
9627.000 0.090
9628.000 0.086
9630.000 0.086
9631.000 0.087
9632.000 0.084
9634.000 0.083
9635.000 0.083
9636.000 0.082
9638.000 0.083
9639.000 0.081
9640.000 0.080
9641.000 0.079
9643.000 0.079
9644.000 0.078
9645.000 0.077
9646.000 0.078
9648.000 0.076
9649.000 0.075
9650.000 0.074
9651.000 0.073
9653.000 0.074
9654.000 0.073
9655.000 0.071
9656.000 0.072
9658.000 0.070
9659.000 0.070
9660.000 0.070
9661.000 0.069
9663.000 0.068
9664.000 0.068
9665.000 0.068
9666.000 0.066
9668.000 0.067
9669.000 0.065
9670.000 0.065
9672.000 0.065
9673.000 0.064
9674.000 0.062
9676.000 0.062
9677.000 0.061
9678.000 0.060
9679.000 0.060
9681.000 0.059
9682.000 0.057
9683.000 0.056
9684.000 0.057
9686.000 0.057
9687.000 0.054
9688.000 0.053
9689.000 0.052
9691.000 0.050
9692.000 0.050
9693.000 0.048
9694.000 0.046
9696.000 0.046
9697.000 0.043
9698.000 0.040
9699.000 0.037
9701.000 0.038
9702.000 0.032
9703.000 0.035
9704.000 0.043
9706.000 0.052
9707.000 0.087
9708.000 0.117
9710.000 0.137
9711.000 0.144
9712.000 0.121
9714.000 0.103
9715.000 0.092
9716.000 0.090
9717.000 0.084
9719.000 0.084
9720.000 0.079
9721.000 0.077
9722.000 0.074
9724.000 0.072
9725.000 0.072
9726.000 0.071
9727.000 0.071
9729.000 0.069
9730.000 0.069
9731.000 0.068
9732.000 0.068
9734.000 0.066
9735.000 0.066
9736.000 0.066
9737.000 0.064
9739.000 0.064
9740.000 0.064
9741.000 0.064
9742.000 0.063
9744.000 0.062
9745.000 0.063
9746.000 0.062
9747.000 0.062
9749.000 0.061
9750.000 0.061
9751.000 0.060
9752.000 0.061
9754.000 0.060
9755.000 0.060
9756.000 0.060
9757.000 0.059
9759.000 0.059
9760.000 0.059
9761.000 0.059
9762.000 0.058
9764.000 0.057
9765.000 0.056
9766.000 0.057
9767.000 0.058
9769.000 0.058
9770.000 0.058
9771.000 0.056
9773.000 0.057
9774.000 0.055
9775.000 0.056
9777.000 0.056
9778.000 0.055
9779.000 0.056
9780.000 0.056
9782.000 0.055
9783.000 0.053
9784.000 0.054
9786.000 0.053
9787.000 0.054
9788.000 0.054
9790.000 0.055
9791.000 0.053
9792.000 0.053
9793.000 0.053
9795.000 0.053
9796.000 0.053
9797.000 0.053
9799.000 0.052
9800.000 0.051
9802.000 0.051
9803.000 0.052
9804.000 0.052
9806.000 0.051
9807.000 0.052
9808.000 0.051
9810.000 0.051
9811.000 0.051
9812.000 0.052
9813.000 0.051
9815.000 0.051
9816.000 0.050
9817.000 0.050
9818.000 0.049
9820.000 0.050
9821.000 0.050
9822.000 0.049
9824.000 0.050
9825.000 0.049
9826.000 0.049
9828.000 0.050
9829.000 0.050
9830.000 0.048
9831.000 0.049
9833.000 0.049
9834.000 0.048
9835.000 0.049
9836.000 0.048
9838.000 0.048
9839.000 0.049
9840.000 0.048
9842.000 0.048
9843.000 0.048
9844.000 0.047
9845.000 0.049
9847.000 0.048
9848.000 0.047
9849.000 0.047
9850.000 0.047
9852.000 0.047
9853.000 0.047
9854.000 0.046
9856.000 0.046
9857.000 0.046
9858.000 0.046
9860.000 0.045
9861.000 0.046
9862.000 0.046
9863.000 0.046
9865.000 0.045
9866.000 0.046
9867.000 0.044
9868.000 0.045
9870.000 0.046
9871.000 0.046
9872.000 0.045
9874.000 0.045
9875.000 0.044
9876.000 0.044
9878.000 0.044
9879.000 0.045
9880.000 0.043
9881.000 0.044
9883.000 0.043
9884.000 0.043
9885.000 0.043
9886.000 0.045
9888.000 0.044
9889.000 0.043
9890.000 0.043
9892.000 0.044
9893.000 0.042
9894.000 0.042
9896.000 0.042
9897.000 0.042
9898.000 0.042
9899.000 0.042
9901.000 0.040
9902.000 0.043
9903.000 0.041
9904.000 0.041
9906.000 0.041
9907.000 0.041
9908.000 0.040
9910.000 0.041
9911.000 0.040
9912.000 0.039
9914.000 0.038
9915.000 0.039
9916.000 0.040
9917.000 0.038
9919.000 0.038
9920.000 0.037
9921.000 0.036
9923.000 0.037
9924.000 0.036
9925.000 0.036
9926.000 0.035
9928.000 0.035
9929.000 0.033
9930.000 0.033
9932.000 0.032
9933.000 0.032
9934.000 0.032
9935.000 0.032
9937.000 0.033
9938.000 0.033
9939.000 0.034
9940.000 0.040
9942.000 0.045
9943.000 0.050
9944.000 0.055
9945.000 0.059
9947.000 0.061
9948.000 0.062
9949.000 0.062
9951.000 0.061
9952.000 0.059
9953.000 0.060
9955.000 0.059
9956.000 0.058
9957.000 0.057
9958.000 0.057
9960.000 0.055
9961.000 0.055
9962.000 0.055
9963.000 0.054
9965.000 0.054
9966.000 0.052
9967.000 0.052
9969.000 0.053
9970.000 0.052
9971.000 0.051
9973.000 0.051
9974.000 0.051
9975.000 0.051
9976.000 0.050
9978.000 0.051
9979.000 0.050
9980.000 0.050
9982.000 0.049
9983.000 0.049
9984.000 0.050
9985.000 0.050
9987.000 0.049
9988.000 0.049
9989.000 0.050
9991.000 0.049
9992.000 0.049
9993.000 0.049
9995.000 0.050
9996.000 0.050
9997.000 0.049
9998.000 0.048
