2.000 0.029
4.000 0.062
5.000 0.024
6.000 0.049
7.000 0.063
8.000 0.062
9.000 0.050
10.000 0.029
11.000 0.030
12.000 0.043
13.000 0.036
14.000 0.038
15.000 0.045
16.000 0.030
17.000 0.051
18.000 0.038
19.000 0.063
20.000 0.053
21.000 0.060
22.000 0.049
23.000 0.027
24.000 0.046
25.000 0.039
26.000 0.032
27.000 0.043
28.000 0.036
29.000 0.059
30.000 0.045
31.000 0.020
32.000 0.029
33.000 0.039
34.000 0.037
35.000 0.045
36.000 0.047
37.000 0.019
38.000 0.070
39.000 0.052
40.000 0.041
41.000 0.036
42.000 0.050
43.000 0.033
44.000 0.035
45.000 0.039
46.000 0.038
47.000 0.059
48.000 0.047
49.000 0.049
50.000 0.035
51.000 0.030
52.000 0.070
53.000 0.034
54.000 0.036
55.000 0.063
56.000 0.033
57.000 0.028
58.000 0.033
59.000 0.053
60.000 0.041
61.000 0.043
62.000 0.056
63.000 0.029
64.000 0.063
65.000 0.056
66.000 0.053
67.000 0.074
68.000 0.030
69.000 0.037
70.000 0.052
71.000 0.037
72.000 0.075
73.000 0.064
74.000 0.043
75.000 0.040
76.000 0.042
77.000 0.032
78.000 0.054
79.000 0.034
80.000 0.038
81.000 0.037
82.000 0.049
83.000 0.041
84.000 0.054
85.000 0.060
86.000 0.029
87.000 0.027
88.000 0.028
89.000 0.040
90.000 0.055
91.000 0.050
92.000 0.047
93.000 0.052
94.000 0.055
95.000 0.029
96.000 0.060
97.000 0.051
98.000 0.044
99.000 0.031
100.000 0.041
101.000 0.037
102.000 0.049
103.000 0.049
104.000 0.053
105.000 0.057
106.000 0.044
107.000 0.065
108.000 0.052
109.000 0.029
110.000 0.062
111.000 0.059
112.000 0.036
113.000 0.037
114.000 0.041
115.000 0.066
116.000 0.044
117.000 0.045
118.000 0.040
119.000 0.052
120.000 0.038
121.000 0.038
122.000 0.033
123.000 0.046
124.000 0.051
125.000 0.040
126.000 0.040
127.000 0.035
128.000 0.043
129.000 0.057
130.000 0.036
131.000 0.043
132.000 0.035
133.000 0.053
134.000 0.026
135.000 0.052
136.000 0.046
137.000 0.044
138.000 0.032
139.000 0.043
140.000 0.046
141.000 0.057
142.000 0.051
143.000 0.036
144.000 0.051
145.000 0.038
146.000 0.055
147.000 0.034
148.000 0.064
149.000 0.027
150.000 0.047
151.000 0.029
152.000 0.032
153.000 0.047
154.000 0.046
155.000 0.051
156.000 0.043
157.000 0.064
158.000 0.040
159.000 0.050
160.000 0.043
161.000 0.044
162.000 0.050
163.000 0.043
164.000 0.039
165.000 0.059
166.000 0.033
167.000 0.056
168.000 0.075
169.000 0.044
170.000 0.038
171.000 0.044
172.000 0.037
173.000 0.069
174.000 0.032
175.000 0.039
176.000 0.056
177.000 0.046
178.000 0.054
179.000 0.044
180.000 0.041
181.000 0.045
182.000 0.043
183.000 0.047
184.000 0.049
185.000 0.063
186.000 0.037
187.000 0.032
188.000 0.050
189.000 0.035
190.000 0.037
191.000 0.035
192.000 0.030
193.000 0.055
194.000 0.038
195.000 0.032
196.000 0.024
197.000 0.028
198.000 0.030
199.000 0.029
200.000 0.025
201.000 0.044
202.000 0.024
203.000 0.036
204.000 0.031
205.000 0.026
206.000 0.030
207.000 0.033
208.000 0.038
209.000 0.031
210.000 0.030
211.000 0.027
212.000 0.047
213.000 0.038
214.000 0.030
215.000 0.031
216.000 0.030
217.000 0.036
218.000 0.040
219.000 0.035
220.000 0.030
221.000 0.033
222.000 0.030
223.000 0.032
224.000 0.038
225.000 0.036
226.000 0.036
227.000 0.029
228.000 0.039
229.000 0.033
230.000 0.040
231.000 0.027
232.000 0.031
233.000 0.033
234.000 0.043
235.000 0.035
236.000 0.047
237.000 0.036
238.000 0.033
239.000 0.032
240.000 0.031
241.000 0.040
242.000 0.028
243.000 0.037
244.000 0.031
245.000 0.026
246.000 0.035
247.000 0.023
248.000 0.032
249.000 0.036
250.000 0.034
251.000 0.030
252.000 0.027
253.000 0.037
254.000 0.039
255.000 0.028
256.000 0.038
257.000 0.040
258.000 0.034
259.000 0.024
260.000 0.027
261.000 0.032
262.000 0.027
263.000 0.043
264.000 0.023
265.000 0.033
266.000 0.035
267.000 0.026
268.000 0.041
269.000 0.039
270.000 0.029
271.000 0.032
272.000 0.039
273.000 0.042
274.000 0.030
275.000 0.027
276.000 0.029
277.000 0.034
278.000 0.035
279.000 0.034
280.000 0.034
281.000 0.029
282.000 0.025
283.000 0.033
284.000 0.033
285.000 0.045
286.000 0.040
287.000 0.037
288.000 0.041
289.000 0.034
290.000 0.029
291.000 0.035
292.000 0.032
293.000 0.033
294.000 0.036
295.000 0.040
296.000 0.030
297.000 0.032
298.000 0.034
299.000 0.034
300.000 0.037
301.000 0.039
302.000 0.045
303.000 0.035
304.000 0.033
305.000 0.038
306.000 0.037
307.000 0.036
308.000 0.033
309.000 0.031
310.000 0.034
311.000 0.035
312.000 0.041
313.000 0.042
314.000 0.032
315.000 0.039
316.000 0.037
317.000 0.040
318.000 0.037
319.000 0.038
320.000 0.041
321.000 0.034
322.000 0.040
323.000 0.041
324.000 0.038
325.000 0.042
326.000 0.039
327.000 0.037
328.000 0.043
329.000 0.039
330.000 0.032
331.000 0.038
332.000 0.039
333.000 0.037
334.000 0.038
335.000 0.043
336.000 0.043
337.000 0.040
338.000 0.048
339.000 0.046
340.000 0.047
341.000 0.042
342.000 0.053
343.000 0.050
344.000 0.044
345.000 0.040
346.000 0.048
347.000 0.047
348.000 0.049
349.000 0.039
350.000 0.041
351.000 0.050
352.000 0.049
353.000 0.048
354.000 0.044
355.000 0.046
356.000 0.054
357.000 0.047
358.000 0.042
359.000 0.054
360.000 0.055
361.000 0.051
362.000 0.056
363.000 0.051
364.000 0.049
365.000 0.053
366.000 0.050
367.000 0.047
368.000 0.056
369.000 0.052
370.000 0.050
371.000 0.052
372.000 0.051
373.000 0.055
374.000 0.054
375.000 0.055
376.000 0.054
377.000 0.055
378.000 0.060
379.000 0.060
380.000 0.056
381.000 0.057
382.000 0.055
383.000 0.064
384.000 0.058
385.000 0.058
386.000 0.057
387.000 0.065
388.000 0.056
389.000 0.060
390.000 0.060
391.000 0.056
392.000 0.061
393.000 0.060
394.000 0.056
395.000 0.057
396.000 0.063
397.000 0.062
398.000 0.066
399.000 0.069
400.000 0.063
401.000 0.065
402.000 0.067
403.000 0.060
404.000 0.068
405.000 0.068
406.000 0.064
407.000 0.074
408.000 0.065
409.000 0.069
410.000 0.060
411.000 0.067
412.000 0.069
413.000 0.063
414.000 0.072
415.000 0.064
416.000 0.061
417.000 0.061
418.000 0.069
419.000 0.066
420.000 0.064
421.000 0.068
422.000 0.061
423.000 0.056
424.000 0.063
425.000 0.066
426.000 0.067
427.000 0.060
428.000 0.062
429.000 0.058
430.000 0.060
431.000 0.055
432.000 0.054
433.000 0.062
434.000 0.059
435.000 0.062
436.000 0.054
437.000 0.054
438.000 0.056
439.000 0.062
440.000 0.054
441.000 0.061
442.000 0.052
443.000 0.055
444.000 0.051
445.000 0.053
446.000 0.057
447.000 0.050
448.000 0.047
449.000 0.053
450.000 0.050
451.000 0.040
452.000 0.048
453.000 0.055
454.000 0.049
455.000 0.044
456.000 0.046
457.000 0.047
458.000 0.043
459.000 0.044
460.000 0.045
461.000 0.047
462.000 0.049
463.000 0.038
464.000 0.044
465.000 0.046
466.000 0.041
467.000 0.044
468.000 0.041
469.000 0.039
470.000 0.041
471.000 0.038
472.000 0.037
473.000 0.035
474.000 0.035
475.000 0.042
476.000 0.038
477.000 0.040
478.000 0.039
479.000 0.034
480.000 0.032
481.000 0.028
482.000 0.036
483.000 0.035
484.000 0.040
485.000 0.032
486.000 0.041
487.000 0.032
488.000 0.036
489.000 0.037
490.000 0.032
491.000 0.035
492.000 0.034
493.000 0.036
494.000 0.034
495.000 0.031
496.000 0.031
497.000 0.030
498.000 0.032
499.000 0.033
500.000 0.032
501.000 0.028
502.000 0.027
503.000 0.026
504.000 0.028
505.000 0.031
506.000 0.026
507.000 0.030
508.000 0.028
509.000 0.030
510.000 0.034
511.000 0.029
512.000 0.030
513.000 0.027
514.000 0.031
515.000 0.027
516.000 0.023
517.000 0.029
518.000 0.029
519.000 0.023
520.000 0.027
521.000 0.029
522.000 0.029
523.000 0.026
524.000 0.027
525.000 0.032
526.000 0.023
527.000 0.032
528.000 0.024
529.000 0.025
530.000 0.025
531.000 0.024
532.000 0.027
533.000 0.030
534.000 0.025
535.000 0.025
536.000 0.029
537.000 0.027
538.000 0.028
539.000 0.023
540.000 0.027
541.000 0.026
542.000 0.017
543.000 0.024
544.000 0.019
545.000 0.022
546.000 0.022
547.000 0.022
548.000 0.024
549.000 0.023
550.000 0.023
551.000 0.032
552.000 0.020
553.000 0.029
554.000 0.028
555.000 0.025
556.000 0.021
557.000 0.018
558.000 0.023
559.000 0.020
560.000 0.023
561.000 0.022
562.000 0.029
563.000 0.021
564.000 0.021
565.000 0.022
566.000 0.024
567.000 0.027
568.000 0.022
569.000 0.019
570.000 0.022
571.000 0.022
572.000 0.025
573.000 0.025
574.000 0.019
575.000 0.017
576.000 0.020
577.000 0.028
578.000 0.017
579.000 0.023
580.000 0.022
581.000 0.021
582.000 0.021
583.000 0.018
584.000 0.019
585.000 0.026
586.000 0.016
587.000 0.016
588.000 0.023
589.000 0.017
590.000 0.019
591.000 0.020
592.000 0.019
593.000 0.018
594.000 0.026
595.000 0.020
596.000 0.017
597.000 0.018
598.000 0.017
599.000 0.019
600.000 0.019
601.000 0.017
602.000 0.018
603.000 0.019
604.000 0.020
605.000 0.020
606.000 0.018
607.000 0.015
608.000 0.020
609.000 0.018
610.000 0.022
611.000 0.018
612.000 0.020
613.000 0.020
614.000 0.020
615.000 0.021
616.000 0.018
617.000 0.018
618.000 0.020
619.000 0.020
620.000 0.015
621.000 0.025
622.000 0.017
623.000 0.016
624.000 0.014
625.000 0.017
626.000 0.016
627.000 0.016
628.000 0.014
629.000 0.019
630.000 0.020
631.000 0.014
632.000 0.020
633.000 0.019
634.000 0.016
635.000 0.022
636.000 0.015
637.000 0.017
638.000 0.015
639.000 0.016
640.000 0.019
641.000 0.018
642.000 0.016
643.000 0.014
644.000 0.015
645.000 0.014
646.000 0.012
647.000 0.020
648.000 0.021
649.000 0.012
650.000 0.014
651.000 0.015
652.000 0.021
653.000 0.016
654.000 0.014
655.000 0.016
656.000 0.016
657.000 0.017
658.000 0.014
659.000 0.020
660.000 0.017
661.000 0.018
662.000 0.017
663.000 0.021
664.000 0.017
665.000 0.015
666.000 0.012
667.000 0.015
668.000 0.018
669.000 0.016
670.000 0.017
671.000 0.015
672.000 0.013
673.000 0.015
674.000 0.018
675.000 0.013
676.000 0.017
677.000 0.019
678.000 0.016
679.000 0.018
680.000 0.009
681.000 0.015
682.000 0.019
683.000 0.018
684.000 0.015
685.000 0.019
686.000 0.015
687.000 0.018
688.000 0.017
689.000 0.014
690.000 0.019
691.000 0.016
692.000 0.018
693.000 0.017
694.000 0.018
695.000 0.012
696.000 0.016
697.000 0.017
698.000 0.013
699.000 0.015
700.000 0.013
701.000 0.016
702.000 0.011
703.000 0.013
704.000 0.011
705.000 0.015
706.000 0.020
707.000 0.017
708.000 0.018
709.000 0.015
710.000 0.012
711.000 0.015
712.000 0.012
713.000 0.014
714.000 0.014
715.000 0.014
716.000 0.015
717.000 0.011
718.000 0.012
719.000 0.015
720.000 0.014
721.000 0.014
722.000 0.010
723.000 0.010
724.000 0.012
725.000 0.015
726.000 0.015
727.000 0.019
728.000 0.014
729.000 0.015
730.000 0.014
731.000 0.016
732.000 0.015
733.000 0.011
734.000 0.014
735.000 0.016
736.000 0.017
737.000 0.023
738.000 0.015
739.000 0.012
740.000 0.012
741.000 0.010
742.000 0.020
743.000 0.017
744.000 0.008
745.000 0.016
746.000 0.012
747.000 0.013
748.000 0.016
749.000 0.009
750.000 0.014
751.000 0.011
752.000 0.015
753.000 0.010
754.000 0.014
755.000 0.015
756.000 0.011
757.000 0.010
758.000 0.014
759.000 0.009
760.000 0.015
761.000 0.011
762.000 0.010
763.000 0.009
764.000 0.010
765.000 0.013
766.000 0.015
767.000 0.012
768.000 0.010
769.000 0.016
770.000 0.017
771.000 0.013
772.000 0.016
773.000 0.014
774.000 0.011
775.000 0.013
776.000 0.012
777.000 0.014
778.000 0.010
779.000 0.010
780.000 0.012
781.000 0.014
782.000 0.010
783.000 0.014
784.000 0.016
785.000 0.015
786.000 0.009
787.000 0.014
788.000 0.015
789.000 0.014
790.000 0.014
791.000 0.015
792.000 0.014
793.000 0.013
794.000 0.011
795.000 0.013
796.000 0.013
797.000 0.012
798.000 0.015
799.000 0.010
800.000 0.013
801.000 0.011
802.000 0.011
803.000 0.013
804.000 0.012
805.000 0.013
806.000 0.015
807.000 0.011
808.000 0.014
809.000 0.017
810.000 0.009
811.000 0.014
812.000 0.012
813.000 0.013
814.000 0.010
815.000 0.016
816.000 0.012
817.000 0.012
818.000 0.008
819.000 0.011
820.000 0.012
821.000 0.013
822.000 0.014
823.000 0.010
824.000 0.012
825.000 0.014
826.000 0.009
827.000 0.014
828.000 0.014
829.000 0.009
830.000 0.009
831.000 0.010
832.000 0.012
833.000 0.013
834.000 0.012
835.000 0.012
836.000 0.013
837.000 0.013
838.000 0.014
839.000 0.011
840.000 0.008
841.000 0.011
842.000 0.011
843.000 0.017
844.000 0.012
845.000 0.010
846.000 0.014
847.000 0.012
848.000 0.013
849.000 0.010
850.000 0.012
851.000 0.010
852.000 0.011
853.000 0.009
854.000 0.011
855.000 0.009
856.000 0.009
857.000 0.014
858.000 0.014
859.000 0.012
860.000 0.009
861.000 0.010
862.000 0.010
863.000 0.011
864.000 0.011
865.000 0.007
866.000 0.012
867.000 0.011
868.000 0.010
869.000 0.012
870.000 0.011
871.000 0.010
872.000 0.012
873.000 0.013
874.000 0.013
875.000 0.015
876.000 0.013
877.000 0.010
878.000 0.011
879.000 0.010
880.000 0.010
881.000 0.010
882.000 0.011
883.000 0.010
884.000 0.012
885.000 0.014
886.000 0.008
887.000 0.008
888.000 0.011
889.000 0.010
890.000 0.013
891.000 0.008
892.000 0.011
893.000 0.012
894.000 0.010
895.000 0.010
896.000 0.011
897.000 0.011
898.000 0.012
899.000 0.010
900.000 0.013
901.000 0.011
902.000 0.009
903.000 0.009
904.000 0.008
905.000 0.009
906.000 0.010
907.000 0.015
908.000 0.011
909.000 0.010
910.000 0.010
911.000 0.011
912.000 0.011
913.000 0.012
914.000 0.009
915.000 0.011
916.000 0.008
917.000 0.012
918.000 0.009
919.000 0.008
920.000 0.009
921.000 0.010
922.000 0.011
923.000 0.008
924.000 0.012
925.000 0.008
926.000 0.009
927.000 0.012
928.000 0.009
929.000 0.012
930.000 0.007
931.000 0.008
932.000 0.009
933.000 0.010
934.000 0.010
935.000 0.011
936.000 0.009
937.000 0.009
938.000 0.008
939.000 0.012
940.000 0.008
941.000 0.010
942.000 0.011
943.000 0.009
944.000 0.008
945.000 0.008
946.000 0.013
947.000 0.010
948.000 0.011
949.000 0.011
950.000 0.011
951.000 0.008
952.000 0.009
953.000 0.008
954.000 0.009
955.000 0.011
956.000 0.010
957.000 0.012
958.000 0.007
959.000 0.008
960.000 0.016
961.000 0.007
962.000 0.011
963.000 0.007
964.000 0.011
965.000 0.006
966.000 0.009
967.000 0.008
968.000 0.011
969.000 0.010
970.000 0.008
971.000 0.009
972.000 0.009
973.000 0.013
974.000 0.009
975.000 0.008
976.000 0.009
977.000 0.007
978.000 0.013
979.000 0.008
980.000 0.009
981.000 0.007
982.000 0.009
983.000 0.009
984.000 0.010
985.000 0.011
986.000 0.011
987.000 0.006
988.000 0.009
989.000 0.009
990.000 0.008
991.000 0.009
992.000 0.009
993.000 0.011
994.000 0.010
995.000 0.010
996.000 0.008
997.000 0.008
998.000 0.007
999.000 0.014
1000.000 0.007
1001.000 0.009
1002.000 0.010
1003.000 0.012
1004.000 0.008
1005.000 0.009
1006.000 0.009
1007.000 0.010
1008.000 0.010
1009.000 0.010
1010.000 0.010
1011.000 0.012
1012.000 0.009
1013.000 0.013
1014.000 0.009
1015.000 0.010
1016.000 0.010
1017.000 0.009
1018.000 0.010
1019.000 0.009
1020.000 0.007
1021.000 0.008
1022.000 0.008
1023.000 0.008
1024.000 0.007
1025.000 0.009
1026.000 0.010
1027.000 0.010
1028.000 0.010
1029.000 0.009
1030.000 0.008
1031.000 0.009
1032.000 0.006
1033.000 0.009
1034.000 0.007
1035.000 0.012
1036.000 0.010
1037.000 0.013
1038.000 0.009
1039.000 0.014
1040.000 0.009
1041.000 0.012
1042.000 0.010
1043.000 0.011
1044.000 0.007
1045.000 0.009
1046.000 0.008
1047.000 0.009
1048.000 0.008
1049.000 0.010
1050.000 0.009
1051.000 0.007
1052.000 0.008
1053.000 0.009
1054.000 0.010
1055.000 0.011
1056.000 0.008
1057.000 0.007
1058.000 0.010
1059.000 0.007
1060.000 0.011
1061.000 0.011
1062.000 0.009
1063.000 0.009
1064.000 0.009
1065.000 0.008
1066.000 0.009
1067.000 0.008
1068.000 0.009
1069.000 0.008
1070.000 0.012
1071.000 0.008
1072.000 0.008
1073.000 0.009
1074.000 0.008
1075.000 0.009
1076.000 0.008
1077.000 0.009
1078.000 0.005
1079.000 0.010
1080.000 0.009
1081.000 0.009
1082.000 0.010
1083.000 0.006
1084.000 0.008
1085.000 0.008
1086.000 0.009
1087.000 0.011
1088.000 0.008
1089.000 0.013
1090.000 0.008
1091.000 0.005
1092.000 0.008
1093.000 0.007
1094.000 0.010
1095.000 0.005
1096.000 0.007
1097.000 0.008
1098.000 0.009
1099.000 0.009
1100.000 0.009
1101.000 0.009
1102.000 0.010
1103.000 0.006
1104.000 0.007
1105.000 0.008
1106.000 0.009
1107.000 0.011
1108.000 0.009
1109.000 0.008
1110.000 0.009
1111.000 0.009
1112.000 0.011
1113.000 0.008
1114.000 0.010
1115.000 0.007
1116.000 0.008
1117.000 0.007
1118.000 0.008
1119.000 0.008
1120.000 0.009
1121.000 0.008
1122.000 0.007
1123.000 0.008
1124.000 0.009
1125.000 0.011
1126.000 0.009
1127.000 0.006
1128.000 0.008
1129.000 0.007
1130.000 0.010
1131.000 0.010
1132.000 0.010
1133.000 0.010
1134.000 0.008
1135.000 0.008
1136.000 0.011
1137.000 0.009
1138.000 0.009
1139.000 0.010
1140.000 0.012
1141.000 0.006
1142.000 0.008
1143.000 0.007
1144.000 0.006
1145.000 0.007
1146.000 0.009
1147.000 0.010
1148.000 0.007
1149.000 0.006
1150.000 0.005
1151.000 0.007
1152.000 0.010
1153.000 0.007
1154.000 0.010
1155.000 0.008
1156.000 0.007
1157.000 0.008
1158.000 0.009
1159.000 0.008
1160.000 0.008
1161.000 0.009
1162.000 0.007
1163.000 0.010
1164.000 0.009
1165.000 0.007
1166.000 0.008
1167.000 0.010
1168.000 0.008
1169.000 0.009
1170.000 0.009
1171.000 0.008
1172.000 0.008
1173.000 0.007
1174.000 0.010
1175.000 0.008
1176.000 0.012
1177.000 0.007
1178.000 0.009
1179.000 0.008
1180.000 0.008
1181.000 0.008
1182.000 0.006
1183.000 0.009
1184.000 0.010
1185.000 0.010
1186.000 0.010
1187.000 0.011
1188.000 0.007
1189.000 0.010
1190.000 0.009
1191.000 0.008
1192.000 0.009
1193.000 0.008
1194.000 0.008
1195.000 0.011
1196.000 0.011
1197.000 0.007
1198.000 0.009
1199.000 0.010
1200.000 0.009
1201.000 0.007
1202.000 0.008
1203.000 0.008
1204.000 0.010
1205.000 0.008
1206.000 0.008
1207.000 0.006
1208.000 0.008
1209.000 0.007
1210.000 0.006
1211.000 0.011
1212.000 0.008
1213.000 0.007
1214.000 0.007
1215.000 0.008
1216.000 0.006
1217.000 0.006
1218.000 0.008
1219.000 0.009
1220.000 0.008
1221.000 0.008
1222.000 0.008
1223.000 0.007
1224.000 0.009
1225.000 0.009
1226.000 0.007
1227.000 0.012
1228.000 0.007
1229.000 0.009
1230.000 0.007
1231.000 0.009
1232.000 0.008
1233.000 0.008
1234.000 0.008
1235.000 0.008
1236.000 0.007
1237.000 0.007
1238.000 0.007
1239.000 0.008
1240.000 0.007
1241.000 0.006
1242.000 0.009
1243.000 0.009
1244.000 0.006
1245.000 0.006
1246.000 0.008
1247.000 0.008
1248.000 0.009
1249.000 0.009
1250.000 0.007
1251.000 0.009
1252.000 0.006
1253.000 0.008
1254.000 0.007
1255.000 0.008
1256.000 0.007
1257.000 0.007
1258.000 0.007
1259.000 0.005
1260.000 0.008
1261.000 0.009
1262.000 0.005
1263.000 0.009
1264.000 0.008
1265.000 0.008
1266.000 0.009
1267.000 0.008
1268.000 0.007
1269.000 0.005
1270.000 0.010
1271.000 0.007
1272.000 0.008
1273.000 0.007
1274.000 0.008
1275.000 0.008
1276.000 0.009
1277.000 0.008
1278.000 0.005
1279.000 0.010
1280.000 0.008
1281.000 0.008
1282.000 0.007
1283.000 0.008
1284.000 0.009
1285.000 0.009
1286.000 0.007
1287.000 0.009
1288.000 0.008
1289.000 0.009
1290.000 0.007
1291.000 0.010
1292.000 0.010
1293.000 0.006
1294.000 0.007
1295.000 0.009
1296.000 0.010
1297.000 0.008
1298.000 0.006
1299.000 0.009
1300.000 0.007
1301.000 0.011
1302.000 0.005
1303.000 0.010
1304.000 0.006
1305.000 0.005
1306.000 0.007
1307.000 0.007
1308.000 0.007
1309.000 0.006
1310.000 0.007
1311.000 0.006
1312.000 0.008
1313.000 0.007
1314.000 0.008
1315.000 0.007
1316.000 0.006
1317.000 0.007
1318.000 0.006
1319.000 0.005
1320.000 0.009
1321.000 0.009
1322.000 0.006
1323.000 0.009
1324.000 0.011
1325.000 0.010
1326.000 0.007
1327.000 0.008
1328.000 0.007
1329.000 0.011
1330.000 0.009
1331.000 0.011
1332.000 0.006
1333.000 0.007
1334.000 0.007
1335.000 0.009
1336.000 0.005
1337.000 0.006
1338.000 0.008
1339.000 0.007
1340.000 0.007
1341.000 0.010
1342.000 0.007
1343.000 0.008
1344.000 0.007
1345.000 0.009
1346.000 0.007
1347.000 0.008
1348.000 0.007
1349.000 0.008
1350.000 0.006
1351.000 0.007
1352.000 0.008
1353.000 0.006
1354.000 0.007
1355.000 0.008
1356.000 0.008
1357.000 0.012
1358.000 0.006
1359.000 0.010
1360.000 0.007
1361.000 0.007
1362.000 0.009
1363.000 0.008
1364.000 0.009
1365.000 0.009
1366.000 0.007
1367.000 0.006
1368.000 0.007
1369.000 0.007
1370.000 0.007
1371.000 0.009
1372.000 0.009
1373.000 0.008
1374.000 0.007
1375.000 0.009
1376.000 0.006
1377.000 0.007
1378.000 0.010
1379.000 0.007
1380.000 0.010
1381.000 0.007
1382.000 0.006
1383.000 0.007
1384.000 0.008
1385.000 0.007
1386.000 0.007
1387.000 0.008
1388.000 0.009
1389.000 0.007
1390.000 0.006
1391.000 0.010
1392.000 0.008
1393.000 0.013
1394.000 0.009
1395.000 0.009
1396.000 0.009
1397.000 0.008
1398.000 0.010
1399.000 0.011
1400.000 0.006
1401.000 0.008
1402.000 0.007
1403.000 0.008
1404.000 0.008
1405.000 0.007
1406.000 0.006
1407.000 0.010
1408.000 0.008
1409.000 0.008
1410.000 0.006
1411.000 0.011
1412.000 0.012
1413.000 0.010
1414.000 0.009
1415.000 0.011
1416.000 0.007
1417.000 0.008
1418.000 0.007
1419.000 0.009
1420.000 0.009
1421.000 0.013
1422.000 0.010
1423.000 0.010
1424.000 0.008
1425.000 0.009
1426.000 0.007
1427.000 0.008
1428.000 0.008
1429.000 0.010
1430.000 0.010
1431.000 0.006
1432.000 0.009
1433.000 0.009
1434.000 0.010
1435.000 0.007
1436.000 0.010
1437.000 0.007
1438.000 0.010
1439.000 0.011
1440.000 0.009
1441.000 0.009
1442.000 0.011
1443.000 0.007
1444.000 0.007
1445.000 0.009
1446.000 0.011
1447.000 0.009
1448.000 0.009
1449.000 0.010
1450.000 0.006
1451.000 0.010
1452.000 0.009
1453.000 0.010
1454.000 0.009
1455.000 0.008
1456.000 0.008
1457.000 0.010
1458.000 0.008
1459.000 0.009
1460.000 0.012
1461.000 0.011
1462.000 0.007
1463.000 0.012
1464.000 0.009
1465.000 0.012
1466.000 0.009
1467.000 0.013
1468.000 0.007
1469.000 0.012
1470.000 0.010
1471.000 0.009
1472.000 0.009
1473.000 0.008
1474.000 0.008
1475.000 0.009
1476.000 0.009
1477.000 0.012
1478.000 0.010
1479.000 0.008
1480.000 0.010
1481.000 0.012
1482.000 0.010
1483.000 0.010
1484.000 0.010
1485.000 0.009
1486.000 0.010
1487.000 0.012
1488.000 0.009
1489.000 0.009
1490.000 0.010
1491.000 0.011
1492.000 0.010
1493.000 0.012
1494.000 0.010
1495.000 0.011
1496.000 0.012
1497.000 0.010
1498.000 0.009
1499.000 0.012
1500.000 0.009
1501.000 0.012
1502.000 0.013
1503.000 0.012
1504.000 0.009
1505.000 0.010
1506.000 0.010
1507.000 0.011
1508.000 0.012
1509.000 0.010
1510.000 0.009
1511.000 0.009
1512.000 0.012
1513.000 0.010
1514.000 0.011
1515.000 0.008
1516.000 0.011
1517.000 0.010
1518.000 0.010
1519.000 0.011
1520.000 0.012
1521.000 0.012
1522.000 0.009
1523.000 0.010
1524.000 0.010
1525.000 0.012
1526.000 0.011
1527.000 0.009
1528.000 0.014
1529.000 0.013
1530.000 0.011
1531.000 0.012
1532.000 0.015
1533.000 0.013
1534.000 0.013
1535.000 0.011
1536.000 0.013
1537.000 0.010
1538.000 0.010
1539.000 0.010
1540.000 0.010
1541.000 0.010
1542.000 0.013
1543.000 0.010
1544.000 0.011
1545.000 0.010
1546.000 0.013
1547.000 0.013
1548.000 0.011
1549.000 0.013
1550.000 0.012
1551.000 0.011
1552.000 0.011
1553.000 0.009
1554.000 0.012
1555.000 0.012
1556.000 0.014
1557.000 0.014
1558.000 0.011
1559.000 0.014
1560.000 0.012
1561.000 0.016
1562.000 0.010
1563.000 0.011
1564.000 0.011
1565.000 0.012
1566.000 0.012
1567.000 0.014
1568.000 0.012
1569.000 0.013
1570.000 0.011
1571.000 0.014
1572.000 0.013
1573.000 0.013
1574.000 0.012
1575.000 0.013
1576.000 0.012
1577.000 0.013
1578.000 0.014
1579.000 0.015
1580.000 0.014
1581.000 0.015
1582.000 0.012
1583.000 0.016
1584.000 0.012
1585.000 0.014
1586.000 0.012
1587.000 0.014
1588.000 0.016
1589.000 0.011
1590.000 0.013
1591.000 0.014
1592.000 0.014
1593.000 0.013
1594.000 0.014
1595.000 0.015
1596.000 0.012
1597.000 0.016
1598.000 0.013
1599.000 0.013
1600.000 0.013
1601.000 0.013
1602.000 0.012
1603.000 0.015
1604.000 0.017
1605.000 0.015
1606.000 0.012
1607.000 0.015
1608.000 0.015
1609.000 0.016
1610.000 0.013
1611.000 0.014
1612.000 0.016
1613.000 0.014
1614.000 0.016
1615.000 0.012
1616.000 0.014
1617.000 0.016
1618.000 0.016
1619.000 0.013
1620.000 0.017
1621.000 0.013
1622.000 0.014
1623.000 0.018
1624.000 0.014
1625.000 0.017
1626.000 0.017
1627.000 0.015
1628.000 0.016
1629.000 0.015
1630.000 0.015
1631.000 0.016
1632.000 0.017
1633.000 0.018
1634.000 0.016
1635.000 0.017
1636.000 0.015
1637.000 0.017
1638.000 0.015
1639.000 0.018
1640.000 0.019
1641.000 0.017
1642.000 0.016
1643.000 0.018
1644.000 0.018
1645.000 0.018
1646.000 0.017
1647.000 0.022
1648.000 0.017
1649.000 0.021
1650.000 0.016
1651.000 0.017
1652.000 0.020
1653.000 0.017
1654.000 0.018
1655.000 0.018
1656.000 0.017
1657.000 0.019
1658.000 0.017
1659.000 0.019
1660.000 0.018
1661.000 0.018
1662.000 0.019
1663.000 0.016
1664.000 0.019
1665.000 0.017
1666.000 0.020
1667.000 0.019
1668.000 0.017
1669.000 0.017
1670.000 0.021
1671.000 0.019
1672.000 0.020
1673.000 0.019
1674.000 0.019
1675.000 0.019
1676.000 0.019
1677.000 0.018
1678.000 0.019
1679.000 0.020
1680.000 0.018
1681.000 0.020
1682.000 0.021
1683.000 0.020
1684.000 0.021
1685.000 0.021
1686.000 0.019
1687.000 0.021
1688.000 0.020
1689.000 0.024
1690.000 0.020
1691.000 0.022
1692.000 0.021
1693.000 0.024
1694.000 0.022
1695.000 0.023
1696.000 0.022
1697.000 0.021
1698.000 0.025
1699.000 0.021
1700.000 0.023
1701.000 0.022
1702.000 0.023
1703.000 0.022
1704.000 0.023
1705.000 0.022
1706.000 0.021
1707.000 0.021
1708.000 0.021
1709.000 0.025
1710.000 0.024
1711.000 0.023
1712.000 0.023
1713.000 0.023
1714.000 0.023
1715.000 0.023
1716.000 0.023
1717.000 0.023
1718.000 0.024
1719.000 0.024
1720.000 0.024
1721.000 0.026
1722.000 0.026
1723.000 0.024
1724.000 0.024
1725.000 0.024
1726.000 0.024
1727.000 0.025
1728.000 0.027
1729.000 0.027
1730.000 0.025
1731.000 0.028
1732.000 0.029
1733.000 0.025
1734.000 0.027
1735.000 0.025
1736.000 0.028
1737.000 0.026
1738.000 0.024
1739.000 0.026
1740.000 0.027
1741.000 0.026
1742.000 0.027
1743.000 0.030
1744.000 0.028
1745.000 0.027
1746.000 0.026
1747.000 0.026
1748.000 0.028
1749.000 0.029
1750.000 0.027
1751.000 0.030
1752.000 0.028
1753.000 0.025
1754.000 0.029
1755.000 0.029
1756.000 0.026
1757.000 0.028
1758.000 0.029
1759.000 0.029
1760.000 0.028
1761.000 0.029
1762.000 0.028
1763.000 0.029
1764.000 0.029
1765.000 0.030
1766.000 0.030
1767.000 0.029
1768.000 0.033
1769.000 0.029
1770.000 0.031
1771.000 0.030
1772.000 0.030
1773.000 0.031
1774.000 0.032
1775.000 0.030
1776.000 0.033
1777.000 0.031
1778.000 0.036
1779.000 0.032
1780.000 0.031
1781.000 0.033
1782.000 0.031
1783.000 0.032
1784.000 0.031
1785.000 0.032
1786.000 0.033
1787.000 0.033
1788.000 0.032
1789.000 0.032
1790.000 0.034
1791.000 0.032
1792.000 0.033
1793.000 0.035
1794.000 0.035
1795.000 0.034
1796.000 0.035
1797.000 0.036
1798.000 0.034
1799.000 0.036
1800.000 0.033
1801.000 0.036
1802.000 0.037
1803.000 0.036
1804.000 0.033
1805.000 0.035
1806.000 0.035
1807.000 0.036
1808.000 0.037
1809.000 0.036
1810.000 0.037
1811.000 0.035
1812.000 0.036
1813.000 0.036
1814.000 0.034
1815.000 0.035
1816.000 0.038
1817.000 0.037
1818.000 0.038
1819.000 0.038
1820.000 0.039
1821.000 0.038
1822.000 0.039
1823.000 0.039
1824.000 0.035
1825.000 0.036
1826.000 0.038
1827.000 0.038
1828.000 0.038
1829.000 0.038
1830.000 0.041
1831.000 0.042
1832.000 0.037
1833.000 0.039
1834.000 0.038
1835.000 0.040
1836.000 0.038
1837.000 0.040
1838.000 0.039
1839.000 0.039
1840.000 0.039
1841.000 0.041
1842.000 0.039
1843.000 0.039
1844.000 0.040
1845.000 0.041
1846.000 0.042
1847.000 0.040
1848.000 0.040
1849.000 0.040
1850.000 0.039
1851.000 0.040
1852.000 0.042
1853.000 0.043
1854.000 0.040
1855.000 0.040
1856.000 0.039
1857.000 0.041
1858.000 0.042
1859.000 0.040
1860.000 0.042
1861.000 0.044
1862.000 0.042
1863.000 0.041
1864.000 0.044
1865.000 0.043
1866.000 0.040
1867.000 0.040
1868.000 0.040
1869.000 0.043
1870.000 0.043
1871.000 0.042
1872.000 0.042
1873.000 0.042
1874.000 0.043
1875.000 0.041
1876.000 0.044
1877.000 0.041
1878.000 0.041
1879.000 0.043
1880.000 0.043
1881.000 0.044
1882.000 0.044
1883.000 0.043
1884.000 0.044
1885.000 0.046
1886.000 0.042
1887.000 0.042
1888.000 0.044
1889.000 0.042
1890.000 0.043
1891.000 0.043
1892.000 0.044
1893.000 0.043
1894.000 0.045
1895.000 0.045
1896.000 0.042
1897.000 0.045
1898.000 0.044
1899.000 0.044
1900.000 0.043
1901.000 0.043
1902.000 0.044
1903.000 0.042
1904.000 0.045
1905.000 0.044
1906.000 0.046
1907.000 0.043
1908.000 0.045
1909.000 0.043
1910.000 0.044
1911.000 0.045
1912.000 0.043
1913.000 0.045
1914.000 0.043
1915.000 0.044
1916.000 0.043
1917.000 0.041
1918.000 0.047
1919.000 0.044
1920.000 0.045
1921.000 0.045
1922.000 0.043
1923.000 0.044
1924.000 0.044
1925.000 0.045
1926.000 0.044
1927.000 0.043
1928.000 0.045
1929.000 0.042
1930.000 0.044
1931.000 0.044
1932.000 0.044
1933.000 0.044
1934.000 0.043
1935.000 0.044
1936.000 0.045
1937.000 0.044
1938.000 0.042
1939.000 0.042
1940.000 0.044
1941.000 0.043
1942.000 0.042
1943.000 0.042
1944.000 0.044
1945.000 0.044
1946.000 0.045
1947.000 0.042
1948.000 0.044
1949.000 0.045
1950.000 0.046
1951.000 0.042
1952.000 0.041
1953.000 0.044
1954.000 0.042
1955.000 0.044
1956.000 0.044
1957.000 0.042
1958.000 0.043
1959.000 0.044
1960.000 0.043
1961.000 0.045
1962.000 0.043
1963.000 0.044
1964.000 0.044
1965.000 0.043
1966.000 0.043
1967.000 0.044
1968.000 0.046
1969.000 0.045
1970.000 0.042
1971.000 0.045
1972.000 0.045
1973.000 0.046
1974.000 0.045
1975.000 0.044
1976.000 0.042
1977.000 0.045
1978.000 0.045
1979.000 0.044
1980.000 0.047
1981.000 0.044
1982.000 0.044
1983.000 0.045
1984.000 0.046
1985.000 0.045
1986.000 0.043
1987.000 0.046
1988.000 0.046
1989.000 0.042
1990.000 0.045
1991.000 0.045
1992.000 0.043
1993.000 0.044
1994.000 0.046
1995.000 0.045
1996.000 0.043
1997.000 0.044
1998.000 0.045
1999.000 0.046
2000.000 0.044
2001.000 0.046
2002.000 0.044
2003.000 0.044
2004.000 0.044
2005.000 0.044
2006.000 0.042
2007.000 0.044
2008.000 0.043
2009.000 0.045
2010.000 0.046
2011.000 0.043
2012.000 0.044
2013.000 0.044
2014.000 0.045
2015.000 0.047
2016.000 0.044
2017.000 0.047
2018.000 0.045
2019.000 0.048
2020.000 0.044
2021.000 0.046
2022.000 0.045
2023.000 0.044
2024.000 0.045
2025.000 0.044
2026.000 0.044
2027.000 0.046
2028.000 0.047
2029.000 0.045
2030.000 0.043
2031.000 0.045
2032.000 0.044
2033.000 0.044
2034.000 0.047
2035.000 0.046
2036.000 0.046
2037.000 0.047
2038.000 0.044
2039.000 0.044
2040.000 0.044
2041.000 0.045
2042.000 0.046
2043.000 0.046
2044.000 0.044
2045.000 0.045
2046.000 0.046
2047.000 0.045
2048.000 0.045
2049.000 0.045
2050.000 0.045
2051.000 0.048
2052.000 0.047
2053.000 0.045
2054.000 0.046
2055.000 0.044
2056.000 0.044
2057.000 0.046
2058.000 0.046
2059.000 0.047
2060.000 0.047
2061.000 0.046
2062.000 0.045
2063.000 0.048
2064.000 0.046
2065.000 0.047
2066.000 0.046
2067.000 0.046
2068.000 0.045
2069.000 0.047
2070.000 0.044
2071.000 0.047
2072.000 0.047
2073.000 0.047
2074.000 0.046
2075.000 0.045
2076.000 0.046
2077.000 0.048
2078.000 0.047
2079.000 0.047
2080.000 0.047
2081.000 0.048
2082.000 0.049
2083.000 0.047
2084.000 0.048
2085.000 0.047
2086.000 0.047
2087.000 0.047
2088.000 0.049
2089.000 0.049
2090.000 0.048
2091.000 0.050
2092.000 0.046
2093.000 0.050
2094.000 0.048
2095.000 0.049
2096.000 0.049
2097.000 0.049
2098.000 0.047
2099.000 0.047
2100.000 0.049
2101.000 0.049
2102.000 0.048
2103.000 0.050
2104.000 0.050
2105.000 0.050
2106.000 0.048
2107.000 0.049
2108.000 0.051
2109.000 0.050
2110.000 0.048
2111.000 0.047
2112.000 0.048
2113.000 0.048
2114.000 0.050
2115.000 0.053
2116.000 0.051
2117.000 0.052
2118.000 0.051
2119.000 0.052
2120.000 0.050
2121.000 0.053
2122.000 0.052
2123.000 0.052
2124.000 0.053
2125.000 0.052
2126.000 0.054
2127.000 0.052
2128.000 0.051
2129.000 0.052
2130.000 0.054
2131.000 0.055
2132.000 0.053
2133.000 0.053
2134.000 0.053
2135.000 0.053
2136.000 0.053
2137.000 0.054
2138.000 0.057
2139.000 0.055
2140.000 0.054
2141.000 0.056
2142.000 0.052
2143.000 0.056
2144.000 0.055
2145.000 0.056
2146.000 0.056
2147.000 0.056
2148.000 0.058
2149.000 0.057
2150.000 0.058
2151.000 0.056
2152.000 0.056
2153.000 0.056
2154.000 0.058
2155.000 0.058
2156.000 0.056
2157.000 0.059
2158.000 0.060
2159.000 0.059
2160.000 0.058
2161.000 0.057
2162.000 0.060
2163.000 0.060
2164.000 0.059
2165.000 0.059
2166.000 0.061
2167.000 0.060
2168.000 0.062
2169.000 0.063
2170.000 0.062
2171.000 0.062
2172.000 0.060
2173.000 0.062
2174.000 0.063
2175.000 0.063
2176.000 0.063
2177.000 0.063
2178.000 0.064
2179.000 0.063
2180.000 0.064
2181.000 0.064
2182.000 0.067
2183.000 0.066
2184.000 0.067
2185.000 0.067
2186.000 0.066
2187.000 0.066
2188.000 0.067
2189.000 0.065
2190.000 0.067
2191.000 0.068
2192.000 0.069
2193.000 0.071
2194.000 0.070
2195.000 0.070
2196.000 0.071
2197.000 0.070
2198.000 0.072
2199.000 0.071
2200.000 0.072
2201.000 0.073
2202.000 0.073
2203.000 0.074
2204.000 0.077
2205.000 0.076
2206.000 0.080
2207.000 0.077
2208.000 0.078
2209.000 0.077
2210.000 0.078
2211.000 0.080
2212.000 0.081
2213.000 0.080
2214.000 0.079
2215.000 0.082
2216.000 0.083
2217.000 0.086
2218.000 0.085
2219.000 0.086
2220.000 0.089
2221.000 0.086
2222.000 0.088
2223.000 0.091
2224.000 0.089
2225.000 0.092
2226.000 0.093
2227.000 0.093
2228.000 0.094
2229.000 0.094
2230.000 0.097
2231.000 0.097
2232.000 0.100
2233.000 0.102
2234.000 0.102
2235.000 0.103
2236.000 0.107
2237.000 0.106
2238.000 0.110
2239.000 0.111
2240.000 0.115
2241.000 0.117
2242.000 0.118
2243.000 0.118
2244.000 0.122
2245.000 0.122
2246.000 0.124
2247.000 0.127
2248.000 0.128
2249.000 0.133
2250.000 0.134
2251.000 0.138
2252.000 0.140
2253.000 0.144
2254.000 0.145
2255.000 0.147
2256.000 0.152
2257.000 0.156
2258.000 0.162
2259.000 0.163
2260.000 0.169
2261.000 0.172
2262.000 0.178
2263.000 0.184
2264.000 0.185
2265.000 0.195
2266.000 0.203
2267.000 0.207
2268.000 0.216
2269.000 0.221
2270.000 0.233
2271.000 0.240
2272.000 0.252
2273.000 0.263
2274.000 0.272
2275.000 0.287
2276.000 0.298
2277.000 0.318
2278.000 0.343
2279.000 0.353
2280.000 0.380
2281.000 0.411
2282.000 0.430
2283.000 0.471
2284.000 0.495
2285.000 0.538
2286.000 0.563
2287.000 0.615
2288.000 0.643
2289.000 0.657
2290.000 0.670
2291.000 0.673
2292.000 0.675
2293.000 0.683
2294.000 0.683
2295.000 0.666
2296.000 0.650
2297.000 0.598
2298.000 0.571
2299.000 0.514
2300.000 0.466
2301.000 0.442
2302.000 0.400
2303.000 0.365
2304.000 0.351
2305.000 0.321
2306.000 0.310
2307.000 0.285
2308.000 0.277
2309.000 0.253
2310.000 0.238
2311.000 0.235
2312.000 0.220
2313.000 0.204
2314.000 0.199
2315.000 0.191
2316.000 0.186
2317.000 0.179
2318.000 0.167
2319.000 0.161
2320.000 0.155
2321.000 0.151
2322.000 0.147
2323.000 0.144
2324.000 0.138
2325.000 0.131
2326.000 0.129
2327.000 0.121
2328.000 0.120
2329.000 0.119
2330.000 0.113
2331.000 0.111
2332.000 0.106
2333.000 0.105
2334.000 0.104
2335.000 0.099
2336.000 0.098
2337.000 0.091
2338.000 0.092
2339.000 0.090
2340.000 0.088
2341.000 0.087
2342.000 0.083
2343.000 0.085
2344.000 0.082
2345.000 0.079
2346.000 0.079
2347.000 0.077
2348.000 0.075
2349.000 0.072
2350.000 0.070
2351.000 0.070
2352.000 0.071
2353.000 0.072
2354.000 0.066
2355.000 0.064
2356.000 0.065
2357.000 0.064
2358.000 0.063
2359.000 0.060
2360.000 0.057
2361.000 0.060
2362.000 0.059
2363.000 0.059
2364.000 0.057
2365.000 0.055
2366.000 0.054
2367.000 0.055
2368.000 0.052
2369.000 0.053
2370.000 0.051
2371.000 0.051
2372.000 0.051
2373.000 0.050
2374.000 0.049
2375.000 0.048
2376.000 0.048
2377.000 0.046
2378.000 0.046
2379.000 0.047
2380.000 0.044
2381.000 0.044
2382.000 0.044
2383.000 0.042
2384.000 0.044
2385.000 0.041
2386.000 0.041
2387.000 0.042
2388.000 0.041
2389.000 0.040
2390.000 0.040
2391.000 0.041
2392.000 0.038
2393.000 0.039
2394.000 0.038
2395.000 0.038
2396.000 0.037
2397.000 0.035
2398.000 0.037
2399.000 0.037
2400.000 0.036
2401.000 0.035
2402.000 0.035
2403.000 0.033
2404.000 0.034
2405.000 0.033
2406.000 0.035
2407.000 0.031
2408.000 0.034
2409.000 0.030
2410.000 0.034
2411.000 0.033
2412.000 0.033
2413.000 0.032
2414.000 0.032
2415.000 0.032
2416.000 0.031
2417.000 0.030
2418.000 0.029
2419.000 0.029
2420.000 0.030
2421.000 0.030
2422.000 0.029
2423.000 0.030
2424.000 0.030
2425.000 0.029
2426.000 0.029
2427.000 0.032
2428.000 0.027
2429.000 0.027
2430.000 0.027
2431.000 0.026
2432.000 0.026
2433.000 0.029
2434.000 0.027
2435.000 0.027
2436.000 0.027
2437.000 0.026
2438.000 0.028
2439.000 0.026
2440.000 0.027
2441.000 0.024
2442.000 0.024
2443.000 0.026
2444.000 0.026
2445.000 0.025
2446.000 0.024
2447.000 0.023
2448.000 0.026
2449.000 0.025
2450.000 0.027
2451.000 0.025
2452.000 0.024
2453.000 0.026
2454.000 0.025
2455.000 0.022
2456.000 0.025
2457.000 0.023
2458.000 0.023
2459.000 0.023
2460.000 0.023
2461.000 0.024
2462.000 0.024
2463.000 0.024
2464.000 0.023
2465.000 0.023
2466.000 0.020
2467.000 0.024
2468.000 0.022
2469.000 0.022
2470.000 0.022
2471.000 0.020
2472.000 0.022
2473.000 0.022
2474.000 0.023
2475.000 0.023
2476.000 0.022
2477.000 0.021
2478.000 0.021
2479.000 0.022
2480.000 0.023
2481.000 0.023
2482.000 0.023
2483.000 0.021
2484.000 0.021
2485.000 0.022
2486.000 0.024
2487.000 0.021
2488.000 0.021
2489.000 0.021
2490.000 0.022
2491.000 0.023
2492.000 0.020
2493.000 0.021
2494.000 0.021
2495.000 0.022
2496.000 0.022
2497.000 0.023
2498.000 0.020
2499.000 0.020
2500.000 0.020
2501.000 0.022
2502.000 0.019
2503.000 0.020
2504.000 0.020
2505.000 0.020
2506.000 0.021
2507.000 0.021
2508.000 0.021
2509.000 0.021
2510.000 0.020
2511.000 0.022
2512.000 0.021
2513.000 0.020
2514.000 0.020
2515.000 0.021
2516.000 0.021
2517.000 0.020
2518.000 0.020
2519.000 0.022
2520.000 0.020
2521.000 0.022
2522.000 0.023
2523.000 0.020
2524.000 0.022
2525.000 0.022
2526.000 0.021
2527.000 0.020
2528.000 0.020
2529.000 0.023
2530.000 0.020
2531.000 0.021
2532.000 0.020
2533.000 0.020
2534.000 0.021
2535.000 0.021
2536.000 0.021
2537.000 0.020
2538.000 0.022
2539.000 0.019
2540.000 0.020
2541.000 0.019
2542.000 0.021
2543.000 0.020
2544.000 0.021
2545.000 0.023
2546.000 0.020
2547.000 0.020
2548.000 0.021
2549.000 0.023
2550.000 0.021
2551.000 0.022
2552.000 0.021
2553.000 0.021
2554.000 0.020
2555.000 0.021
2556.000 0.022
2557.000 0.021
2558.000 0.020
2559.000 0.023
2560.000 0.023
2561.000 0.022
2562.000 0.020
2563.000 0.021
2564.000 0.021
2565.000 0.021
2566.000 0.022
2567.000 0.022
2568.000 0.022
2569.000 0.021
2570.000 0.021
2571.000 0.023
2572.000 0.024
2573.000 0.022
2574.000 0.023
2575.000 0.023
2576.000 0.022
2577.000 0.024
2578.000 0.022
2579.000 0.025
2580.000 0.022
2581.000 0.022
2582.000 0.024
2583.000 0.020
2584.000 0.021
2585.000 0.022
2586.000 0.023
2587.000 0.023
2588.000 0.023
2589.000 0.022
2590.000 0.024
2591.000 0.023
2592.000 0.024
2593.000 0.025
2594.000 0.023
2595.000 0.025
2596.000 0.023
2597.000 0.023
2598.000 0.025
2599.000 0.025
2600.000 0.026
2601.000 0.024
2602.000 0.024
2603.000 0.025
2604.000 0.025
2605.000 0.024
2606.000 0.023
2607.000 0.022
2608.000 0.026
2609.000 0.026
2610.000 0.024
2611.000 0.025
2612.000 0.024
2613.000 0.025
2614.000 0.024
2615.000 0.026
2616.000 0.027
2617.000 0.025
2618.000 0.024
2619.000 0.024
2620.000 0.025
2621.000 0.025
2622.000 0.025
2623.000 0.024
2624.000 0.025
2625.000 0.026
2626.000 0.026
2627.000 0.025
2628.000 0.024
2629.000 0.029
2630.000 0.026
2631.000 0.025
2632.000 0.028
2633.000 0.025
2634.000 0.026
2635.000 0.026
2636.000 0.026
2637.000 0.026
2638.000 0.024
2639.000 0.027
2640.000 0.027
2641.000 0.029
2642.000 0.027
2643.000 0.027
2644.000 0.025
2645.000 0.026
2646.000 0.029
2647.000 0.027
2648.000 0.029
2649.000 0.027
2650.000 0.027
2651.000 0.028
2652.000 0.028
2653.000 0.027
2654.000 0.027
2655.000 0.029
2656.000 0.028
2657.000 0.029
2658.000 0.028
2659.000 0.029
2660.000 0.030
2661.000 0.029
2662.000 0.028
2663.000 0.030
2664.000 0.027
2665.000 0.030
2666.000 0.029
2667.000 0.030
2668.000 0.030
2669.000 0.031
2670.000 0.029
2671.000 0.033
2672.000 0.030
2673.000 0.029
2674.000 0.030
2675.000 0.028
2676.000 0.030
2677.000 0.030
2678.000 0.030
2679.000 0.030
2680.000 0.031
2681.000 0.031
2682.000 0.032
2683.000 0.032
2684.000 0.031
2685.000 0.030
2686.000 0.030
2687.000 0.032
2688.000 0.032
2689.000 0.030
2690.000 0.031
2691.000 0.030
2692.000 0.033
2693.000 0.031
2694.000 0.032
2695.000 0.030
2696.000 0.032
2697.000 0.032
2698.000 0.033
2699.000 0.031
2700.000 0.033
2701.000 0.033
2702.000 0.032
2703.000 0.033
2704.000 0.033
2705.000 0.031
2706.000 0.034
2707.000 0.032
2708.000 0.035
2709.000 0.032
2710.000 0.033
2711.000 0.033
2712.000 0.034
2713.000 0.033
2714.000 0.035
2715.000 0.034
2716.000 0.035
2717.000 0.034
2718.000 0.036
2719.000 0.035
2720.000 0.036
2721.000 0.035
2722.000 0.033
2723.000 0.034
2724.000 0.036
2725.000 0.035
2726.000 0.035
2727.000 0.038
2728.000 0.036
2729.000 0.036
2730.000 0.037
2731.000 0.034
2732.000 0.035
2733.000 0.038
2734.000 0.035
2735.000 0.037
2736.000 0.036
2737.000 0.036
2738.000 0.036
2739.000 0.038
2740.000 0.038
2741.000 0.038
2742.000 0.036
2743.000 0.038
2744.000 0.040
2745.000 0.037
2746.000 0.037
2747.000 0.037
2748.000 0.038
2749.000 0.037
2750.000 0.038
2751.000 0.038
2752.000 0.038
2753.000 0.039
2754.000 0.038
2755.000 0.039
2756.000 0.039
2757.000 0.038
2758.000 0.041
2759.000 0.039
2760.000 0.041
2761.000 0.039
2762.000 0.038
2763.000 0.038
2764.000 0.039
2765.000 0.041
2766.000 0.041
2767.000 0.040
2768.000 0.038
2769.000 0.041
2770.000 0.040
2771.000 0.040
2772.000 0.040
2773.000 0.041
2774.000 0.043
2775.000 0.041
2776.000 0.041
2777.000 0.042
2778.000 0.041
2779.000 0.041
2780.000 0.042
2781.000 0.041
2782.000 0.040
2783.000 0.042
2784.000 0.043
2785.000 0.042
2786.000 0.042
2787.000 0.043
2788.000 0.041
2789.000 0.041
2790.000 0.042
2791.000 0.042
2792.000 0.043
2793.000 0.043
2794.000 0.044
2795.000 0.044
2796.000 0.042
2797.000 0.043
2798.000 0.042
2799.000 0.044
2800.000 0.044
2801.000 0.045
2802.000 0.045
2803.000 0.043
2804.000 0.044
2805.000 0.046
2806.000 0.043
2807.000 0.047
2808.000 0.043
2809.000 0.044
2810.000 0.043
2811.000 0.047
2812.000 0.044
2813.000 0.046
2814.000 0.045
2815.000 0.047
2816.000 0.045
2817.000 0.044
2818.000 0.045
2819.000 0.046
2820.000 0.048
2821.000 0.047
2822.000 0.046
2823.000 0.047
2824.000 0.046
2825.000 0.048
2826.000 0.048
2827.000 0.043
2828.000 0.047
2829.000 0.048
2830.000 0.049
2831.000 0.047
2832.000 0.047
2833.000 0.047
2834.000 0.048
2835.000 0.047
2836.000 0.048
2837.000 0.047
2838.000 0.048
2839.000 0.046
2840.000 0.047
2841.000 0.047
2842.000 0.046
2843.000 0.046
2844.000 0.048
2845.000 0.048
2846.000 0.047
2847.000 0.049
2848.000 0.048
2849.000 0.047
2850.000 0.049
2851.000 0.047
2852.000 0.047
2853.000 0.048
2854.000 0.049
2855.000 0.048
2856.000 0.047
2857.000 0.049
2858.000 0.049
2859.000 0.048
2860.000 0.047
2861.000 0.048
2862.000 0.049
2863.000 0.047
2864.000 0.048
2865.000 0.048
2866.000 0.048
2867.000 0.049
2868.000 0.047
2869.000 0.049
2870.000 0.048
2871.000 0.048
2872.000 0.049
2873.000 0.050
2874.000 0.050
2875.000 0.048
2876.000 0.048
2877.000 0.050
2878.000 0.050
2879.000 0.051
2880.000 0.048
2881.000 0.046
2882.000 0.050
2883.000 0.050
2884.000 0.049
2885.000 0.049
2886.000 0.050
2887.000 0.048
2888.000 0.049
2889.000 0.049
2890.000 0.049
2891.000 0.050
2892.000 0.049
2893.000 0.047
2894.000 0.048
2895.000 0.051
2896.000 0.049
2897.000 0.051
2898.000 0.049
2899.000 0.050
2900.000 0.048
2901.000 0.050
2902.000 0.049
2903.000 0.050
2904.000 0.049
2905.000 0.050
2906.000 0.049
2907.000 0.050
2908.000 0.050
2909.000 0.050
2910.000 0.049
2911.000 0.049
2912.000 0.050
2913.000 0.049
2914.000 0.050
2915.000 0.049
2916.000 0.049
2917.000 0.049
2918.000 0.049
2919.000 0.049
2920.000 0.047
2921.000 0.050
2922.000 0.048
2923.000 0.049
2924.000 0.048
2925.000 0.049
2926.000 0.049
2927.000 0.048
2928.000 0.047
2929.000 0.051
2930.000 0.048
2931.000 0.049
2932.000 0.049
2933.000 0.050
2934.000 0.048
2935.000 0.049
2936.000 0.048
2937.000 0.050
2938.000 0.049
2939.000 0.046
2940.000 0.048
2941.000 0.049
2942.000 0.047
2943.000 0.048
2944.000 0.050
2945.000 0.049
2946.000 0.049
2947.000 0.050
2948.000 0.047
2949.000 0.048
2950.000 0.048
2951.000 0.048
2952.000 0.048
2953.000 0.048
2954.000 0.049
2955.000 0.049
2956.000 0.048
2957.000 0.049
2958.000 0.046
2959.000 0.048
2960.000 0.048
2961.000 0.049
2962.000 0.049
2963.000 0.049
2964.000 0.047
2965.000 0.048
2966.000 0.049
2967.000 0.047
2968.000 0.048
2969.000 0.048
2970.000 0.048
2971.000 0.048
2972.000 0.049
2973.000 0.047
2974.000 0.045
2975.000 0.046
2976.000 0.047
2977.000 0.045
2978.000 0.048
2979.000 0.048
2980.000 0.048
2981.000 0.045
2982.000 0.049
2983.000 0.045
2984.000 0.047
2985.000 0.047
2986.000 0.048
2987.000 0.046
2988.000 0.046
2989.000 0.048
2990.000 0.045
2991.000 0.046
2992.000 0.045
2993.000 0.046
2994.000 0.045
2995.000 0.046
2996.000 0.046
2997.000 0.047
2998.000 0.047
2999.000 0.046
3000.000 0.045
3001.000 0.046
3002.000 0.045
3003.000 0.047
3004.000 0.048
3005.000 0.048
3006.000 0.047
3007.000 0.047
3008.000 0.047
3009.000 0.046
3010.000 0.048
3011.000 0.047
3012.000 0.050
3013.000 0.047
3014.000 0.046
3015.000 0.044
3016.000 0.045
3017.000 0.043
3018.000 0.047
3019.000 0.047
3020.000 0.045
3021.000 0.046
3022.000 0.045
3023.000 0.048
3024.000 0.046
3025.000 0.046
3026.000 0.045
3027.000 0.045
3028.000 0.047
3029.000 0.046
3030.000 0.045
3031.000 0.044
3032.000 0.043
3033.000 0.045
3034.000 0.045
3035.000 0.044
3036.000 0.044
3037.000 0.046
3038.000 0.045
3039.000 0.042
3040.000 0.046
3041.000 0.047
3042.000 0.046
3043.000 0.046
3044.000 0.044
3045.000 0.045
3046.000 0.045
3047.000 0.045
3048.000 0.046
3049.000 0.045
3050.000 0.045
3051.000 0.045
3052.000 0.045
3053.000 0.045
3054.000 0.046
3055.000 0.046
3056.000 0.046
3057.000 0.044
3058.000 0.044
3059.000 0.044
3060.000 0.046
3061.000 0.046
3062.000 0.045
3063.000 0.043
3064.000 0.043
3065.000 0.044
3066.000 0.043
3067.000 0.045
3068.000 0.045
3069.000 0.045
3070.000 0.046
3071.000 0.044
3072.000 0.044
3073.000 0.044
3074.000 0.046
3075.000 0.044
3076.000 0.044
3077.000 0.045
3078.000 0.044
3079.000 0.043
3080.000 0.046
3081.000 0.046
3082.000 0.043
3083.000 0.044
3084.000 0.044
3085.000 0.044
3086.000 0.044
3087.000 0.043
3088.000 0.044
3089.000 0.042
3090.000 0.045
3091.000 0.043
3092.000 0.045
3093.000 0.043
3094.000 0.044
3095.000 0.045
3096.000 0.044
3097.000 0.043
3098.000 0.044
3099.000 0.043
3100.000 0.042
3101.000 0.042
3102.000 0.044
3103.000 0.042
3104.000 0.044
3105.000 0.042
3106.000 0.044
3107.000 0.044
3108.000 0.043
3109.000 0.045
3110.000 0.044
3111.000 0.043
3112.000 0.043
3113.000 0.044
3114.000 0.041
3115.000 0.044
3116.000 0.043
3117.000 0.044
3118.000 0.044
3119.000 0.042
3120.000 0.042
3121.000 0.043
3122.000 0.043
3123.000 0.045
3124.000 0.043
3125.000 0.044
3126.000 0.043
3127.000 0.044
3128.000 0.043
3129.000 0.045
3130.000 0.045
3131.000 0.043
3132.000 0.042
3133.000 0.042
3134.000 0.043
3135.000 0.043
3136.000 0.044
3137.000 0.043
3138.000 0.044
3139.000 0.045
3140.000 0.042
3141.000 0.044
3142.000 0.043
3143.000 0.044
3144.000 0.045
3145.000 0.045
3146.000 0.043
3147.000 0.043
3148.000 0.042
3149.000 0.042
3150.000 0.042
3151.000 0.043
3152.000 0.044
3153.000 0.041
3154.000 0.042
3155.000 0.043
3156.000 0.042
3157.000 0.044
3158.000 0.043
3159.000 0.043
3160.000 0.043
3161.000 0.042
3162.000 0.042
3163.000 0.043
3164.000 0.045
3165.000 0.042
3166.000 0.042
3167.000 0.042
3168.000 0.042
3169.000 0.043
3170.000 0.042
3171.000 0.041
3172.000 0.041
3173.000 0.043
3174.000 0.041
3175.000 0.042
3176.000 0.043
3177.000 0.043
3178.000 0.043
3179.000 0.044
3180.000 0.041
3181.000 0.041
3182.000 0.043
3183.000 0.043
3184.000 0.043
3185.000 0.043
3186.000 0.042
3187.000 0.042
3188.000 0.044
3189.000 0.043
3190.000 0.042
3191.000 0.043
3192.000 0.043
3193.000 0.042
3194.000 0.044
3195.000 0.042
3196.000 0.044
3197.000 0.043
3198.000 0.043
3199.000 0.041
3200.000 0.042
3201.000 0.041
3202.000 0.043
3203.000 0.042
3204.000 0.042
3205.000 0.041
3206.000 0.042
3207.000 0.040
3208.000 0.042
3209.000 0.043
3210.000 0.043
3211.000 0.044
3212.000 0.042
3213.000 0.043
3214.000 0.043
3215.000 0.043
3216.000 0.043
3217.000 0.043
3218.000 0.042
3219.000 0.045
3220.000 0.042
3221.000 0.042
3222.000 0.043
3223.000 0.043
3224.000 0.043
3225.000 0.044
3226.000 0.043
3227.000 0.043
3228.000 0.045
3229.000 0.044
3230.000 0.043
3231.000 0.042
3232.000 0.043
3233.000 0.045
3234.000 0.044
3235.000 0.045
3236.000 0.043
3237.000 0.044
3238.000 0.044
3239.000 0.043
3240.000 0.045
3241.000 0.044
3242.000 0.045
3243.000 0.044
3244.000 0.044
3245.000 0.043
3246.000 0.044
3247.000 0.045
3248.000 0.043
3249.000 0.044
3250.000 0.045
3251.000 0.043
3252.000 0.043
3253.000 0.043
3254.000 0.043
3255.000 0.042
3256.000 0.043
3257.000 0.044
3258.000 0.045
3259.000 0.046
3260.000 0.044
3261.000 0.045
3262.000 0.045
3263.000 0.044
3264.000 0.045
3265.000 0.045
3266.000 0.044
3267.000 0.045
3268.000 0.045
3269.000 0.044
3270.000 0.045
3271.000 0.044
3272.000 0.043
3273.000 0.045
3274.000 0.043
3275.000 0.045
3276.000 0.045
3277.000 0.045
3278.000 0.045
3279.000 0.045
3280.000 0.046
3281.000 0.044
3282.000 0.044
3283.000 0.045
3284.000 0.046
3285.000 0.044
3286.000 0.045
3287.000 0.043
3288.000 0.044
3289.000 0.045
3290.000 0.046
3291.000 0.045
3292.000 0.046
3293.000 0.046
3294.000 0.046
3295.000 0.047
3296.000 0.047
3297.000 0.045
3298.000 0.046
3299.000 0.046
3300.000 0.047
3301.000 0.049
3302.000 0.047
3303.000 0.046
3304.000 0.045
3305.000 0.045
3306.000 0.047
3307.000 0.047
3308.000 0.047
3309.000 0.048
3310.000 0.046
3311.000 0.044
3312.000 0.048
3313.000 0.047
3314.000 0.047
3315.000 0.048
3316.000 0.047
3317.000 0.047
3318.000 0.047
3319.000 0.047
3320.000 0.048
3321.000 0.050
3322.000 0.048
3323.000 0.048
3324.000 0.050
3325.000 0.048
3326.000 0.048
3327.000 0.049
3328.000 0.047
3329.000 0.047
3330.000 0.048
3331.000 0.047
3332.000 0.049
3333.000 0.047
3334.000 0.050
3335.000 0.048
3336.000 0.047
3337.000 0.048
3338.000 0.049
3339.000 0.050
3340.000 0.050
3341.000 0.048
3342.000 0.049
3343.000 0.049
3344.000 0.049
3345.000 0.049
3346.000 0.051
3347.000 0.049
3348.000 0.051
3349.000 0.050
3350.000 0.050
3351.000 0.049
3352.000 0.050
3353.000 0.050
3354.000 0.050
3355.000 0.051
3356.000 0.050
3357.000 0.051
3358.000 0.050
3359.000 0.052
3360.000 0.051
3361.000 0.050
3362.000 0.050
3363.000 0.051
3364.000 0.051
3365.000 0.052
3366.000 0.052
3367.000 0.050
3368.000 0.054
3369.000 0.053
3370.000 0.051
3371.000 0.051
3372.000 0.052
3373.000 0.051
3374.000 0.053
3375.000 0.052
3376.000 0.053
3377.000 0.053
3378.000 0.053
3379.000 0.054
3380.000 0.054
3381.000 0.053
3382.000 0.051
3383.000 0.053
3384.000 0.054
3385.000 0.055
3386.000 0.054
3387.000 0.054
3388.000 0.054
3389.000 0.053
3390.000 0.054
3391.000 0.053
3392.000 0.053
3393.000 0.055
3394.000 0.054
3395.000 0.055
3396.000 0.055
3397.000 0.056
3398.000 0.055
3399.000 0.055
3400.000 0.057
3401.000 0.055
3402.000 0.056
3403.000 0.056
3404.000 0.056
3405.000 0.055
3406.000 0.055
3407.000 0.056
3408.000 0.056
3409.000 0.058
3410.000 0.056
3411.000 0.057
3412.000 0.059
3413.000 0.056
3414.000 0.059
3415.000 0.057
3416.000 0.061
3417.000 0.058
3418.000 0.060
3419.000 0.058
3420.000 0.058
3421.000 0.058
3422.000 0.059
3423.000 0.059
3424.000 0.058
3425.000 0.060
3426.000 0.059
3427.000 0.060
3428.000 0.061
3429.000 0.060
3430.000 0.062
3431.000 0.062
3432.000 0.060
3433.000 0.061
3434.000 0.061
3435.000 0.062
3436.000 0.061
3437.000 0.062
3438.000 0.061
3439.000 0.061
3440.000 0.063
3441.000 0.060
3442.000 0.062
3443.000 0.062
3444.000 0.063
3445.000 0.065
3446.000 0.062
3447.000 0.064
3448.000 0.066
3449.000 0.064
3450.000 0.066
3451.000 0.063
3452.000 0.065
3453.000 0.064
3454.000 0.066
3455.000 0.065
3456.000 0.067
3457.000 0.066
3458.000 0.066
3459.000 0.066
3460.000 0.065
3461.000 0.066
3462.000 0.068
3463.000 0.068
3464.000 0.068
3465.000 0.067
3466.000 0.069
3467.000 0.071
3468.000 0.071
3469.000 0.069
3470.000 0.071
3471.000 0.071
3472.000 0.070
3473.000 0.069
3474.000 0.070
3475.000 0.069
3476.000 0.070
3477.000 0.071
3478.000 0.071
3479.000 0.072
3480.000 0.073
3481.000 0.072
3482.000 0.073
3483.000 0.073
3484.000 0.073
3485.000 0.073
3486.000 0.075
3487.000 0.074
3488.000 0.075
3489.000 0.074
3490.000 0.075
3491.000 0.076
3492.000 0.076
3493.000 0.076
3494.000 0.077
3495.000 0.077
3496.000 0.077
3497.000 0.078
3498.000 0.079
3499.000 0.079
3500.000 0.079
3501.000 0.078
3502.000 0.079
3503.000 0.081
3504.000 0.080
3505.000 0.081
3506.000 0.081
3507.000 0.084
3508.000 0.081
3509.000 0.083
3510.000 0.084
3511.000 0.083
3512.000 0.085
3513.000 0.085
3514.000 0.086
3515.000 0.089
3516.000 0.086
3517.000 0.087
3518.000 0.087
3519.000 0.087
3520.000 0.088
3521.000 0.089
3522.000 0.090
3523.000 0.089
3524.000 0.088
3525.000 0.091
3526.000 0.092
3527.000 0.091
3528.000 0.092
3529.000 0.092
3530.000 0.093
3531.000 0.093
3532.000 0.095
3533.000 0.093
3534.000 0.096
3535.000 0.096
3536.000 0.097
3537.000 0.098
3538.000 0.096
3539.000 0.098
3540.000 0.099
3541.000 0.099
3542.000 0.100
3543.000 0.099
3544.000 0.102
3545.000 0.104
3546.000 0.104
3547.000 0.105
3548.000 0.104
3549.000 0.105
3550.000 0.105
3551.000 0.106
3552.000 0.107
3553.000 0.107
3554.000 0.109
3555.000 0.111
3556.000 0.110
3557.000 0.111
3558.000 0.111
3559.000 0.113
3560.000 0.113
3561.000 0.116
3562.000 0.116
3563.000 0.117
3564.000 0.119
3565.000 0.118
3566.000 0.119
3567.000 0.120
3568.000 0.123
3569.000 0.122
3570.000 0.124
3571.000 0.126
3572.000 0.126
3573.000 0.127
3574.000 0.128
3575.000 0.131
3576.000 0.131
3577.000 0.132
3578.000 0.135
3579.000 0.136
3580.000 0.136
3581.000 0.137
3582.000 0.139
3583.000 0.139
3584.000 0.142
3585.000 0.145
3586.000 0.145
3587.000 0.145
3588.000 0.146
3589.000 0.149
3590.000 0.151
3591.000 0.153
3592.000 0.154
3593.000 0.156
3594.000 0.157
3595.000 0.158
3596.000 0.161
3597.000 0.165
3598.000 0.166
3599.000 0.166
3600.000 0.168
3601.000 0.172
3602.000 0.174
3603.000 0.174
3604.000 0.177
3605.000 0.178
3606.000 0.182
3607.000 0.186
3608.000 0.186
3609.000 0.190
3610.000 0.192
3611.000 0.197
3612.000 0.198
3613.000 0.201
3614.000 0.204
3615.000 0.208
3616.000 0.211
3617.000 0.215
3618.000 0.217
3619.000 0.220
3620.000 0.223
3621.000 0.230
3622.000 0.234
3623.000 0.235
3624.000 0.240
3625.000 0.248
3626.000 0.248
3627.000 0.256
3628.000 0.258
3629.000 0.266
3630.000 0.270
3631.000 0.275
3632.000 0.283
3633.000 0.287
3634.000 0.294
3635.000 0.299
3636.000 0.307
3637.000 0.315
3638.000 0.321
3639.000 0.331
3640.000 0.335
3641.000 0.348
3642.000 0.359
3643.000 0.363
3644.000 0.377
3645.000 0.385
3646.000 0.400
3647.000 0.413
3648.000 0.421
3649.000 0.439
3650.000 0.448
3651.000 0.469
3652.000 0.491
3653.000 0.501
3654.000 0.526
3655.000 0.538
3656.000 0.568
3657.000 0.581
3658.000 0.614
3659.000 0.649
3660.000 0.669
3661.000 0.711
3662.000 0.758
3663.000 0.784
3664.000 0.839
3665.000 0.871
3666.000 0.935
3667.000 0.971
3668.000 1.048
3669.000 1.133
3670.000 1.178
3671.000 1.281
3672.000 1.394
3673.000 1.454
3674.000 1.584
3675.000 1.649
3676.000 1.764
3677.000 1.851
3678.000 1.881
3679.000 1.892
3680.000 1.874
3681.000 1.789
3682.000 1.730
3683.000 1.586
3684.000 1.434
3685.000 1.364
3686.000 1.232
3687.000 1.118
3688.000 1.068
3689.000 0.977
3690.000 0.939
3691.000 0.865
3692.000 0.831
3693.000 0.775
3694.000 0.722
3695.000 0.700
3696.000 0.657
3697.000 0.637
3698.000 0.603
3699.000 0.569
3700.000 0.555
3701.000 0.528
3702.000 0.503
3703.000 0.491
3704.000 0.469
3705.000 0.457
3706.000 0.439
3707.000 0.430
3708.000 0.412
3709.000 0.396
3710.000 0.391
3711.000 0.375
3712.000 0.368
3713.000 0.356
3714.000 0.344
3715.000 0.338
3716.000 0.328
3717.000 0.325
3718.000 0.314
3719.000 0.309
3720.000 0.299
3721.000 0.292
3722.000 0.287
3723.000 0.281
3724.000 0.274
3725.000 0.267
3726.000 0.262
3727.000 0.260
3728.000 0.252
3729.000 0.251
3730.000 0.242
3731.000 0.240
3732.000 0.237
3733.000 0.231
3734.000 0.224
3735.000 0.223
3736.000 0.218
3737.000 0.217
3738.000 0.211
3739.000 0.207
3740.000 0.206
3741.000 0.203
3742.000 0.198
3743.000 0.196
3744.000 0.195
3745.000 0.189
3746.000 0.188
3747.000 0.186
3748.000 0.182
3749.000 0.180
3750.000 0.176
3751.000 0.177
3752.000 0.174
3753.000 0.171
3754.000 0.168
3755.000 0.165
3756.000 0.164
3757.000 0.162
3758.000 0.160
3759.000 0.157
3760.000 0.156
3761.000 0.156
3762.000 0.154
3763.000 0.150
3764.000 0.150
3765.000 0.147
3766.000 0.146
3767.000 0.145
3768.000 0.143
3769.000 0.143
3770.000 0.141
3771.000 0.139
3772.000 0.138
3773.000 0.134
3774.000 0.135
3775.000 0.132
3776.000 0.133
3777.000 0.130
3778.000 0.130
3779.000 0.127
3780.000 0.126
3781.000 0.125
3782.000 0.122
3783.000 0.123
3784.000 0.123
3785.000 0.121
3786.000 0.119
3787.000 0.119
3788.000 0.118
3789.000 0.117
3790.000 0.115
3791.000 0.116
3792.000 0.114
3793.000 0.112
3794.000 0.113
3795.000 0.111
3796.000 0.111
3797.000 0.109
3798.000 0.108
3799.000 0.109
3800.000 0.108
3801.000 0.104
3802.000 0.106
3803.000 0.104
3804.000 0.102
3805.000 0.102
3806.000 0.103
3807.000 0.101
3808.000 0.102
3809.000 0.100
3810.000 0.099
3811.000 0.098
3812.000 0.097
3813.000 0.097
3814.000 0.096
3815.000 0.096
3816.000 0.095
3817.000 0.093
3818.000 0.094
3819.000 0.092
3820.000 0.093
3821.000 0.091
3822.000 0.091
3823.000 0.091
3824.000 0.091
3825.000 0.090
3826.000 0.088
3827.000 0.089
3828.000 0.088
3829.000 0.088
3830.000 0.087
3831.000 0.085
3832.000 0.084
3833.000 0.084
3834.000 0.083
3835.000 0.084
3836.000 0.083
3837.000 0.083
3838.000 0.083
3839.000 0.081
3840.000 0.081
3841.000 0.081
3842.000 0.079
3843.000 0.079
3844.000 0.081
3845.000 0.079
3846.000 0.079
3847.000 0.078
3848.000 0.078
3849.000 0.078
3850.000 0.077
3851.000 0.076
3852.000 0.076
3853.000 0.074
3854.000 0.075
3855.000 0.075
3856.000 0.076
3857.000 0.075
3858.000 0.075
3859.000 0.073
3860.000 0.073
3861.000 0.075
3862.000 0.071
3863.000 0.071
3864.000 0.071
3865.000 0.072
3866.000 0.071
3867.000 0.073
3868.000 0.071
3869.000 0.070
3870.000 0.070
3871.000 0.069
3872.000 0.069
3873.000 0.068
3874.000 0.069
3875.000 0.069
3876.000 0.068
3877.000 0.067
3878.000 0.067
3879.000 0.068
3880.000 0.066
3881.000 0.068
3882.000 0.065
3883.000 0.065
3884.000 0.066
3885.000 0.066
3886.000 0.066
3887.000 0.065
3888.000 0.064
3889.000 0.064
3890.000 0.065
3891.000 0.062
3892.000 0.063
3893.000 0.063
3894.000 0.061
3895.000 0.063
3896.000 0.062
3897.000 0.062
3898.000 0.060
3899.000 0.062
3900.000 0.061
3901.000 0.061
3902.000 0.061
3903.000 0.061
3904.000 0.061
3905.000 0.060
3906.000 0.060
3907.000 0.059
3908.000 0.058
3909.000 0.059
3910.000 0.059
3911.000 0.058
3912.000 0.059
3913.000 0.058
3914.000 0.058
3915.000 0.060
3916.000 0.057
3917.000 0.057
3918.000 0.057
3919.000 0.058
3920.000 0.058
3921.000 0.056
3922.000 0.056
3923.000 0.056
3924.000 0.055
3925.000 0.056
3926.000 0.056
3927.000 0.057
3928.000 0.054
3929.000 0.055
3930.000 0.053
3931.000 0.054
3932.000 0.055
3933.000 0.054
3934.000 0.054
3935.000 0.054
3936.000 0.053
3937.000 0.053
3938.000 0.054
3939.000 0.053
3940.000 0.053
3941.000 0.053
3942.000 0.052
3943.000 0.052
3944.000 0.051
3945.000 0.053
3946.000 0.051
3947.000 0.050
3948.000 0.052
3949.000 0.053
3950.000 0.053
3951.000 0.050
3952.000 0.050
3953.000 0.052
3954.000 0.051
3955.000 0.050
3956.000 0.050
3957.000 0.049
3958.000 0.051
3959.000 0.051
3960.000 0.050
3961.000 0.048
3962.000 0.048
3963.000 0.049
3964.000 0.051
3965.000 0.048
3966.000 0.049
3967.000 0.049
3968.000 0.049
3969.000 0.047
3970.000 0.048
3971.000 0.047
3972.000 0.049
3973.000 0.048
3974.000 0.049
3975.000 0.048
3976.000 0.047
3977.000 0.047
3978.000 0.047
3979.000 0.046
3980.000 0.047
3981.000 0.046
3982.000 0.046
3983.000 0.046
3984.000 0.046
3985.000 0.047
3986.000 0.046
3987.000 0.046
3988.000 0.044
3989.000 0.047
3990.000 0.044
3991.000 0.047
3992.000 0.045
3993.000 0.046
3994.000 0.046
3995.000 0.045
3996.000 0.044
3997.000 0.045
3998.000 0.045
3999.000 0.046
4000.000 0.045
4001.000 0.044
4002.000 0.044
4003.000 0.044
4004.000 0.044
4005.000 0.045
4006.000 0.044
4007.000 0.044
4008.000 0.044
4009.000 0.042
4010.000 0.043
4011.000 0.042
4012.000 0.044
4013.000 0.043
4014.000 0.044
4015.000 0.044
4016.000 0.043
4017.000 0.044
4018.000 0.042
4019.000 0.043
4020.000 0.043
4021.000 0.043
4022.000 0.043
4023.000 0.041
4024.000 0.042
4025.000 0.041
4026.000 0.041
4027.000 0.044
4028.000 0.041
4029.000 0.042
4030.000 0.040
4031.000 0.041
4032.000 0.040
4033.000 0.040
4034.000 0.042
4035.000 0.041
4036.000 0.041
4037.000 0.042
4038.000 0.042
4039.000 0.039
4040.000 0.041
4041.000 0.041
4042.000 0.040
4043.000 0.039
4044.000 0.039
4045.000 0.041
4046.000 0.041
4047.000 0.041
4048.000 0.039
4049.000 0.040
4050.000 0.041
4051.000 0.041
4052.000 0.040
4053.000 0.040
4054.000 0.041
4055.000 0.039
4056.000 0.040
4057.000 0.040
4058.000 0.039
4059.000 0.040
4060.000 0.040
4061.000 0.039
4062.000 0.038
4063.000 0.039
4064.000 0.039
4065.000 0.039
4066.000 0.038
4067.000 0.036
4068.000 0.039
4069.000 0.038
4070.000 0.038
4071.000 0.038
4072.000 0.038
4073.000 0.038
4074.000 0.038
4075.000 0.039
4076.000 0.039
4077.000 0.038
4078.000 0.037
4079.000 0.038
4080.000 0.039
4081.000 0.038
4082.000 0.038
4083.000 0.038
4084.000 0.038
4085.000 0.037
4086.000 0.038
4087.000 0.038
4088.000 0.038
4089.000 0.037
4090.000 0.038
4091.000 0.038
4092.000 0.038
4093.000 0.037
4094.000 0.037
4095.000 0.037
4096.000 0.038
4097.000 0.036
4098.000 0.037
4099.000 0.037
4100.000 0.036
4101.000 0.039
4102.000 0.037
4103.000 0.036
4104.000 0.035
4105.000 0.036
4106.000 0.036
4107.000 0.035
4108.000 0.036
4109.000 0.036
4110.000 0.036
4111.000 0.035
4112.000 0.035
4113.000 0.037
4114.000 0.037
4115.000 0.037
4116.000 0.038
4117.000 0.037
4118.000 0.036
4119.000 0.034
4120.000 0.035
4121.000 0.036
4122.000 0.036
4123.000 0.036
4124.000 0.036
4125.000 0.036
4126.000 0.036
4127.000 0.035
4128.000 0.036
4129.000 0.035
4130.000 0.035
4131.000 0.035
4132.000 0.037
4133.000 0.037
4134.000 0.034
4135.000 0.036
4136.000 0.035
4137.000 0.036
4138.000 0.034
4139.000 0.035
4140.000 0.036
4141.000 0.034
4142.000 0.034
4143.000 0.034
4144.000 0.035
4145.000 0.035
4146.000 0.035
4147.000 0.034
4148.000 0.034
4149.000 0.034
4150.000 0.035
4151.000 0.035
4152.000 0.035
4153.000 0.034
4154.000 0.035
4155.000 0.036
4156.000 0.034
4157.000 0.035
4158.000 0.034
4159.000 0.034
4160.000 0.036
4161.000 0.034
4162.000 0.035
4163.000 0.033
4164.000 0.036
4165.000 0.035
4166.000 0.034
4167.000 0.034
4168.000 0.035
4169.000 0.033
4170.000 0.034
4171.000 0.034
4172.000 0.033
4173.000 0.034
4174.000 0.034
4175.000 0.034
4176.000 0.034
4177.000 0.035
4178.000 0.034
4179.000 0.034
4180.000 0.033
4181.000 0.033
4182.000 0.033
4183.000 0.035
4184.000 0.034
4185.000 0.033
4186.000 0.034
4187.000 0.034
4188.000 0.032
4189.000 0.032
4190.000 0.033
4191.000 0.033
4192.000 0.033
4193.000 0.032
4194.000 0.033
4195.000 0.033
4196.000 0.036
4197.000 0.034
4198.000 0.033
4199.000 0.033
4200.000 0.034
4201.000 0.034
4202.000 0.034
4203.000 0.033
4204.000 0.033
4205.000 0.034
4206.000 0.034
4207.000 0.033
4208.000 0.033
4209.000 0.032
4210.000 0.033
4211.000 0.034
4212.000 0.034
4213.000 0.032
4214.000 0.033
4215.000 0.034
4216.000 0.034
4217.000 0.032
4218.000 0.033
4219.000 0.032
4220.000 0.033
4221.000 0.034
4222.000 0.032
4223.000 0.033
4224.000 0.033
4225.000 0.032
4226.000 0.033
4227.000 0.032
4228.000 0.033
4229.000 0.033
4230.000 0.033
4231.000 0.033
4232.000 0.033
4233.000 0.032
4234.000 0.032
4235.000 0.033
4236.000 0.033
4237.000 0.032
4238.000 0.032
4239.000 0.035
4240.000 0.033
4241.000 0.033
4242.000 0.032
4243.000 0.032
4244.000 0.033
4245.000 0.034
4246.000 0.032
4247.000 0.033
4248.000 0.032
4249.000 0.033
4250.000 0.032
4251.000 0.031
4252.000 0.033
4253.000 0.032
4254.000 0.033
4255.000 0.032
4256.000 0.032
4257.000 0.033
4258.000 0.031
4259.000 0.032
4260.000 0.031
4261.000 0.032
4262.000 0.033
4263.000 0.031
4264.000 0.032
4265.000 0.033
4266.000 0.034
4267.000 0.031
4268.000 0.032
4269.000 0.032
4270.000 0.031
4271.000 0.030
4272.000 0.030
4273.000 0.032
4274.000 0.033
4275.000 0.032
4276.000 0.032
4277.000 0.033
4278.000 0.033
4279.000 0.032
4280.000 0.032
4281.000 0.032
4282.000 0.031
4283.000 0.031
4284.000 0.031
4285.000 0.033
4286.000 0.031
4287.000 0.031
4288.000 0.031
4289.000 0.033
4290.000 0.032
4291.000 0.031
4292.000 0.032
4293.000 0.033
4294.000 0.033
4295.000 0.032
4296.000 0.032
4297.000 0.032
4298.000 0.032
4299.000 0.031
4300.000 0.031
4301.000 0.033
4302.000 0.032
4303.000 0.031
4304.000 0.031
4305.000 0.031
4306.000 0.031
4307.000 0.032
4308.000 0.031
4309.000 0.032
4310.000 0.031
4311.000 0.031
4312.000 0.031
4313.000 0.031
4314.000 0.031
4315.000 0.033
4316.000 0.031
4317.000 0.031
4318.000 0.031
4319.000 0.030
4320.000 0.031
4321.000 0.032
4322.000 0.032
4323.000 0.032
4324.000 0.031
4325.000 0.031
4326.000 0.032
4327.000 0.033
4328.000 0.031
4329.000 0.031
4330.000 0.032
4331.000 0.031
4332.000 0.033
4333.000 0.032
4334.000 0.032
4335.000 0.031
4336.000 0.032
4337.000 0.032
4338.000 0.032
4339.000 0.032
4340.000 0.032
4341.000 0.033
4342.000 0.033
4343.000 0.031
4344.000 0.033
4345.000 0.032
4346.000 0.032
4347.000 0.032
4348.000 0.032
4349.000 0.032
4350.000 0.032
4351.000 0.031
4352.000 0.032
4353.000 0.032
4354.000 0.032
4355.000 0.033
4356.000 0.031
4357.000 0.031
4358.000 0.031
4359.000 0.032
4360.000 0.032
4361.000 0.031
4362.000 0.031
4363.000 0.031
4364.000 0.032
4365.000 0.032
4366.000 0.032
4367.000 0.032
4368.000 0.032
4369.000 0.032
4370.000 0.033
4371.000 0.032
4372.000 0.031
4373.000 0.032
4374.000 0.033
4375.000 0.033
4376.000 0.033
4377.000 0.032
4378.000 0.032
4379.000 0.031
4380.000 0.032
4381.000 0.032
4382.000 0.033
4383.000 0.032
4384.000 0.033
4385.000 0.032
4386.000 0.031
4387.000 0.032
4388.000 0.032
4389.000 0.034
4390.000 0.033
4391.000 0.032
4392.000 0.032
4393.000 0.033
4394.000 0.033
4395.000 0.034
4396.000 0.032
4397.000 0.032
4398.000 0.032
4399.000 0.032
4400.000 0.031
4401.000 0.032
4402.000 0.032
4403.000 0.032
4404.000 0.032
4405.000 0.033
4406.000 0.033
4407.000 0.032
4408.000 0.033
4409.000 0.033
4410.000 0.032
4411.000 0.033
4412.000 0.033
4413.000 0.032
4414.000 0.032
4415.000 0.033
4416.000 0.030
4417.000 0.034
4418.000 0.032
4419.000 0.032
4420.000 0.032
4421.000 0.033
4422.000 0.032
4423.000 0.032
4424.000 0.033
4425.000 0.033
4426.000 0.031
4427.000 0.032
4428.000 0.032
4429.000 0.033
4430.000 0.031
4431.000 0.032
4432.000 0.032
4433.000 0.033
4434.000 0.034
4435.000 0.033
4436.000 0.032
4437.000 0.033
4438.000 0.032
4439.000 0.033
4440.000 0.033
4441.000 0.031
4442.000 0.034
4443.000 0.033
4444.000 0.033
4445.000 0.032
4446.000 0.034
4447.000 0.034
4448.000 0.033
4449.000 0.033
4450.000 0.033
4451.000 0.033
4452.000 0.032
4453.000 0.034
4454.000 0.032
4455.000 0.033
4456.000 0.033
4457.000 0.033
4458.000 0.033
4459.000 0.034
4460.000 0.035
4461.000 0.033
4462.000 0.035
4463.000 0.034
4464.000 0.034
4465.000 0.034
4466.000 0.034
4467.000 0.033
4468.000 0.032
4469.000 0.034
4470.000 0.034
4471.000 0.032
4472.000 0.034
4473.000 0.033
4474.000 0.033
4475.000 0.034
4476.000 0.033
4477.000 0.034
4478.000 0.034
4479.000 0.033
4480.000 0.034
4481.000 0.034
4482.000 0.033
4483.000 0.035
4484.000 0.034
4485.000 0.034
4486.000 0.033
4487.000 0.034
4488.000 0.034
4489.000 0.035
4490.000 0.034
4491.000 0.034
4492.000 0.033
4493.000 0.035
4494.000 0.034
4495.000 0.034
4496.000 0.034
4497.000 0.035
4498.000 0.034
4499.000 0.034
4500.000 0.035
4501.000 0.034
4502.000 0.034
4503.000 0.035
4504.000 0.035
4505.000 0.034
4506.000 0.035
4507.000 0.034
4508.000 0.035
4509.000 0.035
4510.000 0.035
4511.000 0.035
4512.000 0.036
4513.000 0.035
4514.000 0.036
4515.000 0.034
4516.000 0.035
4517.000 0.035
4518.000 0.036
4519.000 0.037
4520.000 0.036
4521.000 0.036
4522.000 0.037
4523.000 0.035
4524.000 0.035
4525.000 0.036
4526.000 0.035
4527.000 0.036
4528.000 0.036
4529.000 0.036
4530.000 0.036
4531.000 0.035
4532.000 0.035
4533.000 0.037
4534.000 0.034
4535.000 0.036
4536.000 0.035
4537.000 0.036
4538.000 0.036
4539.000 0.035
4540.000 0.037
4541.000 0.037
4542.000 0.036
4543.000 0.036
4544.000 0.037
4545.000 0.037
4546.000 0.037
4547.000 0.036
4548.000 0.037
4549.000 0.037
4550.000 0.037
4551.000 0.038
4552.000 0.038
4553.000 0.036
4554.000 0.037
4555.000 0.037
4556.000 0.038
4557.000 0.037
4558.000 0.037
4559.000 0.038
4560.000 0.038
4561.000 0.038
4562.000 0.038
4563.000 0.038
4564.000 0.037
4565.000 0.039
4566.000 0.038
4567.000 0.038
4568.000 0.037
4569.000 0.038
4570.000 0.038
4571.000 0.038
4572.000 0.038
4573.000 0.038
4574.000 0.038
4575.000 0.038
4576.000 0.039
4577.000 0.038
4578.000 0.039
4579.000 0.040
4580.000 0.038
4581.000 0.038
4582.000 0.039
4583.000 0.037
4584.000 0.040
4585.000 0.039
4586.000 0.039
4587.000 0.039
4588.000 0.039
4589.000 0.040
4590.000 0.039
4591.000 0.038
4592.000 0.040
4593.000 0.039
4594.000 0.040
4595.000 0.039
4596.000 0.040
4597.000 0.039
4598.000 0.042
4599.000 0.041
4600.000 0.040
4601.000 0.040
4602.000 0.041
4603.000 0.040
4604.000 0.041
4605.000 0.040
4606.000 0.041
4607.000 0.040
4608.000 0.041
4609.000 0.041
4610.000 0.041
4611.000 0.041
4612.000 0.041
4613.000 0.042
4614.000 0.041
4615.000 0.042
4616.000 0.043
4617.000 0.042
4618.000 0.043
4619.000 0.040
4620.000 0.041
4621.000 0.042
4622.000 0.043
4623.000 0.042
4624.000 0.042
4625.000 0.042
4626.000 0.043
4627.000 0.042
4628.000 0.042
4629.000 0.043
4630.000 0.042
4631.000 0.043
4632.000 0.045
4633.000 0.042
4634.000 0.042
4635.000 0.044
4636.000 0.043
4637.000 0.045
4638.000 0.046
4639.000 0.044
4640.000 0.044
4641.000 0.043
4642.000 0.042
4643.000 0.043
4644.000 0.044
4645.000 0.045
4646.000 0.044
4647.000 0.045
4648.000 0.044
4649.000 0.046
4650.000 0.045
4651.000 0.045
4652.000 0.045
4653.000 0.046
4654.000 0.045
4655.000 0.045
4656.000 0.045
4657.000 0.046
4658.000 0.046
4659.000 0.047
4660.000 0.045
4661.000 0.046
4662.000 0.046
4663.000 0.048
4664.000 0.045
4665.000 0.048
4666.000 0.047
4667.000 0.049
4668.000 0.047
4669.000 0.048
4670.000 0.047
4671.000 0.050
4672.000 0.048
4673.000 0.049
4674.000 0.050
4675.000 0.047
4676.000 0.048
4677.000 0.049
4678.000 0.048
4679.000 0.049
4680.000 0.050
4681.000 0.050
4682.000 0.050
4683.000 0.049
4684.000 0.049
4685.000 0.050
4686.000 0.050
4687.000 0.049
4688.000 0.051
4689.000 0.052
4690.000 0.051
4691.000 0.051
4692.000 0.051
4693.000 0.052
4694.000 0.052
4695.000 0.052
4696.000 0.052
4697.000 0.052
4698.000 0.053
4699.000 0.052
4700.000 0.053
4701.000 0.052
4702.000 0.053
4703.000 0.052
4704.000 0.054
4705.000 0.054
4706.000 0.055
4707.000 0.054
4708.000 0.053
4709.000 0.054
4710.000 0.055
4711.000 0.053
4712.000 0.054
4713.000 0.054
4714.000 0.055
4715.000 0.055
4716.000 0.055
4717.000 0.056
4718.000 0.057
4719.000 0.058
4720.000 0.057
4721.000 0.058
4722.000 0.058
4723.000 0.056
4724.000 0.058
4725.000 0.058
4726.000 0.057
4727.000 0.058
4728.000 0.058
4729.000 0.059
4730.000 0.059
4731.000 0.059
4732.000 0.059
4733.000 0.059
4734.000 0.059
4735.000 0.060
4736.000 0.061
4737.000 0.061
4738.000 0.060
4739.000 0.061
4740.000 0.062
4741.000 0.061
4742.000 0.063
4743.000 0.062
4744.000 0.062
4745.000 0.062
4746.000 0.064
4747.000 0.064
4748.000 0.063
4749.000 0.063
4750.000 0.064
4751.000 0.065
4752.000 0.064
4753.000 0.065
4754.000 0.066
4755.000 0.066
4756.000 0.067
4757.000 0.065
4758.000 0.067
4759.000 0.067
4760.000 0.066
4761.000 0.066
4762.000 0.067
4763.000 0.068
4764.000 0.068
4765.000 0.069
4766.000 0.069
4767.000 0.070
4768.000 0.069
4769.000 0.070
4770.000 0.070
4771.000 0.071
4772.000 0.072
4773.000 0.072
4774.000 0.071
4775.000 0.073
4776.000 0.073
4777.000 0.073
4778.000 0.074
4779.000 0.075
4780.000 0.074
4781.000 0.076
4782.000 0.075
4783.000 0.076
4784.000 0.076
4785.000 0.076
4786.000 0.077
4787.000 0.078
4788.000 0.078
4789.000 0.078
4790.000 0.077
4791.000 0.081
4792.000 0.079
4793.000 0.080
4794.000 0.080
4795.000 0.081
4796.000 0.082
4797.000 0.082
4798.000 0.083
4799.000 0.084
4800.000 0.082
4801.000 0.084
4802.000 0.084
4803.000 0.085
4804.000 0.086
4805.000 0.087
4806.000 0.086
4807.000 0.088
4808.000 0.088
4809.000 0.089
4810.000 0.090
4811.000 0.089
4812.000 0.091
4813.000 0.090
4814.000 0.092
4815.000 0.092
4816.000 0.092
4817.000 0.095
4818.000 0.095
4819.000 0.096
4820.000 0.096
4821.000 0.096
4822.000 0.098
4823.000 0.099
4824.000 0.100
4825.000 0.100
4826.000 0.100
4827.000 0.101
4828.000 0.102
4830.000 0.103
4831.000 0.104
4832.000 0.106
4833.000 0.106
4834.000 0.107
4835.000 0.109
4836.000 0.108
4837.000 0.111
4838.000 0.111
4839.000 0.111
4840.000 0.112
4841.000 0.114
4842.000 0.115
4843.000 0.116
4844.000 0.118
4845.000 0.118
4846.000 0.118
4847.000 0.121
4848.000 0.121
4849.000 0.122
4850.000 0.123
4851.000 0.124
4852.000 0.126
4853.000 0.127
4854.000 0.128
4855.000 0.128
4856.000 0.129
4857.000 0.133
4858.000 0.132
4859.000 0.134
4860.000 0.136
4861.000 0.136
4862.000 0.139
4863.000 0.139
4864.000 0.142
4865.000 0.143
4866.000 0.145
4867.000 0.148
4868.000 0.147
4869.000 0.149
4870.000 0.151
4871.000 0.155
4872.000 0.155
4873.000 0.157
4874.000 0.159
4875.000 0.162
4876.000 0.163
4877.000 0.164
4878.000 0.167
4879.000 0.169
4880.000 0.170
4881.000 0.173
4882.000 0.176
4883.000 0.177
4884.000 0.178
4885.000 0.181
4886.000 0.186
4887.000 0.188
4888.000 0.189
4889.000 0.194
4890.000 0.195
4891.000 0.199
4892.000 0.201
4893.000 0.205
4894.000 0.208
4895.000 0.210
4896.000 0.215
4897.000 0.219
4898.000 0.221
4899.000 0.227
4900.000 0.229
4901.000 0.233
4902.000 0.236
4903.000 0.242
4904.000 0.245
4905.000 0.249
4906.000 0.254
4907.000 0.258
4908.000 0.263
4909.000 0.271
4910.000 0.274
4911.000 0.280
4912.000 0.283
4913.000 0.289
4914.000 0.299
4915.000 0.303
4916.000 0.311
4917.000 0.314
4918.000 0.324
4919.000 0.334
4920.000 0.339
4921.000 0.347
4922.000 0.357
4923.000 0.364
4924.000 0.374
4925.000 0.379
4926.000 0.391
4927.000 0.396
4928.000 0.408
4929.000 0.420
4930.000 0.425
4931.000 0.439
4932.000 0.443
4933.000 0.453
4934.000 0.458
4935.000 0.460
4936.000 0.461
4937.000 0.461
4938.000 0.461
4939.000 0.482
4940.000 0.521
4941.000 0.681
4942.000 0.804
4943.000 1.090
4944.000 1.270
4945.000 1.268
4946.000 1.147
4947.000 1.219
4948.000 1.285
4949.000 1.324
4950.000 1.375
4951.000 1.469
4952.000 1.520
4953.000 1.620
4954.000 1.671
4955.000 1.770
4956.000 1.861
4957.000 1.896
4958.000 1.951
4959.000 1.967
4960.000 1.957
4961.000 1.902
4962.000 1.859
4963.000 1.747
4964.000 1.681
4965.000 1.545
4966.000 1.413
4967.000 1.350
4968.000 1.238
4969.000 1.138
4970.000 1.094
4971.000 1.012
4972.000 0.977
4973.000 0.908
4974.000 0.849
4975.000 0.823
4976.000 0.774
4977.000 0.729
4978.000 0.709
4979.000 0.691
4980.000 0.653
4981.000 0.623
4982.000 0.608
4983.000 0.579
4984.000 0.554
4985.000 0.542
4986.000 0.520
4987.000 0.509
4988.000 0.489
4989.000 0.471
4990.000 0.462
4991.000 0.446
4992.000 0.438
4993.000 0.424
4994.000 0.410
4995.000 0.402
4996.000 0.390
4997.000 0.384
4998.000 0.373
4999.000 0.362
5000.000 0.356
5001.000 0.348
5002.000 0.343
5003.000 0.334
5004.000 0.330
5005.000 0.321
5006.000 0.313
5007.000 0.310
5008.000 0.303
5009.000 0.295
5010.000 0.293
5011.000 0.284
5012.000 0.282
5013.000 0.275
5014.000 0.270
5015.000 0.268
5016.000 0.263
5017.000 0.258
5018.000 0.254
5019.000 0.250
5020.000 0.248
5021.000 0.241
5022.000 0.240
5023.000 0.236
5024.000 0.233
5025.000 0.227
5026.000 0.224
5027.000 0.223
5028.000 0.220
5029.000 0.217
5030.000 0.214
5031.000 0.212
5032.000 0.209
5033.000 0.204
5034.000 0.204
5035.000 0.200
5036.000 0.200
5037.000 0.198
5038.000 0.194
5039.000 0.191
5040.000 0.191
5041.000 0.187
5042.000 0.187
5043.000 0.184
5044.000 0.181
5045.000 0.180
5046.000 0.177
5047.000 0.176
5048.000 0.173
5049.000 0.172
5050.000 0.171
5051.000 0.168
5052.000 0.168
5053.000 0.165
5054.000 0.162
5055.000 0.161
5056.000 0.161
5057.000 0.160
5058.000 0.158
5059.000 0.156
5060.000 0.155
5061.000 0.153
5062.000 0.152
5063.000 0.151
5064.000 0.149
5065.000 0.149
5066.000 0.146
5067.000 0.146
5068.000 0.144
5069.000 0.143
5070.000 0.142
5071.000 0.142
5072.000 0.139
5073.000 0.139
5074.000 0.137
5075.000 0.137
5076.000 0.133
5077.000 0.136
5078.000 0.134
5079.000 0.132
5080.000 0.131
5081.000 0.131
5082.000 0.129
5083.000 0.129
5084.000 0.129
5085.000 0.126
5086.000 0.126
5087.000 0.126
5088.000 0.125
5089.000 0.124
5090.000 0.123
5091.000 0.121
5092.000 0.122
5093.000 0.119
5094.000 0.120
5095.000 0.118
5096.000 0.119
5097.000 0.117
5098.000 0.115
5099.000 0.115
5100.000 0.114
5101.000 0.114
5102.000 0.113
5103.000 0.111
5104.000 0.112
5105.000 0.110
5106.000 0.109
5107.000 0.108
5108.000 0.108
5109.000 0.109
5110.000 0.107
5111.000 0.107
5112.000 0.105
5113.000 0.106
5114.000 0.105
5115.000 0.104
5116.000 0.104
5117.000 0.104
5118.000 0.101
5119.000 0.102
5120.000 0.100
5121.000 0.102
5122.000 0.100
5123.000 0.100
5124.000 0.100
5125.000 0.098
5126.000 0.097
5127.000 0.098
5128.000 0.097
5129.000 0.096
5130.000 0.096
5131.000 0.097
5132.000 0.096
5133.000 0.095
5134.000 0.095
5135.000 0.093
5136.000 0.094
5137.000 0.092
5138.000 0.092
5139.000 0.092
5140.000 0.093
5141.000 0.091
5142.000 0.091
5143.000 0.090
5144.000 0.090
5145.000 0.089
5146.000 0.088
5147.000 0.088
5148.000 0.088
5149.000 0.088
5150.000 0.087
5151.000 0.086
5152.000 0.085
5153.000 0.086
5154.000 0.085
5155.000 0.085
5156.000 0.084
5157.000 0.083
5158.000 0.084
5159.000 0.084
5160.000 0.083
5161.000 0.082
5162.000 0.083
5163.000 0.082
5164.000 0.081
5165.000 0.080
5166.000 0.082
5167.000 0.079
5168.000 0.081
5169.000 0.081
5170.000 0.080
5171.000 0.080
5172.000 0.080
5173.000 0.077
5174.000 0.078
5175.000 0.078
5176.000 0.076
5177.000 0.078
5178.000 0.078
5179.000 0.078
5180.000 0.078
5181.000 0.076
5182.000 0.074
5183.000 0.075
5184.000 0.074
5185.000 0.074
5186.000 0.074
5187.000 0.074
5188.000 0.073
5189.000 0.074
5190.000 0.075
5191.000 0.073
5192.000 0.073
5193.000 0.072
5194.000 0.072
5195.000 0.072
5196.000 0.071
5197.000 0.072
5198.000 0.071
5199.000 0.071
5200.000 0.071
5201.000 0.072
5202.000 0.070
5203.000 0.069
5204.000 0.070
5205.000 0.069
5206.000 0.069
5207.000 0.069
5208.000 0.069
5209.000 0.068
5210.000 0.068
5211.000 0.068
5212.000 0.067
5213.000 0.068
5214.000 0.067
5215.000 0.067
5216.000 0.068
5217.000 0.068
5218.000 0.067
5219.000 0.065
5220.000 0.067
5221.000 0.066
5222.000 0.065
5223.000 0.065
5224.000 0.064
5225.000 0.064
5226.000 0.064
5227.000 0.065
5228.000 0.063
5229.000 0.064
5230.000 0.064
5231.000 0.063
5232.000 0.063
5233.000 0.063
5234.000 0.062
5235.000 0.063
5236.000 0.062
5237.000 0.064
5238.000 0.063
5239.000 0.060
5240.000 0.061
5241.000 0.061
5242.000 0.062
5243.000 0.060
5244.000 0.061
5245.000 0.062
5246.000 0.061
5247.000 0.061
5248.000 0.061
5249.000 0.061
5250.000 0.061
5251.000 0.062
5252.000 0.059
5253.000 0.060
5254.000 0.060
5255.000 0.061
5256.000 0.059
5257.000 0.059
5258.000 0.058
5259.000 0.059
5260.000 0.057
5261.000 0.058
5262.000 0.057
5263.000 0.058
5264.000 0.058
5265.000 0.058
5266.000 0.057
5267.000 0.058
5268.000 0.057
5269.000 0.057
5270.000 0.057
5271.000 0.056
5272.000 0.057
5273.000 0.056
5274.000 0.056
5275.000 0.056
5276.000 0.055
5277.000 0.055
5278.000 0.055
5279.000 0.056
5280.000 0.055
5281.000 0.056
5282.000 0.054
5283.000 0.055
5284.000 0.054
5285.000 0.055
5286.000 0.054
5287.000 0.054
5288.000 0.056
5289.000 0.055
5290.000 0.053
5291.000 0.053
5292.000 0.055
5293.000 0.053
5294.000 0.053
5295.000 0.053
5296.000 0.053
5297.000 0.054
5298.000 0.052
5299.000 0.053
5300.000 0.051
5301.000 0.052
5302.000 0.053
5303.000 0.052
5304.000 0.052
5305.000 0.053
5306.000 0.053
5307.000 0.052
5308.000 0.051
5309.000 0.052
5310.000 0.051
5311.000 0.051
5312.000 0.052
5313.000 0.051
5314.000 0.050
5315.000 0.052
5316.000 0.050
5317.000 0.050
5318.000 0.051
5319.000 0.050
5320.000 0.049
5321.000 0.051
5322.000 0.050
5323.000 0.049
5324.000 0.048
5325.000 0.050
5326.000 0.049
5327.000 0.050
5328.000 0.050
5329.000 0.048
5330.000 0.049
5331.000 0.049
5332.000 0.049
5333.000 0.051
5334.000 0.050
5335.000 0.048
5336.000 0.048
5337.000 0.048
5338.000 0.048
5339.000 0.048
5340.000 0.049
5341.000 0.049
5342.000 0.048
5343.000 0.049
5344.000 0.049
5345.000 0.049
5346.000 0.048
5347.000 0.048
5348.000 0.047
5349.000 0.048
5350.000 0.049
5351.000 0.046
5352.000 0.048
5353.000 0.049
5354.000 0.046
5355.000 0.048
5356.000 0.047
5357.000 0.047
5358.000 0.047
5359.000 0.047
5360.000 0.047
5361.000 0.046
5362.000 0.048
5363.000 0.046
5364.000 0.047
5365.000 0.045
5366.000 0.047
5367.000 0.045
5368.000 0.048
5369.000 0.045
5370.000 0.047
5371.000 0.045
5372.000 0.044
5373.000 0.045
5374.000 0.046
5375.000 0.046
5376.000 0.045
5377.000 0.045
5378.000 0.045
5379.000 0.047
5380.000 0.046
5381.000 0.045
5382.000 0.045
5383.000 0.045
5384.000 0.044
5385.000 0.046
5386.000 0.044
5387.000 0.045
5388.000 0.044
5389.000 0.046
5390.000 0.044
5391.000 0.045
5392.000 0.044
5393.000 0.045
5394.000 0.045
5395.000 0.046
5396.000 0.045
5397.000 0.043
5398.000 0.044
5399.000 0.044
5400.000 0.044
5401.000 0.044
5402.000 0.044
5403.000 0.044
5404.000 0.044
5405.000 0.043
5406.000 0.043
5407.000 0.044
5408.000 0.044
5409.000 0.044
5410.000 0.043
5411.000 0.042
5412.000 0.043
5413.000 0.043
5414.000 0.044
5415.000 0.043
5416.000 0.043
5417.000 0.043
5418.000 0.044
5419.000 0.043
5420.000 0.044
5421.000 0.043
5422.000 0.044
5423.000 0.042
5424.000 0.043
5425.000 0.043
5426.000 0.042
5427.000 0.042
5428.000 0.042
5429.000 0.043
5430.000 0.043
5431.000 0.042
5432.000 0.042
5433.000 0.043
5434.000 0.042
5435.000 0.041
5436.000 0.042
5437.000 0.041
5438.000 0.043
5439.000 0.043
5440.000 0.042
5441.000 0.043
5442.000 0.042
5443.000 0.042
5444.000 0.042
5445.000 0.042
5446.000 0.041
5447.000 0.041
5448.000 0.042
5449.000 0.042
5450.000 0.041
5451.000 0.041
5452.000 0.041
5453.000 0.041
5454.000 0.041
5455.000 0.040
5456.000 0.042
5457.000 0.042
5458.000 0.041
5459.000 0.042
5460.000 0.041
5461.000 0.040
5462.000 0.041
5463.000 0.040
5464.000 0.040
5465.000 0.040
5466.000 0.041
5467.000 0.041
5468.000 0.041
5469.000 0.040
5470.000 0.042
5471.000 0.041
5472.000 0.041
5473.000 0.041
5474.000 0.039
5475.000 0.041
5476.000 0.040
5477.000 0.039
5478.000 0.040
5479.000 0.040
5480.000 0.040
5481.000 0.040
5482.000 0.040
5483.000 0.040
5484.000 0.040
5485.000 0.040
5486.000 0.039
5487.000 0.040
5488.000 0.040
5489.000 0.041
5490.000 0.039
5491.000 0.039
5492.000 0.039
5493.000 0.040
5494.000 0.040
5495.000 0.041
5496.000 0.040
5497.000 0.040
5498.000 0.040
5499.000 0.040
5500.000 0.039
5501.000 0.041
5502.000 0.040
5503.000 0.040
5504.000 0.039
5505.000 0.040
5506.000 0.039
5507.000 0.039
5508.000 0.039
5509.000 0.040
5510.000 0.040
5511.000 0.040
5512.000 0.039
5513.000 0.040
5514.000 0.039
5515.000 0.039
5516.000 0.040
5517.000 0.040
5518.000 0.039
5519.000 0.040
5520.000 0.039
5521.000 0.039
5522.000 0.039
5523.000 0.039
5524.000 0.039
5525.000 0.039
5526.000 0.039
5527.000 0.039
5528.000 0.039
5529.000 0.039
5530.000 0.039
5531.000 0.041
5532.000 0.038
5533.000 0.039
5534.000 0.039
5535.000 0.040
5536.000 0.040
5537.000 0.040
5538.000 0.038
5539.000 0.039
5540.000 0.038
5541.000 0.039
5542.000 0.039
5543.000 0.039
5544.000 0.038
5545.000 0.040
5546.000 0.040
5547.000 0.040
5548.000 0.039
5549.000 0.040
5550.000 0.039
5551.000 0.040
5552.000 0.039
5553.000 0.038
5554.000 0.037
5555.000 0.039
5556.000 0.039
5557.000 0.040
5558.000 0.038
5559.000 0.038
5560.000 0.040
5561.000 0.039
5562.000 0.039
5563.000 0.040
5564.000 0.037
5565.000 0.041
5566.000 0.039
5567.000 0.039
5568.000 0.038
5569.000 0.040
5570.000 0.039
5571.000 0.039
5572.000 0.038
5573.000 0.038
5574.000 0.038
5575.000 0.039
5576.000 0.039
5577.000 0.039
5578.000 0.039
5579.000 0.039
5580.000 0.038
5581.000 0.038
5582.000 0.039
5583.000 0.039
5584.000 0.038
5585.000 0.038
5586.000 0.039
5587.000 0.038
5588.000 0.040
5589.000 0.039
5590.000 0.039
5591.000 0.039
5592.000 0.039
5593.000 0.038
5594.000 0.039
5595.000 0.039
5596.000 0.039
5597.000 0.039
5598.000 0.039
5599.000 0.040
5600.000 0.037
5601.000 0.038
5602.000 0.039
5603.000 0.038
5604.000 0.038
5605.000 0.038
5606.000 0.039
5607.000 0.040
5608.000 0.039
5609.000 0.039
5610.000 0.038
5611.000 0.038
5612.000 0.038
5613.000 0.038
5614.000 0.039
5615.000 0.038
5616.000 0.040
5617.000 0.039
5618.000 0.039
5619.000 0.039
5620.000 0.039
5621.000 0.039
5622.000 0.039
5623.000 0.039
5624.000 0.039
5625.000 0.039
5626.000 0.038
5627.000 0.038
5628.000 0.039
5629.000 0.040
5630.000 0.038
5631.000 0.040
5632.000 0.040
5633.000 0.039
5634.000 0.038
5635.000 0.040
5636.000 0.039
5637.000 0.039
5638.000 0.040
5639.000 0.039
5640.000 0.039
5641.000 0.040
5642.000 0.038
5643.000 0.038
5644.000 0.039
5645.000 0.039
5646.000 0.040
5647.000 0.040
5648.000 0.039
5649.000 0.039
5650.000 0.040
5651.000 0.038
5652.000 0.039
5653.000 0.040
5654.000 0.039
5655.000 0.039
5656.000 0.039
5657.000 0.038
5658.000 0.040
5659.000 0.040
5660.000 0.038
5661.000 0.039
5662.000 0.039
5663.000 0.037
5664.000 0.040
5665.000 0.041
5666.000 0.040
5667.000 0.039
5668.000 0.038
5669.000 0.040
5670.000 0.039
5671.000 0.041
5672.000 0.040
5673.000 0.041
5674.000 0.040
5675.000 0.039
5676.000 0.040
5677.000 0.039
5678.000 0.039
5679.000 0.040
5680.000 0.040
5681.000 0.040
5682.000 0.040
5683.000 0.040
5684.000 0.041
5685.000 0.039
5686.000 0.040
5687.000 0.039
5688.000 0.041
5689.000 0.040
5690.000 0.040
5691.000 0.039
5692.000 0.040
5693.000 0.041
5694.000 0.040
5695.000 0.040
5696.000 0.040
5697.000 0.041
5698.000 0.040
5699.000 0.041
5700.000 0.041
5701.000 0.040
5702.000 0.040
5703.000 0.041
5704.000 0.041
5705.000 0.040
5706.000 0.039
5707.000 0.041
5708.000 0.041
5709.000 0.040
5710.000 0.040
5711.000 0.040
5712.000 0.041
5713.000 0.041
5714.000 0.041
5715.000 0.040
5716.000 0.041
5717.000 0.041
5718.000 0.041
5719.000 0.040
5720.000 0.041
5721.000 0.041
5722.000 0.040
5723.000 0.041
5724.000 0.040
5725.000 0.041
5726.000 0.042
5727.000 0.041
5728.000 0.041
5729.000 0.041
5730.000 0.042
5731.000 0.042
5732.000 0.042
5733.000 0.042
5734.000 0.042
5735.000 0.042
5736.000 0.042
5737.000 0.042
5738.000 0.041
5739.000 0.042
5740.000 0.042
5741.000 0.042
5742.000 0.042
5743.000 0.042
5744.000 0.041
5745.000 0.042
5746.000 0.042
5747.000 0.043
5748.000 0.042
5749.000 0.043
5750.000 0.043
5751.000 0.042
5752.000 0.041
5753.000 0.043
5754.000 0.043
5755.000 0.043
5756.000 0.043
5757.000 0.042
5758.000 0.043
5759.000 0.044
5760.000 0.043
5761.000 0.044
5762.000 0.044
5763.000 0.044
5764.000 0.043
5765.000 0.044
5766.000 0.043
5767.000 0.044
5768.000 0.043
5769.000 0.044
5770.000 0.043
5771.000 0.044
5772.000 0.043
5773.000 0.043
5774.000 0.044
5775.000 0.044
5776.000 0.044
5777.000 0.045
5778.000 0.045
5779.000 0.044
5780.000 0.045
5781.000 0.043
5782.000 0.044
5783.000 0.044
5784.000 0.044
5785.000 0.045
5786.000 0.044
5787.000 0.045
5788.000 0.044
5789.000 0.045
5790.000 0.044
5791.000 0.044
5792.000 0.045
5793.000 0.044
5794.000 0.044
5795.000 0.045
5796.000 0.046
5797.000 0.046
5798.000 0.046
5799.000 0.045
5800.000 0.046
5801.000 0.048
5802.000 0.045
5803.000 0.045
5804.000 0.045
5805.000 0.046
5806.000 0.046
5807.000 0.046
5808.000 0.046
5809.000 0.047
5810.000 0.045
5811.000 0.047
5812.000 0.045
5813.000 0.046
5814.000 0.046
5815.000 0.046
5816.000 0.046
5817.000 0.047
5818.000 0.048
5819.000 0.048
5820.000 0.047
5821.000 0.048
5822.000 0.047
5823.000 0.046
5824.000 0.048
5825.000 0.048
5826.000 0.048
5827.000 0.048
5828.000 0.047
5829.000 0.048
5830.000 0.047
5831.000 0.048
5832.000 0.049
5833.000 0.048
5834.000 0.048
5835.000 0.048
5836.000 0.050
5837.000 0.049
5838.000 0.049
5839.000 0.048
5840.000 0.048
5841.000 0.049
5842.000 0.049
5843.000 0.049
5844.000 0.049
5845.000 0.050
5846.000 0.050
5847.000 0.049
5848.000 0.049
5849.000 0.051
5850.000 0.050
5851.000 0.051
5852.000 0.051
5853.000 0.050
5854.000 0.050
5855.000 0.050
5856.000 0.051
5857.000 0.050
5858.000 0.050
5859.000 0.052
5860.000 0.050
5861.000 0.051
5862.000 0.051
5863.000 0.052
5864.000 0.051
5865.000 0.052
5866.000 0.051
5867.000 0.052
5868.000 0.053
5869.000 0.053
5870.000 0.051
5871.000 0.054
5872.000 0.052
5873.000 0.053
5874.000 0.052
5875.000 0.052
5876.000 0.052
5877.000 0.053
5878.000 0.052
5879.000 0.053
5880.000 0.054
5881.000 0.053
5882.000 0.053
5883.000 0.053
5884.000 0.054
5885.000 0.053
5886.000 0.054
5887.000 0.054
5888.000 0.056
5889.000 0.055
5890.000 0.054
5891.000 0.055
5892.000 0.055
5893.000 0.056
5894.000 0.055
5895.000 0.056
5896.000 0.054
5897.000 0.055
5898.000 0.057
5899.000 0.057
5900.000 0.056
5901.000 0.055
5902.000 0.056
5903.000 0.056
5904.000 0.056
5905.000 0.058
5906.000 0.057
5907.000 0.058
5908.000 0.057
5909.000 0.057
5910.000 0.057
5911.000 0.058
5912.000 0.058
5913.000 0.058
5914.000 0.058
5915.000 0.059
5916.000 0.058
5917.000 0.059
5918.000 0.058
5919.000 0.060
5920.000 0.061
5921.000 0.060
5922.000 0.060
5923.000 0.061
5924.000 0.061
5925.000 0.061
5926.000 0.059
5927.000 0.061
5928.000 0.061
5929.000 0.063
5930.000 0.063
5931.000 0.061
5932.000 0.062
5933.000 0.061
5934.000 0.063
5935.000 0.062
5936.000 0.062
5937.000 0.063
5938.000 0.063
5939.000 0.064
5940.000 0.063
5941.000 0.063
5942.000 0.065
5943.000 0.066
5944.000 0.065
5945.000 0.064
5946.000 0.065
5947.000 0.065
5948.000 0.066
5949.000 0.065
5950.000 0.066
5951.000 0.067
5952.000 0.067
5953.000 0.065
5954.000 0.067
5955.000 0.067
5956.000 0.068
5957.000 0.066
5958.000 0.067
5959.000 0.068
5960.000 0.069
5961.000 0.067
5962.000 0.069
5963.000 0.070
5964.000 0.069
5965.000 0.069
5966.000 0.069
5967.000 0.070
5968.000 0.070
5969.000 0.071
5970.000 0.071
5971.000 0.072
5972.000 0.071
5973.000 0.072
5974.000 0.073
5975.000 0.073
5976.000 0.073
5977.000 0.073
5978.000 0.073
5979.000 0.075
5980.000 0.072
5981.000 0.074
5982.000 0.074
5983.000 0.075
5984.000 0.076
5985.000 0.076
5986.000 0.076
5987.000 0.076
5988.000 0.076
5989.000 0.077
5990.000 0.078
5991.000 0.077
5992.000 0.078
5993.000 0.078
5994.000 0.081
5995.000 0.079
5996.000 0.080
5997.000 0.080
5998.000 0.080
5999.000 0.081
6000.000 0.082
6001.000 0.082
6002.000 0.081
6003.000 0.082
6004.000 0.083
6005.000 0.081
6006.000 0.084
6007.000 0.083
6008.000 0.084
6009.000 0.085
6010.000 0.085
6011.000 0.084
6012.000 0.085
6013.000 0.085
6014.000 0.088
6015.000 0.086
6016.000 0.088
6017.000 0.089
6018.000 0.090
6019.000 0.090
6020.000 0.091
6021.000 0.090
6022.000 0.090
6023.000 0.091
6024.000 0.091
6025.000 0.092
6026.000 0.094
6027.000 0.095
6028.000 0.094
6029.000 0.094
6030.000 0.095
6031.000 0.095
6032.000 0.095
6033.000 0.097
6034.000 0.096
6035.000 0.098
6036.000 0.098
6037.000 0.100
6038.000 0.099
6039.000 0.099
6040.000 0.102
6041.000 0.102
6042.000 0.102
6043.000 0.102
6044.000 0.103
6045.000 0.103
6046.000 0.106
6047.000 0.106
6048.000 0.106
6049.000 0.107
6050.000 0.106
6051.000 0.109
6052.000 0.111
6053.000 0.110
6054.000 0.111
6055.000 0.111
6056.000 0.113
6057.000 0.112
6058.000 0.114
6059.000 0.115
6060.000 0.116
6061.000 0.117
6062.000 0.117
6063.000 0.119
6064.000 0.118
6065.000 0.121
6066.000 0.120
6067.000 0.123
6068.000 0.122
6069.000 0.124
6070.000 0.124
6071.000 0.126
6072.000 0.127
6073.000 0.127
6074.000 0.129
6075.000 0.131
6076.000 0.131
6077.000 0.133
6078.000 0.133
6079.000 0.135
6080.000 0.138
6081.000 0.138
6082.000 0.138
6083.000 0.140
6084.000 0.142
6085.000 0.141
6086.000 0.144
6087.000 0.147
6088.000 0.147
6089.000 0.148
6090.000 0.150
6091.000 0.151
6092.000 0.152
6093.000 0.154
6094.000 0.155
6095.000 0.156
6096.000 0.158
6097.000 0.160
6098.000 0.161
6099.000 0.164
6100.000 0.164
6101.000 0.167
6102.000 0.169
6103.000 0.170
6104.000 0.173
6105.000 0.175
6106.000 0.176
6107.000 0.178
6108.000 0.180
6109.000 0.183
6110.000 0.185
6111.000 0.187
6112.000 0.189
6113.000 0.192
6114.000 0.194
6115.000 0.197
6116.000 0.198
6117.000 0.203
6118.000 0.206
6119.000 0.206
6120.000 0.209
6121.000 0.213
6122.000 0.214
6123.000 0.219
6124.000 0.220
6125.000 0.224
6126.000 0.227
6127.000 0.230
6128.000 0.233
6129.000 0.237
6130.000 0.240
6131.000 0.243
6132.000 0.249
6133.000 0.250
6134.000 0.255
6135.000 0.257
6136.000 0.262
6137.000 0.268
6138.000 0.270
6139.000 0.274
6140.000 0.277
6141.000 0.281
6142.000 0.289
6143.000 0.290
6144.000 0.297
6146.000 0.301
6147.000 0.307
6148.000 0.310
6149.000 0.316
6150.000 0.318
6151.000 0.324
6152.000 0.332
6153.000 0.336
6154.000 0.342
6155.000 0.350
6156.000 0.354
6157.000 0.360
6158.000 0.365
6159.000 0.374
6160.000 0.382
6161.000 0.393
6162.000 0.396
6163.000 0.407
6164.000 0.417
6165.000 0.424
6166.000 0.436
6167.000 0.442
6168.000 0.457
6169.000 0.473
6170.000 0.479
6171.000 0.497
6172.000 0.515
6173.000 0.527
6174.000 0.549
6175.000 0.563
6176.000 0.586
6177.000 0.615
6178.000 0.629
6179.000 0.661
6180.000 0.700
6181.000 0.718
6182.000 0.761
6183.000 0.784
6185.000 0.826
6186.000 0.879
6187.000 0.938
6188.000 1.001
6189.000 1.033
6190.000 1.098
6191.000 1.133
6192.000 1.195
6193.000 1.252
6194.000 1.278
6195.000 1.318
6196.000 1.338
6197.000 1.340
6198.000 1.329
6199.000 1.312
6200.000 1.270
6201.000 1.212
6202.000 1.180
6203.000 1.114
6204.000 1.045
6205.000 1.011
6206.000 0.947
6207.000 0.920
6208.000 0.862
6209.000 0.811
6210.000 0.788
6211.000 0.741
6212.000 0.701
6213.000 0.663
6214.000 0.648
6215.000 0.615
6216.000 0.601
6217.000 0.572
6218.000 0.547
6219.000 0.536
6221.000 0.516
6222.000 0.495
6223.000 0.477
6224.000 0.458
6225.000 0.450
6226.000 0.434
6227.000 0.418
6228.000 0.412
6229.000 0.399
6230.000 0.385
6231.000 0.380
6232.000 0.369
6233.000 0.362
6234.000 0.352
6235.000 0.343
6236.000 0.338
6237.000 0.328
6238.000 0.321
6239.000 0.313
6240.000 0.308
6241.000 0.302
6242.000 0.298
6243.000 0.292
6245.000 0.283
6246.000 0.280
6247.000 0.272
6248.000 0.267
6249.000 0.264
6250.000 0.259
6251.000 0.256
6252.000 0.251
6253.000 0.247
6254.000 0.244
6255.000 0.239
6256.000 0.235
6257.000 0.232
6258.000 0.229
6259.000 0.227
6260.000 0.223
6261.000 0.220
6262.000 0.218
6263.000 0.214
6264.000 0.212
6266.000 0.208
6267.000 0.205
6268.000 0.203
6269.000 0.199
6270.000 0.198
6271.000 0.197
6272.000 0.192
6273.000 0.191
6274.000 0.188
6275.000 0.186
6276.000 0.187
6277.000 0.183
6278.000 0.179
6279.000 0.179
6280.000 0.176
6281.000 0.175
6282.000 0.173
6283.000 0.171
6284.000 0.170
6285.000 0.167
6286.000 0.165
6287.000 0.165
6288.000 0.163
6289.000 0.161
6290.000 0.162
6291.000 0.159
6292.000 0.158
6293.000 0.157
6294.000 0.153
6295.000 0.152
6297.000 0.152
6298.000 0.150
6299.000 0.151
6300.000 0.147
6301.000 0.147
6302.000 0.147
6303.000 0.143
6304.000 0.144
6305.000 0.142
6306.000 0.142
6307.000 0.140
6308.000 0.140
6309.000 0.139
6310.000 0.137
6311.000 0.137
6312.000 0.134
6313.000 0.134
6314.000 0.132
6315.000 0.132
6316.000 0.132
6318.000 0.130
6319.000 0.130
6320.000 0.129
6321.000 0.128
6322.000 0.127
6323.000 0.127
6324.000 0.125
6325.000 0.125
6326.000 0.124
6327.000 0.122
6328.000 0.122
6329.000 0.122
6330.000 0.122
6331.000 0.121
6332.000 0.119
6333.000 0.118
6334.000 0.118
6335.000 0.118
6336.000 0.119
6337.000 0.117
6338.000 0.115
6339.000 0.115
6340.000 0.114
6341.000 0.114
6342.000 0.114
6344.000 0.113
6345.000 0.114
6346.000 0.112
6347.000 0.111
6348.000 0.110
6349.000 0.112
6350.000 0.109
6351.000 0.109
6352.000 0.108
6353.000 0.109
6354.000 0.107
6355.000 0.107
6356.000 0.108
6357.000 0.106
6358.000 0.106
6359.000 0.106
6360.000 0.106
6361.000 0.105
6362.000 0.105
6363.000 0.104
6365.000 0.104
6366.000 0.102
6367.000 0.102
6368.000 0.103
6369.000 0.102
6370.000 0.102
6371.000 0.101
6372.000 0.103
6373.000 0.101
6374.000 0.101
6375.000 0.100
6376.000 0.100
6377.000 0.100
6378.000 0.098
6379.000 0.099
6380.000 0.098
6381.000 0.098
6382.000 0.098
6383.000 0.099
6384.000 0.097
6385.000 0.098
6386.000 0.097
6388.000 0.097
6389.000 0.097
6390.000 0.096
6391.000 0.095
6392.000 0.096
6393.000 0.095
6394.000 0.095
6395.000 0.096
6396.000 0.094
6397.000 0.094
6398.000 0.093
6399.000 0.094
6400.000 0.095
6401.000 0.095
6402.000 0.093
6403.000 0.093
6404.000 0.093
6405.000 0.093
6406.000 0.093
6407.000 0.092
6408.000 0.091
6410.000 0.092
6411.000 0.091
6412.000 0.091
6413.000 0.091
6414.000 0.092
6415.000 0.091
6416.000 0.091
6417.000 0.091
6418.000 0.091
6419.000 0.091
6420.000 0.090
6421.000 0.091
6422.000 0.090
6423.000 0.090
6424.000 0.091
6425.000 0.089
6426.000 0.089
6427.000 0.089
6428.000 0.091
6429.000 0.092
6430.000 0.090
6432.000 0.090
6433.000 0.090
6434.000 0.089
6435.000 0.090
6436.000 0.090
6437.000 0.089
6438.000 0.089
6439.000 0.090
6440.000 0.089
6441.000 0.089
6442.000 0.088
6443.000 0.089
6444.000 0.089
6445.000 0.089
6447.000 0.090
6448.000 0.090
6449.000 0.091
6450.000 0.090
6451.000 0.091
6452.000 0.090
6453.000 0.090
6454.000 0.091
6455.000 0.091
6456.000 0.090
6457.000 0.091
6458.000 0.090
6459.000 0.091
6460.000 0.091
6461.000 0.091
6462.000 0.091
6463.000 0.092
6464.000 0.091
6465.000 0.093
6467.000 0.093
6468.000 0.093
6469.000 0.093
6470.000 0.093
6471.000 0.094
6472.000 0.095
6473.000 0.094
6474.000 0.095
6475.000 0.096
6476.000 0.097
6477.000 0.096
6478.000 0.097
6479.000 0.098
6480.000 0.098
6481.000 0.098
6482.000 0.100
6483.000 0.102
6485.000 0.102
6486.000 0.101
6487.000 0.102
6488.000 0.104
6489.000 0.105
6490.000 0.106
6491.000 0.107
6492.000 0.109
6493.000 0.110
6494.000 0.110
6495.000 0.112
6496.000 0.113
6497.000 0.116
6498.000 0.118
6499.000 0.118
6501.000 0.122
6502.000 0.122
6503.000 0.126
6504.000 0.127
6505.000 0.131
6506.000 0.135
6507.000 0.140
6508.000 0.141
6509.000 0.145
6510.000 0.151
6511.000 0.153
6512.000 0.159
6513.000 0.167
6514.000 0.171
6515.000 0.179
6516.000 0.190
6517.000 0.202
6519.000 0.208
6520.000 0.223
6521.000 0.241
6522.000 0.264
6523.000 0.277
6524.000 0.311
6525.000 0.350
6526.000 0.398
6527.000 0.427
6528.000 0.490
6529.000 0.522
6530.000 0.586
6531.000 0.628
6532.000 0.621
6534.000 0.560
6535.000 0.434
6536.000 0.306
6537.000 0.264
6538.000 0.219
6539.000 0.200
6540.000 0.166
6541.000 0.140
6542.000 0.121
6543.000 0.112
6544.000 0.099
6545.000 0.093
6546.000 0.081
6548.000 0.070
6549.000 0.064
6550.000 0.057
6551.000 0.053
6552.000 0.047
6553.000 0.042
6554.000 0.041
6555.000 0.036
6556.000 0.031
6557.000 0.031
6558.000 0.027
6559.000 0.024
6560.000 0.022
6561.000 0.019
6562.000 0.017
6563.000 0.015
6564.000 0.014
6565.000 0.011
6566.000 0.010
6567.000 0.009
6569.000 0.008
6570.000 0.006
6571.000 0.005
6572.000 0.004
6573.000 0.004
6574.000 0.003
6575.000 0.004
6576.000 0.005
6577.000 0.005
6578.000 0.006
6579.000 0.007
6580.000 0.008
6581.000 0.008
6582.000 0.010
6583.000 0.010
6585.000 0.010
6586.000 0.011
6587.000 0.013
6588.000 0.013
6589.000 0.013
6590.000 0.012
6591.000 0.015
6592.000 0.015
6593.000 0.014
6594.000 0.015
6595.000 0.016
6596.000 0.016
6597.000 0.016
6599.000 0.016
6600.000 0.017
6601.000 0.017
6602.000 0.019
6603.000 0.020
6604.000 0.020
6605.000 0.021
6606.000 0.019
6607.000 0.019
6608.000 0.020
6609.000 0.020
6610.000 0.022
6612.000 0.021
6613.000 0.020
6614.000 0.021
6615.000 0.021
6616.000 0.023
6617.000 0.022
6618.000 0.022
6619.000 0.023
6620.000 0.022
6621.000 0.022
6622.000 0.023
6623.000 0.024
6624.000 0.023
6625.000 0.024
6627.000 0.024
6628.000 0.024
6629.000 0.023
6630.000 0.025
6631.000 0.024
6632.000 0.025
6633.000 0.025
6634.000 0.024
6635.000 0.025
6636.000 0.025
6637.000 0.025
6638.000 0.025
6639.000 0.024
6641.000 0.026
6642.000 0.026
6643.000 0.026
6644.000 0.026
6645.000 0.026
6646.000 0.027
6647.000 0.026
6648.000 0.027
6649.000 0.026
6651.000 0.026
6652.000 0.027
6653.000 0.027
6654.000 0.028
6655.000 0.028
6656.000 0.027
6657.000 0.027
6658.000 0.027
6659.000 0.027
6660.000 0.028
6661.000 0.028
6662.000 0.027
6663.000 0.027
6664.000 0.027
6666.000 0.027
6667.000 0.029
6668.000 0.029
6669.000 0.029
6670.000 0.028
6671.000 0.028
6672.000 0.029
6673.000 0.028
6674.000 0.028
6676.000 0.029
6677.000 0.029
6678.000 0.029
6679.000 0.028
6680.000 0.028
6681.000 0.029
6682.000 0.028
6683.000 0.030
6684.000 0.030
6685.000 0.029
6686.000 0.028
6687.000 0.029
6688.000 0.029
6690.000 0.030
6691.000 0.030
6692.000 0.030
6693.000 0.029
6694.000 0.030
6695.000 0.030
6696.000 0.029
6697.000 0.030
6698.000 0.031
6699.000 0.030
6700.000 0.030
6701.000 0.030
6703.000 0.030
6704.000 0.030
6705.000 0.029
6706.000 0.030
6707.000 0.030
6708.000 0.030
6709.000 0.030
6710.000 0.030
6711.000 0.029
6712.000 0.030
6713.000 0.030
6714.000 0.030
6715.000 0.030
6716.000 0.030
6718.000 0.031
6719.000 0.030
6720.000 0.030
6721.000 0.030
6722.000 0.030
6723.000 0.031
6724.000 0.029
6725.000 0.031
6726.000 0.032
6727.000 0.032
6728.000 0.031
6729.000 0.031
6730.000 0.031
6732.000 0.029
6733.000 0.031
6734.000 0.031
6735.000 0.030
6736.000 0.032
6737.000 0.032
6738.000 0.032
6739.000 0.031
6740.000 0.030
6741.000 0.032
6742.000 0.031
6743.000 0.031
6745.000 0.032
6746.000 0.032
6747.000 0.032
6748.000 0.030
6749.000 0.032
6750.000 0.031
6751.000 0.033
6752.000 0.031
6753.000 0.032
6754.000 0.032
6755.000 0.032
6756.000 0.032
6757.000 0.032
6758.000 0.031
6760.000 0.031
6761.000 0.031
6762.000 0.032
6763.000 0.032
6764.000 0.031
6765.000 0.033
6766.000 0.032
6767.000 0.032
6768.000 0.032
6769.000 0.032
6770.000 0.032
6772.000 0.031
6773.000 0.033
6774.000 0.032
6775.000 0.032
6776.000 0.032
6777.000 0.033
6778.000 0.033
6779.000 0.032
6780.000 0.032
6781.000 0.032
6783.000 0.033
6784.000 0.032
6785.000 0.032
6786.000 0.033
6787.000 0.033
6788.000 0.033
6789.000 0.033
6790.000 0.033
6792.000 0.033
6793.000 0.034
6794.000 0.033
6795.000 0.032
6796.000 0.033
6797.000 0.032
6798.000 0.033
6799.000 0.032
6800.000 0.033
6801.000 0.034
6802.000 0.032
6803.000 0.033
6804.000 0.033
6806.000 0.033
6807.000 0.034
6808.000 0.035
6809.000 0.033
6810.000 0.033
6811.000 0.033
6812.000 0.033
6813.000 0.033
6814.000 0.033
6815.000 0.034
6816.000 0.033
6817.000 0.033
6818.000 0.033
6820.000 0.034
6821.000 0.033
6822.000 0.034
6823.000 0.033
6824.000 0.033
6825.000 0.034
6826.000 0.033
6827.000 0.034
6829.000 0.034
6830.000 0.033
6831.000 0.034
6832.000 0.032
6833.000 0.034
6834.000 0.034
6835.000 0.034
6836.000 0.035
6837.000 0.033
6838.000 0.033
6840.000 0.035
6841.000 0.033
6842.000 0.033
6843.000 0.035
6844.000 0.034
6845.000 0.034
6846.000 0.034
6847.000 0.036
6848.000 0.034
6849.000 0.034
6850.000 0.035
6852.000 0.035
6853.000 0.035
6854.000 0.034
6855.000 0.034
6856.000 0.034
6857.000 0.035
6858.000 0.034
6859.000 0.035
6860.000 0.035
6861.000 0.034
6863.000 0.034
6864.000 0.034
6865.000 0.034
6866.000 0.035
6867.000 0.035
6868.000 0.034
6869.000 0.035
6870.000 0.034
6872.000 0.036
6873.000 0.035
6874.000 0.035
6875.000 0.035
6876.000 0.035
6877.000 0.036
6878.000 0.037
6879.000 0.036
6880.000 0.036
6881.000 0.035
6883.000 0.036
6884.000 0.036
6885.000 0.036
6886.000 0.036
6887.000 0.035
6888.000 0.036
6889.000 0.037
6890.000 0.037
6891.000 0.036
6892.000 0.037
6893.000 0.035
6895.000 0.036
6896.000 0.037
6897.000 0.037
6898.000 0.036
6899.000 0.036
6900.000 0.037
6901.000 0.036
6902.000 0.039
6904.000 0.038
6905.000 0.037
6906.000 0.036
6907.000 0.038
6908.000 0.037
6909.000 0.037
6910.000 0.038
6911.000 0.038
6912.000 0.036
6913.000 0.035
6914.000 0.037
6916.000 0.038
6917.000 0.037
6918.000 0.038
6919.000 0.037
6920.000 0.038
6921.000 0.037
6922.000 0.038
6923.000 0.037
6924.000 0.038
6925.000 0.038
6926.000 0.038
6927.000 0.039
6929.000 0.038
6930.000 0.038
6931.000 0.039
6932.000 0.037
6933.000 0.038
6934.000 0.038
6935.000 0.038
6936.000 0.038
6938.000 0.039
6939.000 0.038
6940.000 0.038
6941.000 0.038
6942.000 0.040
6943.000 0.039
6944.000 0.039
6945.000 0.039
6946.000 0.039
6947.000 0.040
6948.000 0.040
6950.000 0.038
6951.000 0.039
6952.000 0.039
6953.000 0.039
6954.000 0.039
6955.000 0.039
6956.000 0.040
6957.000 0.040
6958.000 0.040
6959.000 0.040
6961.000 0.040
6962.000 0.041
6963.000 0.041
6964.000 0.042
6965.000 0.041
6966.000 0.041
6967.000 0.040
6968.000 0.040
6969.000 0.040
6971.000 0.042
6972.000 0.040
6973.000 0.041
6974.000 0.041
6975.000 0.041
6976.000 0.040
6977.000 0.041
6978.000 0.042
6979.000 0.041
6980.000 0.041
6981.000 0.041
6983.000 0.040
6984.000 0.042
6985.000 0.042
6986.000 0.043
6987.000 0.042
6988.000 0.041
6989.000 0.042
6990.000 0.042
6992.000 0.043
6993.000 0.042
6994.000 0.042
6995.000 0.043
6996.000 0.043
6997.000 0.043
6998.000 0.042
6999.000 0.043
7000.000 0.043
7001.000 0.044
7002.000 0.044
7003.000 0.043
7005.000 0.043
7006.000 0.046
7007.000 0.043
7008.000 0.043
7009.000 0.044
7010.000 0.044
7011.000 0.045
7012.000 0.045
7013.000 0.044
7015.000 0.045
7016.000 0.044
7017.000 0.044
7018.000 0.045
7019.000 0.045
7020.000 0.044
7021.000 0.046
7022.000 0.045
7023.000 0.045
7024.000 0.046
7025.000 0.046
7027.000 0.046
7028.000 0.046
7029.000 0.046
7030.000 0.046
7031.000 0.045
7032.000 0.046
7033.000 0.045
7034.000 0.046
7036.000 0.047
7037.000 0.046
7038.000 0.047
7039.000 0.047
7040.000 0.047
7041.000 0.046
7042.000 0.047
7043.000 0.047
7045.000 0.048
7046.000 0.047
7047.000 0.048
7048.000 0.048
7049.000 0.048
7050.000 0.047
7051.000 0.049
7052.000 0.050
7053.000 0.050
7054.000 0.049
7055.000 0.049
7057.000 0.049
7058.000 0.049
7059.000 0.049
7060.000 0.049
7061.000 0.049
7062.000 0.049
7063.000 0.050
7064.000 0.049
7065.000 0.049
7067.000 0.049
7068.000 0.050
7069.000 0.051
7070.000 0.050
7071.000 0.049
7072.000 0.050
7073.000 0.050
7074.000 0.051
7075.000 0.050
7077.000 0.050
7078.000 0.050
7079.000 0.051
7080.000 0.051
7081.000 0.052
7082.000 0.052
7083.000 0.052
7085.000 0.051
7086.000 0.052
7087.000 0.051
7088.000 0.051
7089.000 0.053
7090.000 0.052
7091.000 0.053
7092.000 0.053
7094.000 0.053
7095.000 0.053
7096.000 0.053
7097.000 0.052
7098.000 0.053
7099.000 0.053
7100.000 0.054
7101.000 0.054
7102.000 0.054
7103.000 0.053
7104.000 0.054
7106.000 0.054
7107.000 0.054
7108.000 0.054
7109.000 0.055
7110.000 0.055
7111.000 0.055
7112.000 0.055
7113.000 0.056
7114.000 0.055
7116.000 0.055
7117.000 0.055
7118.000 0.055
7119.000 0.055
7120.000 0.057
7121.000 0.057
7122.000 0.054
7123.000 0.057
7124.000 0.055
7125.000 0.055
7126.000 0.055
7128.000 0.056
7129.000 0.056
7130.000 0.056
7131.000 0.057
7132.000 0.056
7133.000 0.057
7134.000 0.057
7135.000 0.057
7137.000 0.057
7138.000 0.057
7139.000 0.058
7140.000 0.058
7141.000 0.059
7142.000 0.058
7143.000 0.057
7145.000 0.058
7146.000 0.058
7147.000 0.057
7148.000 0.058
7149.000 0.059
7150.000 0.058
7151.000 0.059
7152.000 0.059
7154.000 0.059
7155.000 0.060
7156.000 0.060
7157.000 0.060
7158.000 0.058
7159.000 0.059
7160.000 0.060
7161.000 0.058
7162.000 0.061
7164.000 0.060
7165.000 0.061
7166.000 0.062
7167.000 0.061
7168.000 0.060
7169.000 0.061
7170.000 0.062
7172.000 0.060
7173.000 0.062
7174.000 0.062
7175.000 0.062
7176.000 0.061
7177.000 0.062
7178.000 0.063
7179.000 0.062
7181.000 0.063
7182.000 0.063
7183.000 0.064
7184.000 0.062
7185.000 0.064
7186.000 0.063
7187.000 0.064
7188.000 0.064
7189.000 0.065
7190.000 0.066
7192.000 0.064
7193.000 0.065
7194.000 0.065
7195.000 0.065
7196.000 0.066
7197.000 0.067
7198.000 0.066
7199.000 0.066
7200.000 0.067
7202.000 0.067
7203.000 0.068
7204.000 0.068
7205.000 0.068
7206.000 0.069
7207.000 0.069
7208.000 0.069
7209.000 0.069
7211.000 0.069
7212.000 0.070
7213.000 0.071
7214.000 0.071
7215.000 0.071
7216.000 0.071
7218.000 0.070
7219.000 0.072
7220.000 0.073
7221.000 0.074
7222.000 0.072
7223.000 0.073
7224.000 0.075
7226.000 0.075
7227.000 0.075
7228.000 0.075
7229.000 0.076
7230.000 0.076
7231.000 0.076
7232.000 0.076
7234.000 0.077
7235.000 0.078
7236.000 0.079
7237.000 0.079
7238.000 0.079
7239.000 0.081
7240.000 0.081
7242.000 0.081
7243.000 0.083
7244.000 0.082
7245.000 0.081
7246.000 0.084
7247.000 0.084
7248.000 0.084
7249.000 0.085
7250.000 0.087
7252.000 0.087
7253.000 0.088
7254.000 0.089
7255.000 0.090
7257.000 0.089
7258.000 0.090
7259.000 0.092
7260.000 0.091
7261.000 0.092
7262.000 0.093
7263.000 0.093
7264.000 0.095
7266.000 0.095
7267.000 0.096
7268.000 0.097
7269.000 0.098
7270.000 0.099
7271.000 0.100
7272.000 0.099
7274.000 0.101
7275.000 0.103
7276.000 0.103
7277.000 0.104
7278.000 0.105
7279.000 0.104
7280.000 0.107
7282.000 0.108
7283.000 0.110
7284.000 0.109
7285.000 0.110
7286.000 0.112
7287.000 0.114
7288.000 0.115
7290.000 0.115
7291.000 0.117
7292.000 0.117
7293.000 0.118
7294.000 0.120
7295.000 0.122
7296.000 0.123
7298.000 0.125
7299.000 0.126
7300.000 0.127
7301.000 0.128
7302.000 0.130
7303.000 0.132
7305.000 0.133
7306.000 0.135
7307.000 0.137
7308.000 0.139
7309.000 0.140
7310.000 0.143
7311.000 0.143
7313.000 0.146
7314.000 0.147
7315.000 0.149
7316.000 0.150
7317.000 0.152
7318.000 0.155
7319.000 0.158
7320.000 0.160
7322.000 0.161
7323.000 0.164
7324.000 0.168
7325.000 0.168
7326.000 0.171
7327.000 0.174
7329.000 0.177
7330.000 0.179
7331.000 0.183
7332.000 0.186
7333.000 0.187
7334.000 0.191
7335.000 0.195
7337.000 0.197
7338.000 0.201
7339.000 0.205
7340.000 0.209
7341.000 0.213
7342.000 0.217
7343.000 0.221
7344.000 0.225
7346.000 0.229
7347.000 0.234
7348.000 0.238
7349.000 0.242
7350.000 0.247
7351.000 0.254
7352.000 0.258
7354.000 0.264
7355.000 0.271
7356.000 0.275
7357.000 0.284
7358.000 0.289
7359.000 0.293
7361.000 0.302
7362.000 0.310
7363.000 0.318
7364.000 0.328
7365.000 0.337
7366.000 0.344
7367.000 0.354
7368.000 0.365
7370.000 0.375
7371.000 0.388
7372.000 0.396
7373.000 0.409
7374.000 0.423
7375.000 0.430
7376.000 0.445
7377.000 0.462
7378.000 0.480
7379.000 0.499
7381.000 0.518
7382.000 0.539
7383.000 0.561
7384.000 0.586
7385.000 0.597
7386.000 0.624
7388.000 0.648
7389.000 0.677
7390.000 0.706
7391.000 0.738
7392.000 0.769
7393.000 0.799
7395.000 0.826
7396.000 0.858
7397.000 0.885
7398.000 0.898
7399.000 0.922
7400.000 0.939
7401.000 0.945
7402.000 0.956
7404.000 0.957
7405.000 0.948
7406.000 0.942
7407.000 0.923
7408.000 0.901
7409.000 0.874
7410.000 0.859
7412.000 0.832
7413.000 0.784
7414.000 0.770
7415.000 0.737
7416.000 0.707
7417.000 0.678
7418.000 0.664
7420.000 0.640
7421.000 0.601
7422.000 0.590
7423.000 0.566
7424.000 0.543
7425.000 0.522
7426.000 0.502
7428.000 0.486
7429.000 0.470
7430.000 0.461
7431.000 0.445
7432.000 0.432
7433.000 0.419
7434.000 0.406
7436.000 0.395
7437.000 0.386
7438.000 0.378
7439.000 0.370
7440.000 0.361
7441.000 0.350
7442.000 0.340
7444.000 0.332
7445.000 0.324
7446.000 0.317
7447.000 0.312
7448.000 0.305
7449.000 0.298
7450.000 0.291
7452.000 0.285
7453.000 0.279
7454.000 0.273
7455.000 0.270
7456.000 0.265
7457.000 0.259
7458.000 0.257
7459.000 0.251
7461.000 0.248
7462.000 0.241
7463.000 0.237
7464.000 0.234
7465.000 0.230
7466.000 0.225
7468.000 0.222
7469.000 0.217
7470.000 0.214
7471.000 0.213
7472.000 0.209
7473.000 0.206
7474.000 0.203
7476.000 0.199
7477.000 0.198
7478.000 0.195
7479.000 0.191
7480.000 0.189
7481.000 0.187
7482.000 0.184
7484.000 0.183
7485.000 0.179
7486.000 0.177
7487.000 0.175
7488.000 0.173
7489.000 0.173
7490.000 0.169
7492.000 0.168
7493.000 0.165
7494.000 0.164
7495.000 0.162
7496.000 0.159
7497.000 0.158
7499.000 0.157
7500.000 0.154
7501.000 0.153
7502.000 0.152
7503.000 0.150
7504.000 0.149
7505.000 0.148
7506.000 0.147
7508.000 0.145
7509.000 0.144
7510.000 0.141
7511.000 0.140
7512.000 0.140
7513.000 0.138
7514.000 0.137
7516.000 0.135
7517.000 0.134
7518.000 0.132
7519.000 0.131
7520.000 0.131
7522.000 0.130
7523.000 0.129
7524.000 0.127
7525.000 0.126
7526.000 0.125
7527.000 0.124
7529.000 0.123
7530.000 0.123
7531.000 0.121
7532.000 0.120
7533.000 0.120
7534.000 0.118
7535.000 0.118
7537.000 0.117
7538.000 0.115
7539.000 0.116
7540.000 0.116
7541.000 0.113
7542.000 0.113
7544.000 0.111
7545.000 0.111
7546.000 0.111
7547.000 0.110
7548.000 0.108
7549.000 0.109
7550.000 0.108
7551.000 0.107
7553.000 0.107
7554.000 0.105
7555.000 0.105
7556.000 0.105
7557.000 0.104
7558.000 0.102
7559.000 0.103
7561.000 0.102
7562.000 0.102
7563.000 0.101
7564.000 0.101
7565.000 0.099
7566.000 0.100
7567.000 0.099
7569.000 0.099
7570.000 0.097
7571.000 0.098
7572.000 0.095
7573.000 0.096
7574.000 0.096
7575.000 0.094
7577.000 0.094
7578.000 0.093
7579.000 0.093
7580.000 0.093
7581.000 0.091
7582.000 0.093
7583.000 0.092
7585.000 0.091
7586.000 0.090
7587.000 0.091
7588.000 0.089
7589.000 0.091
7590.000 0.090
7592.000 0.089
7593.000 0.088
7594.000 0.088
7595.000 0.087
7596.000 0.087
7597.000 0.087
7598.000 0.087
7599.000 0.086
7601.000 0.087
7602.000 0.085
7603.000 0.085
7604.000 0.086
7605.000 0.084
7606.000 0.084
7607.000 0.083
7608.000 0.084
7609.000 0.083
7611.000 0.084
7612.000 0.083
7613.000 0.081
7614.000 0.081
7615.000 0.080
7616.000 0.081
7617.000 0.081
7619.000 0.081
7620.000 0.081
7621.000 0.080
7622.000 0.079
7623.000 0.078
7624.000 0.079
7625.000 0.080
7627.000 0.078
7628.000 0.077
7629.000 0.077
7630.000 0.077
7631.000 0.078
7632.000 0.077
7633.000 0.078
7635.000 0.077
7636.000 0.076
7637.000 0.076
7638.000 0.076
7639.000 0.075
7640.000 0.076
7641.000 0.074
7643.000 0.074
7644.000 0.073
7645.000 0.074
7646.000 0.074
7647.000 0.074
7648.000 0.073
7649.000 0.073
7651.000 0.073
7652.000 0.074
7653.000 0.071
7654.000 0.073
7655.000 0.072
7656.000 0.073
7657.000 0.071
7659.000 0.072
7660.000 0.071
7661.000 0.071
7662.000 0.073
7663.000 0.071
7664.000 0.071
7665.000 0.071
7667.000 0.072
7668.000 0.071
7669.000 0.070
7670.000 0.070
7671.000 0.069
7672.000 0.069
7673.000 0.068
7675.000 0.069
7676.000 0.070
7677.000 0.069
7678.000 0.069
7679.000 0.069
7680.000 0.068
7681.000 0.068
7682.000 0.068
7684.000 0.069
7685.000 0.069
7686.000 0.067
7687.000 0.067
7688.000 0.067
7689.000 0.066
7691.000 0.067
7692.000 0.068
7693.000 0.066
7694.000 0.067
7695.000 0.066
7696.000 0.066
7698.000 0.066
7699.000 0.065
7700.000 0.066
7701.000 0.066
7702.000 0.066
7704.000 0.066
7705.000 0.064
7706.000 0.066
7707.000 0.066
7708.000 0.066
7709.000 0.065
7710.000 0.065
7712.000 0.064
7713.000 0.065
7714.000 0.065
7715.000 0.063
7716.000 0.064
7717.000 0.064
7718.000 0.065
7720.000 0.064
7721.000 0.065
7722.000 0.063
7723.000 0.064
7724.000 0.063
7725.000 0.063
7726.000 0.063
7728.000 0.063
7729.000 0.064
7730.000 0.064
7731.000 0.063
7732.000 0.062
7733.000 0.063
7734.000 0.061
7736.000 0.064
7737.000 0.062
7738.000 0.062
7739.000 0.063
7740.000 0.061
7741.000 0.062
7743.000 0.062
7744.000 0.062
7745.000 0.063
7746.000 0.062
7747.000 0.063
7748.000 0.062
7750.000 0.062
7751.000 0.061
7752.000 0.061
7753.000 0.061
7754.000 0.062
7755.000 0.062
7757.000 0.061
7758.000 0.061
7759.000 0.062
7760.000 0.061
7761.000 0.061
7762.000 0.061
7764.000 0.060
7765.000 0.062
7766.000 0.060
7767.000 0.061
7768.000 0.060
7770.000 0.060
7771.000 0.061
7772.000 0.061
7773.000 0.061
7774.000 0.060
7775.000 0.061
7777.000 0.061
7778.000 0.060
7779.000 0.061
7780.000 0.062
7781.000 0.061
7783.000 0.061
7784.000 0.060
7785.000 0.059
7786.000 0.060
7787.000 0.060
7788.000 0.060
7789.000 0.060
7791.000 0.061
7792.000 0.059
7793.000 0.062
7794.000 0.058
7795.000 0.061
7796.000 0.059
7798.000 0.060
7799.000 0.059
7800.000 0.060
7801.000 0.060
7802.000 0.059
7804.000 0.061
7805.000 0.061
7806.000 0.059
7807.000 0.060
7808.000 0.060
7809.000 0.060
7810.000 0.060
7812.000 0.060
7813.000 0.060
7814.000 0.059
7815.000 0.059
7816.000 0.061
7817.000 0.059
7819.000 0.059
7820.000 0.060
7821.000 0.060
7822.000 0.060
7823.000 0.060
7825.000 0.060
7826.000 0.059
7827.000 0.060
7828.000 0.060
7829.000 0.061
7830.000 0.060
7831.000 0.061
7833.000 0.060
7834.000 0.060
7835.000 0.059
7836.000 0.060
7837.000 0.060
7838.000 0.061
7840.000 0.060
7841.000 0.060
7842.000 0.060
7843.000 0.060
7844.000 0.061
7846.000 0.061
7847.000 0.062
7848.000 0.061
7849.000 0.060
7850.000 0.061
7851.000 0.062
7852.000 0.060
7854.000 0.060
7855.000 0.061
7856.000 0.062
7857.000 0.061
7859.000 0.061
7860.000 0.063
7861.000 0.061
7862.000 0.061
7863.000 0.062
7864.000 0.061
7865.000 0.061
7867.000 0.061
7868.000 0.062
7869.000 0.061
7870.000 0.061
7871.000 0.063
7872.000 0.063
7874.000 0.063
7875.000 0.063
7876.000 0.062
7877.000 0.062
7878.000 0.064
7880.000 0.063
7881.000 0.063
7882.000 0.064
7883.000 0.062
7884.000 0.063
7885.000 0.063
7886.000 0.063
7888.000 0.064
7889.000 0.064
7890.000 0.064
7891.000 0.064
7892.000 0.065
7893.000 0.065
7895.000 0.064
7896.000 0.065
7897.000 0.067
7898.000 0.065
7899.000 0.066
7901.000 0.066
7902.000 0.066
7903.000 0.065
7904.000 0.067
7905.000 0.067
7906.000 0.067
7907.000 0.067
7909.000 0.069
7910.000 0.067
7911.000 0.067
7912.000 0.068
7913.000 0.068
7914.000 0.069
7916.000 0.068
7917.000 0.070
7918.000 0.071
7919.000 0.070
7920.000 0.070
7922.000 0.071
7923.000 0.070
7924.000 0.071
7925.000 0.070
7926.000 0.072
7927.000 0.073
7929.000 0.072
7930.000 0.073
7931.000 0.074
7932.000 0.074
7933.000 0.074
7935.000 0.075
7936.000 0.076
7937.000 0.075
7938.000 0.076
7939.000 0.077
7940.000 0.077
7941.000 0.078
7943.000 0.078
7944.000 0.080
7945.000 0.079
7946.000 0.079
7947.000 0.082
7948.000 0.082
7950.000 0.083
7951.000 0.084
7952.000 0.085
7953.000 0.086
7954.000 0.086
7956.000 0.088
7957.000 0.088
7958.000 0.088
7959.000 0.089
7960.000 0.090
7962.000 0.091
7963.000 0.092
7964.000 0.095
7965.000 0.095
7966.000 0.097
7968.000 0.098
7969.000 0.101
7970.000 0.101
7971.000 0.103
7972.000 0.104
7974.000 0.107
7975.000 0.109
7976.000 0.111
7977.000 0.114
7978.000 0.117
7979.000 0.118
7981.000 0.121
7982.000 0.124
7983.000 0.129
7984.000 0.130
7985.000 0.133
7987.000 0.140
7988.000 0.142
7989.000 0.147
7990.000 0.155
7991.000 0.161
7992.000 0.167
7994.000 0.174
7995.000 0.182
7996.000 0.193
7997.000 0.205
7998.000 0.219
8000.000 0.233
8001.000 0.253
8002.000 0.272
8003.000 0.284
8004.000 0.311
8005.000 0.343
8007.000 0.374
8008.000 0.412
8009.000 0.450
8010.000 0.483
8012.000 0.497
8013.000 0.475
8014.000 0.439
8015.000 0.413
8016.000 0.408
8018.000 0.400
8019.000 0.380
8020.000 0.326
8021.000 0.264
8022.000 0.216
8023.000 0.189
8025.000 0.170
8026.000 0.148
8027.000 0.131
8028.000 0.118
8030.000 0.109
8031.000 0.099
8032.000 0.090
8033.000 0.083
8034.000 0.075
8036.000 0.069
8037.000 0.065
8038.000 0.059
8039.000 0.055
8040.000 0.054
8041.000 0.048
8043.000 0.045
8044.000 0.041
8045.000 0.038
8046.000 0.036
8047.000 0.034
8049.000 0.033
8050.000 0.029
8051.000 0.028
8052.000 0.026
8053.000 0.024
8055.000 0.020
8056.000 0.020
8057.000 0.017
8058.000 0.018
8060.000 0.016
8061.000 0.013
8062.000 0.013
8063.000 0.011
8064.000 0.011
8065.000 0.009
8067.000 0.008
8068.000 0.008
8069.000 0.007
8070.000 0.007
8071.000 0.006
8073.000 0.005
8074.000 0.005
8075.000 0.005
8076.000 0.006
8077.000 0.006
8079.000 0.005
8080.000 0.007
8081.000 0.007
8082.000 0.008
8084.000 0.008
8085.000 0.009
8086.000 0.009
8087.000 0.010
8088.000 0.010
8089.000 0.011
8090.000 0.011
8092.000 0.012
8093.000 0.011
8094.000 0.012
8095.000 0.013
8096.000 0.015
8098.000 0.014
8099.000 0.014
8100.000 0.015
8101.000 0.015
8102.000 0.016
8104.000 0.016
8105.000 0.016
8106.000 0.017
8107.000 0.017
8108.000 0.017
8110.000 0.017
8111.000 0.019
8112.000 0.018
8113.000 0.018
8115.000 0.019
8116.000 0.020
8117.000 0.020
8118.000 0.020
8120.000 0.020
8121.000 0.021
8122.000 0.020
8123.000 0.021
8124.000 0.021
8125.000 0.021
8126.000 0.022
8128.000 0.021
8129.000 0.022
8130.000 0.023
8131.000 0.023
8133.000 0.023
8134.000 0.024
8135.000 0.025
8136.000 0.023
8137.000 0.025
8139.000 0.026
8140.000 0.026
8141.000 0.024
8142.000 0.025
8144.000 0.026
8145.000 0.025
8146.000 0.025
8147.000 0.026
8148.000 0.027
8149.000 0.026
8151.000 0.026
8152.000 0.027
8153.000 0.026
8154.000 0.027
8155.000 0.028
8156.000 0.028
8157.000 0.028
8159.000 0.028
8160.000 0.027
8161.000 0.027
8162.000 0.029
8164.000 0.029
8165.000 0.029
8166.000 0.028
8167.000 0.029
8169.000 0.030
8170.000 0.030
8171.000 0.030
8172.000 0.030
8174.000 0.030
8175.000 0.031
8176.000 0.031
8177.000 0.031
8178.000 0.031
8179.000 0.031
8181.000 0.032
8182.000 0.032
8183.000 0.031
8185.000 0.031
8186.000 0.032
8187.000 0.032
8188.000 0.032
8189.000 0.033
8190.000 0.034
8192.000 0.032
8193.000 0.034
8194.000 0.033
8195.000 0.033
8196.000 0.033
8198.000 0.033
8199.000 0.034
8200.000 0.035
8201.000 0.034
8202.000 0.034
8204.000 0.034
8205.000 0.035
8206.000 0.034
8207.000 0.036
8208.000 0.035
8210.000 0.035
8211.000 0.035
8212.000 0.036
8213.000 0.036
8215.000 0.035
8216.000 0.036
8217.000 0.037
8218.000 0.038
8220.000 0.036
8221.000 0.036
8222.000 0.037
8223.000 0.037
8224.000 0.037
8226.000 0.037
8227.000 0.038
8228.000 0.037
8229.000 0.039
8230.000 0.038
8231.000 0.039
8233.000 0.038
8234.000 0.040
8235.000 0.038
8236.000 0.039
8237.000 0.038
8239.000 0.039
8240.000 0.039
8241.000 0.039
8242.000 0.039
8243.000 0.040
8245.000 0.041
8246.000 0.041
8247.000 0.041
8248.000 0.042
8249.000 0.040
8251.000 0.041
8252.000 0.042
8253.000 0.042
8254.000 0.042
8256.000 0.042
8257.000 0.042
8258.000 0.042
8259.000 0.041
8261.000 0.042
8262.000 0.043
8263.000 0.043
8264.000 0.043
8265.000 0.043
8266.000 0.043
8268.000 0.044
8269.000 0.043
8270.000 0.045
8271.000 0.043
8273.000 0.045
8274.000 0.045
8275.000 0.044
8276.000 0.045
8277.000 0.046
8279.000 0.045
8280.000 0.044
8281.000 0.045
8282.000 0.047
8284.000 0.045
8285.000 0.046
8286.000 0.046
8287.000 0.047
8288.000 0.046
8289.000 0.046
8291.000 0.046
8292.000 0.048
8293.000 0.047
8294.000 0.046
8295.000 0.049
8297.000 0.048
8298.000 0.047
8299.000 0.049
8300.000 0.048
8302.000 0.048
8303.000 0.050
8304.000 0.049
8305.000 0.050
8307.000 0.050
8308.000 0.049
8309.000 0.050
8310.000 0.050
8312.000 0.051
8313.000 0.052
8314.000 0.051
8315.000 0.052
8317.000 0.052
8318.000 0.051
8319.000 0.052
8320.000 0.053
8322.000 0.051
8323.000 0.052
8324.000 0.053
8325.000 0.053
8327.000 0.054
8328.000 0.054
8329.000 0.054
8330.000 0.055
8332.000 0.054
8333.000 0.054
8334.000 0.056
8335.000 0.055
8337.000 0.055
8338.000 0.057
8339.000 0.056
8340.000 0.055
8342.000 0.057
8343.000 0.058
8344.000 0.058
8345.000 0.057
8347.000 0.058
8348.000 0.058
8349.000 0.058
8350.000 0.060
8352.000 0.058
8353.000 0.059
8354.000 0.061
8355.000 0.061
8357.000 0.061
8358.000 0.062
8359.000 0.061
8360.000 0.063
8362.000 0.062
8363.000 0.062
8364.000 0.061
8365.000 0.063
8367.000 0.063
8368.000 0.064
8369.000 0.064
8370.000 0.064
8372.000 0.064
8373.000 0.067
8374.000 0.065
8375.000 0.066
8377.000 0.066
8378.000 0.068
8379.000 0.068
8380.000 0.068
8382.000 0.067
8383.000 0.068
8384.000 0.069
8385.000 0.069
8387.000 0.070
8388.000 0.071
8389.000 0.070
8390.000 0.071
8392.000 0.072
8393.000 0.072
8394.000 0.072
8395.000 0.073
8397.000 0.073
8398.000 0.074
8399.000 0.075
8400.000 0.074
8402.000 0.075
8403.000 0.075
8404.000 0.078
8405.000 0.076
8407.000 0.077
8408.000 0.078
8409.000 0.078
8410.000 0.079
8412.000 0.080
8413.000 0.081
8414.000 0.081
8415.000 0.082
8416.000 0.083
8417.000 0.083
8419.000 0.084
8420.000 0.085
8421.000 0.086
8422.000 0.086
8423.000 0.086
8425.000 0.087
8426.000 0.087
8427.000 0.088
8428.000 0.088
8430.000 0.090
8431.000 0.090
8432.000 0.091
8433.000 0.092
8434.000 0.094
8436.000 0.094
8437.000 0.095
8438.000 0.095
8439.000 0.096
8440.000 0.097
8441.000 0.098
8443.000 0.100
8444.000 0.100
8445.000 0.101
8446.000 0.103
8447.000 0.102
8449.000 0.105
8450.000 0.106
8451.000 0.106
8452.000 0.106
8453.000 0.109
8455.000 0.109
8456.000 0.112
8457.000 0.113
8458.000 0.116
8459.000 0.117
8461.000 0.118
8462.000 0.121
8463.000 0.121
8464.000 0.123
8466.000 0.125
8467.000 0.128
8468.000 0.130
8469.000 0.132
8471.000 0.135
8472.000 0.138
8473.000 0.140
8475.000 0.143
8476.000 0.149
8477.000 0.151
8478.000 0.156
8479.000 0.160
8481.000 0.164
8482.000 0.175
8483.000 0.183
8484.000 0.191
8486.000 0.200
8487.000 0.211
8488.000 0.224
8489.000 0.234
8491.000 0.240
8492.000 0.242
8493.000 0.226
8494.000 0.187
8496.000 0.139
8497.000 0.064
8498.000 0.058
8499.000 0.062
8501.000 0.069
8502.000 0.078
8503.000 0.084
8504.000 0.087
8506.000 0.094
8507.000 0.101
8508.000 0.105
8509.000 0.111
8511.000 0.113
8512.000 0.119
8513.000 0.122
8514.000 0.126
8516.000 0.129
8517.000 0.133
8518.000 0.137
8519.000 0.142
8521.000 0.144
8522.000 0.150
8523.000 0.153
8524.000 0.156
8526.000 0.159
8527.000 0.164
8528.000 0.169
8529.000 0.171
8531.000 0.174
8532.000 0.182
8533.000 0.182
8534.000 0.187
8536.000 0.191
8537.000 0.197
8538.000 0.203
8539.000 0.205
8541.000 0.210
8542.000 0.216
8543.000 0.221
8544.000 0.227
8545.000 0.232
8547.000 0.237
8548.000 0.243
8549.000 0.249
8550.000 0.256
8552.000 0.262
8553.000 0.269
8554.000 0.276
8555.000 0.283
8557.000 0.291
8558.000 0.304
8559.000 0.308
8560.000 0.318
8562.000 0.325
8563.000 0.341
8564.000 0.352
8565.000 0.357
8567.000 0.373
8568.000 0.386
8569.000 0.398
8570.000 0.413
8572.000 0.426
8573.000 0.439
8574.000 0.455
8575.000 0.470
8577.000 0.486
8578.000 0.511
8579.000 0.530
8580.000 0.540
8582.000 0.558
8583.000 0.587
8584.000 0.605
8585.000 0.624
8587.000 0.639
8588.000 0.657
8589.000 0.672
8590.000 0.686
8592.000 0.695
8593.000 0.706
8594.000 0.711
8595.000 0.714
8597.000 0.713
8598.000 0.705
8599.000 0.697
8600.000 0.690
8602.000 0.682
8603.000 0.657
8604.000 0.640
8605.000 0.620
8607.000 0.604
8608.000 0.584
8609.000 0.565
8610.000 0.547
8612.000 0.530
8613.000 0.512
8614.000 0.494
8615.000 0.478
8616.000 0.471
8617.000 0.455
8619.000 0.442
8620.000 0.424
8621.000 0.411
8622.000 0.399
8624.000 0.390
8625.000 0.382
8626.000 0.372
8627.000 0.365
8629.000 0.359
8630.000 0.349
8631.000 0.346
8632.000 0.340
8634.000 0.336
8635.000 0.329
8636.000 0.323
8637.000 0.317
8638.000 0.311
8640.000 0.304
8641.000 0.294
8642.000 0.292
8644.000 0.282
8645.000 0.275
8646.000 0.270
8647.000 0.263
8648.000 0.258
8650.000 0.253
8651.000 0.248
8652.000 0.243
8653.000 0.238
8654.000 0.232
8656.000 0.228
8657.000 0.224
8658.000 0.221
8659.000 0.216
8661.000 0.213
8662.000 0.207
8663.000 0.204
8664.000 0.201
8666.000 0.198
8667.000 0.193
8668.000 0.189
8669.000 0.188
8671.000 0.186
8672.000 0.182
8673.000 0.179
8674.000 0.176
8676.000 0.173
8677.000 0.172
8678.000 0.169
8679.000 0.166
8681.000 0.165
8682.000 0.161
8683.000 0.159
8684.000 0.157
8686.000 0.155
8687.000 0.152
8688.000 0.150
8689.000 0.149
8691.000 0.148
8692.000 0.145
8693.000 0.143
8694.000 0.142
8696.000 0.141
8697.000 0.137
8698.000 0.136
8699.000 0.135
8701.000 0.134
8702.000 0.132
8703.000 0.131
8704.000 0.130
8705.000 0.129
8707.000 0.127
8708.000 0.127
8709.000 0.125
8710.000 0.124
8712.000 0.122
8713.000 0.121
8714.000 0.120
8715.000 0.120
8717.000 0.119
8718.000 0.117
8719.000 0.116
8720.000 0.115
8722.000 0.114
8723.000 0.111
8724.000 0.111
8725.000 0.110
8727.000 0.108
8728.000 0.108
8729.000 0.108
8730.000 0.107
8732.000 0.106
8733.000 0.104
8734.000 0.104
8735.000 0.102
8737.000 0.103
8738.000 0.102
8739.000 0.100
8740.000 0.101
8741.000 0.099
8743.000 0.099
8744.000 0.097
8745.000 0.097
8746.000 0.097
8748.000 0.097
8749.000 0.096
8750.000 0.093
8751.000 0.093
8753.000 0.093
8754.000 0.093
8755.000 0.091
8756.000 0.091
8758.000 0.091
8759.000 0.091
8760.000 0.090
8761.000 0.089
8763.000 0.087
8764.000 0.087
8765.000 0.087
8766.000 0.086
8768.000 0.086
8769.000 0.085
8770.000 0.084
8771.000 0.084
8773.000 0.082
8774.000 0.084
8775.000 0.083
8776.000 0.083
8778.000 0.082
8779.000 0.082
8781.000 0.080
8782.000 0.080
8783.000 0.079
8785.000 0.079
8786.000 0.079
8787.000 0.078
8788.000 0.078
8790.000 0.077
8791.000 0.077
8792.000 0.076
8793.000 0.076
8795.000 0.076
8796.000 0.074
8797.000 0.074
8798.000 0.074
8800.000 0.074
8801.000 0.073
8802.000 0.073
8803.000 0.073
8805.000 0.071
8806.000 0.073
8807.000 0.071
8808.000 0.071
8810.000 0.071
8811.000 0.071
8812.000 0.069
8813.000 0.072
8815.000 0.069
8816.000 0.069
8817.000 0.068
8818.000 0.069
8820.000 0.068
8821.000 0.067
8822.000 0.068
8823.000 0.068
8825.000 0.069
8826.000 0.067
8827.000 0.066
8829.000 0.066
8830.000 0.066
8831.000 0.067
8833.000 0.065
8834.000 0.065
8835.000 0.065
8836.000 0.065
8838.000 0.065
8839.000 0.064
8840.000 0.064
8841.000 0.064
8843.000 0.062
8844.000 0.063
8845.000 0.063
8846.000 0.063
8848.000 0.062
8849.000 0.062
8850.000 0.062
8851.000 0.062
8853.000 0.061
8854.000 0.062
8855.000 0.061
8856.000 0.060
8858.000 0.059
8859.000 0.060
8860.000 0.060
8861.000 0.060
8863.000 0.061
8864.000 0.059
8865.000 0.060
8866.000 0.059
8868.000 0.059
8869.000 0.058
8870.000 0.058
8871.000 0.058
8873.000 0.058
8874.000 0.058
8875.000 0.057
8876.000 0.058
8878.000 0.056
8879.000 0.057
8880.000 0.057
8881.000 0.056
8883.000 0.057
8884.000 0.056
8885.000 0.056
8886.000 0.056
8888.000 0.056
8889.000 0.055
8890.000 0.056
8892.000 0.056
8893.000 0.055
8894.000 0.055
8895.000 0.055
8896.000 0.055
8898.000 0.054
8899.000 0.054
8901.000 0.054
8902.000 0.055
8903.000 0.055
8904.000 0.054
8906.000 0.054
8907.000 0.053
8908.000 0.054
8909.000 0.053
8911.000 0.053
8912.000 0.053
8913.000 0.053
8914.000 0.053
8916.000 0.052
8917.000 0.053
8918.000 0.052
8920.000 0.053
8921.000 0.051
8922.000 0.053
8923.000 0.052
8925.000 0.051
8926.000 0.051
8927.000 0.052
8928.000 0.051
8930.000 0.050
8931.000 0.051
8932.000 0.051
8933.000 0.050
8935.000 0.052
8936.000 0.050
8937.000 0.051
8938.000 0.050
8940.000 0.051
8941.000 0.051
8942.000 0.049
8944.000 0.050
8945.000 0.050
8946.000 0.050
8947.000 0.049
8949.000 0.049
8950.000 0.049
8951.000 0.050
8952.000 0.049
8954.000 0.050
8955.000 0.050
8956.000 0.050
8957.000 0.049
8958.000 0.048
8960.000 0.049
8961.000 0.048
8962.000 0.047
8963.000 0.048
8965.000 0.048
8966.000 0.049
8967.000 0.049
8968.000 0.049
8970.000 0.048
8971.000 0.048
8972.000 0.049
8973.000 0.047
8975.000 0.048
8976.000 0.047
8977.000 0.048
8978.000 0.048
8980.000 0.048
8981.000 0.048
8982.000 0.047
8983.000 0.047
8985.000 0.047
8986.000 0.047
8987.000 0.047
8988.000 0.047
8990.000 0.047
8991.000 0.047
8992.000 0.046
8993.000 0.047
8995.000 0.047
8996.000 0.047
8997.000 0.046
8998.000 0.047
9000.000 0.046
9001.000 0.046
9002.000 0.047
9003.000 0.046
9005.000 0.045
9006.000 0.045
9007.000 0.046
9008.000 0.045
9010.000 0.046
9011.000 0.046
9012.000 0.046
9013.000 0.047
9014.000 0.046
9016.000 0.046
9017.000 0.046
9018.000 0.045
9019.000 0.045
9021.000 0.045
9022.000 0.046
9023.000 0.046
9024.000 0.045
9026.000 0.044
9027.000 0.046
9028.000 0.045
9029.000 0.045
9031.000 0.045
9032.000 0.046
9033.000 0.044
9034.000 0.046
9036.000 0.045
9037.000 0.044
9038.000 0.045
9039.000 0.045
9041.000 0.045
9042.000 0.045
9043.000 0.045
9044.000 0.045
9046.000 0.044
9047.000 0.044
9048.000 0.046
9049.000 0.045
9051.000 0.044
9052.000 0.046
9053.000 0.045
9054.000 0.045
9056.000 0.045
9057.000 0.044
9058.000 0.046
9059.000 0.043
9061.000 0.045
9062.000 0.043
9063.000 0.044
9064.000 0.045
9066.000 0.043
9067.000 0.045
9068.000 0.044
9069.000 0.043
9071.000 0.045
9072.000 0.044
9073.000 0.044
9074.000 0.044
9076.000 0.044
9077.000 0.044
9078.000 0.044
9079.000 0.043
9081.000 0.045
9082.000 0.044
9083.000 0.044
9084.000 0.043
9086.000 0.045
9087.000 0.045
9088.000 0.044
9089.000 0.044
9091.000 0.044
9092.000 0.044
9093.000 0.045
9094.000 0.044
9096.000 0.045
9097.000 0.044
9098.000 0.044
9099.000 0.044
9101.000 0.044
9102.000 0.043
9103.000 0.043
9104.000 0.044
9106.000 0.043
9107.000 0.043
9108.000 0.044
9109.000 0.045
9111.000 0.044
9112.000 0.045
9113.000 0.044
9114.000 0.045
9116.000 0.045
9117.000 0.044
9118.000 0.043
9119.000 0.044
9121.000 0.044
9122.000 0.045
9123.000 0.044
9124.000 0.045
9126.000 0.044
9127.000 0.044
9128.000 0.044
9129.000 0.045
9131.000 0.045
9132.000 0.044
9133.000 0.045
9134.000 0.045
9136.000 0.044
9137.000 0.043
9138.000 0.045
9139.000 0.045
9141.000 0.044
9142.000 0.044
9143.000 0.045
9144.000 0.044
9146.000 0.045
9147.000 0.044
9148.000 0.045
9149.000 0.044
9151.000 0.044
9152.000 0.045
9153.000 0.046
9154.000 0.045
9156.000 0.046
9157.000 0.044
9158.000 0.044
9159.000 0.044
9161.000 0.045
9162.000 0.045
9163.000 0.046
9164.000 0.045
9166.000 0.046
9167.000 0.045
9168.000 0.045
9169.000 0.046
9171.000 0.045
9172.000 0.045
9173.000 0.045
9174.000 0.045
9176.000 0.045
9177.000 0.045
9178.000 0.045
9179.000 0.045
9181.000 0.046
9182.000 0.046
9183.000 0.045
9184.000 0.045
9186.000 0.045
9187.000 0.044
9188.000 0.047
9189.000 0.045
9191.000 0.046
9192.000 0.046
9193.000 0.045
9194.000 0.047
9196.000 0.047
9197.000 0.047
9198.000 0.046
9199.000 0.046
9201.000 0.047
9202.000 0.047
9203.000 0.047
9204.000 0.046
9206.000 0.047
9207.000 0.046
9208.000 0.047
9209.000 0.048
9211.000 0.046
9212.000 0.047
9213.000 0.047
9214.000 0.046
9216.000 0.047
9217.000 0.048
9218.000 0.047
9219.000 0.048
9221.000 0.048
9222.000 0.049
9223.000 0.048
9225.000 0.048
9226.000 0.049
9227.000 0.048
9228.000 0.049
9230.000 0.049
9231.000 0.049
9232.000 0.048
9233.000 0.048
9235.000 0.049
9236.000 0.049
9237.000 0.048
9238.000 0.049
9240.000 0.048
9241.000 0.050
9242.000 0.050
9243.000 0.049
9245.000 0.050
9246.000 0.050
9247.000 0.050
9248.000 0.051
9250.000 0.049
9251.000 0.051
9252.000 0.051
9253.000 0.050
9255.000 0.051
9256.000 0.051
9257.000 0.051
9258.000 0.053
9260.000 0.051
9261.000 0.052
9262.000 0.051
9263.000 0.052
9265.000 0.051
9266.000 0.052
9267.000 0.053
9268.000 0.052
9270.000 0.053
9271.000 0.053
9272.000 0.052
9273.000 0.054
9275.000 0.052
9276.000 0.052
9277.000 0.053
9278.000 0.054
9280.000 0.054
9281.000 0.055
9282.000 0.055
9283.000 0.054
9285.000 0.054
9286.000 0.054
9287.000 0.055
9288.000 0.056
9290.000 0.056
9291.000 0.057
9292.000 0.055
9293.000 0.056
9295.000 0.057
9296.000 0.057
9297.000 0.056
9298.000 0.057
9300.000 0.058
9301.000 0.057
9302.000 0.057
9303.000 0.058
9305.000 0.058
9306.000 0.058
9307.000 0.058
9308.000 0.059
9310.000 0.059
9311.000 0.060
9312.000 0.060
9314.000 0.061
9315.000 0.062
9316.000 0.061
9318.000 0.062
9319.000 0.063
9320.000 0.061
9321.000 0.063
9323.000 0.062
9324.000 0.064
9325.000 0.062
9326.000 0.064
9328.000 0.064
9329.000 0.064
9330.000 0.065
9331.000 0.066
9333.000 0.067
9334.000 0.066
9335.000 0.067
9336.000 0.067
9338.000 0.069
9339.000 0.068
9340.000 0.070
9341.000 0.070
9343.000 0.070
9344.000 0.072
9345.000 0.072
9347.000 0.071
9348.000 0.074
9349.000 0.073
9351.000 0.074
9352.000 0.075
9353.000 0.075
9354.000 0.078
9356.000 0.076
9357.000 0.078
9358.000 0.079
9359.000 0.079
9361.000 0.080
9362.000 0.081
9363.000 0.082
9364.000 0.082
9366.000 0.084
9367.000 0.084
9368.000 0.087
9369.000 0.087
9371.000 0.088
9372.000 0.089
9373.000 0.091
9374.000 0.092
9376.000 0.093
9377.000 0.096
9378.000 0.096
9379.000 0.098
9381.000 0.099
9382.000 0.100
9383.000 0.102
9384.000 0.104
9386.000 0.107
9387.000 0.110
9388.000 0.111
9389.000 0.114
9391.000 0.114
9392.000 0.119
9393.000 0.122
9394.000 0.124
9396.000 0.128
9397.000 0.132
9398.000 0.135
9399.000 0.139
9401.000 0.143
9402.000 0.149
9403.000 0.156
9405.000 0.160
9406.000 0.166
9407.000 0.173
9409.000 0.180
9410.000 0.192
9411.000 0.202
9412.000 0.211
9414.000 0.221
9415.000 0.234
9416.000 0.249
9417.000 0.266
9419.000 0.292
9420.000 0.303
9421.000 0.325
9422.000 0.361
9424.000 0.382
9425.000 0.405
9426.000 0.423
9427.000 0.434
9429.000 0.434
9430.000 0.422
9431.000 0.395
9432.000 0.362
9434.000 0.334
9435.000 0.303
9436.000 0.278
9437.000 0.257
9439.000 0.244
9440.000 0.224
9441.000 0.207
9442.000 0.185
9444.000 0.166
9445.000 0.147
9446.000 0.133
9447.000 0.120
9449.000 0.112
9450.000 0.101
9451.000 0.094
9452.000 0.086
9454.000 0.080
9455.000 0.071
9456.000 0.068
9457.000 0.063
9459.000 0.060
9460.000 0.054
9461.000 0.050
9462.000 0.047
9464.000 0.044
9465.000 0.041
9466.000 0.037
9467.000 0.036
9469.000 0.034
9470.000 0.031
9471.000 0.029
9472.000 0.028
9474.000 0.025
9475.000 0.022
9476.000 0.021
9477.000 0.020
9479.000 0.017
9480.000 0.016
9481.000 0.016
9482.000 0.014
9484.000 0.013
9485.000 0.011
9486.000 0.010
9487.000 0.009
9489.000 0.010
9490.000 0.008
9491.000 0.007
9493.000 0.007
9494.000 0.006
9495.000 0.007
9497.000 0.006
9498.000 0.008
9499.000 0.008
9501.000 0.008
9502.000 0.009
9503.000 0.010
9505.000 0.011
9506.000 0.012
9507.000 0.012
9508.000 0.013
9510.000 0.013
9511.000 0.015
9512.000 0.014
9513.000 0.016
9515.000 0.017
9516.000 0.017
9517.000 0.018
9518.000 0.017
9520.000 0.019
9521.000 0.019
9522.000 0.020
9524.000 0.021
9525.000 0.022
9526.000 0.022
9528.000 0.023
9529.000 0.024
9530.000 0.025
9532.000 0.025
9533.000 0.027
9534.000 0.025
9536.000 0.026
9537.000 0.027
9538.000 0.028
9539.000 0.028
9541.000 0.029
9542.000 0.030
9543.000 0.031
9544.000 0.030
9546.000 0.031
9547.000 0.032
9548.000 0.032
9549.000 0.033
9551.000 0.033
9552.000 0.034
9553.000 0.035
9554.000 0.035
9556.000 0.036
9557.000 0.035
9558.000 0.037
9559.000 0.037
9561.000 0.038
9562.000 0.038
9563.000 0.039
9564.000 0.040
9566.000 0.039
9567.000 0.040
9568.000 0.041
9569.000 0.041
9571.000 0.041
9572.000 0.042
9573.000 0.043
9574.000 0.043
9576.000 0.044
9577.000 0.043
9578.000 0.044
9580.000 0.046
9581.000 0.045
9582.000 0.047
9584.000 0.047
9585.000 0.048
9586.000 0.048
9587.000 0.048
9589.000 0.049
9590.000 0.050
9591.000 0.050
9592.000 0.051
9594.000 0.051
9595.000 0.053
9596.000 0.053
9598.000 0.053
9599.000 0.055
9600.000 0.054
9602.000 0.054
9603.000 0.055
9604.000 0.057
9606.000 0.058
9607.000 0.057
9608.000 0.060
9609.000 0.059
9611.000 0.060
9612.000 0.060
9613.000 0.061
9614.000 0.061
9616.000 0.062
9617.000 0.064
9618.000 0.064
9619.000 0.066
9621.000 0.066
9622.000 0.066
9623.000 0.067
9625.000 0.067
9626.000 0.068
9627.000 0.068
9628.000 0.071
9630.000 0.071
9631.000 0.070
9632.000 0.072
9633.000 0.073
9635.000 0.074
9636.000 0.075
9637.000 0.076
9639.000 0.077
9640.000 0.078
9641.000 0.079
9643.000 0.080
9644.000 0.081
9645.000 0.082
9646.000 0.084
9648.000 0.083
9649.000 0.086
9650.000 0.085
9651.000 0.087
9653.000 0.088
9654.000 0.090
9655.000 0.090
9656.000 0.091
9658.000 0.092
9659.000 0.094
9660.000 0.095
9661.000 0.097
9663.000 0.098
9664.000 0.099
9665.000 0.100
9666.000 0.101
9668.000 0.103
9669.000 0.103
9670.000 0.106
9671.000 0.106
9673.000 0.108
9674.000 0.109
9675.000 0.111
9677.000 0.114
9678.000 0.115
9679.000 0.118
9681.000 0.119
9682.000 0.121
9683.000 0.123
9684.000 0.123
9686.000 0.126
9687.000 0.129
9688.000 0.131
9689.000 0.133
9691.000 0.135
9692.000 0.138
9693.000 0.139
9694.000 0.142
9696.000 0.143
9697.000 0.147
9698.000 0.150
9700.000 0.152
9701.000 0.156
9703.000 0.158
9704.000 0.164
9705.000 0.166
9706.000 0.169
9708.000 0.171
9709.000 0.175
9710.000 0.178
9711.000 0.181
9713.000 0.185
9714.000 0.188
9715.000 0.193
9716.000 0.196
9718.000 0.200
9719.000 0.208
9720.000 0.211
9722.000 0.215
9723.000 0.223
9725.000 0.228
9726.000 0.236
9727.000 0.242
9729.000 0.246
9730.000 0.257
9731.000 0.262
9733.000 0.266
9734.000 0.277
9735.000 0.285
9737.000 0.291
9738.000 0.303
9740.000 0.310
9741.000 0.320
9742.000 0.327
9744.000 0.335
9745.000 0.348
9746.000 0.357
9748.000 0.366
9749.000 0.376
9750.000 0.386
9751.000 0.395
9753.000 0.404
9754.000 0.419
9756.000 0.432
9757.000 0.439
9758.000 0.446
9760.000 0.453
9761.000 0.462
9762.000 0.467
9764.000 0.471
9765.000 0.477
9766.000 0.479
9768.000 0.478
9769.000 0.478
9770.000 0.476
9772.000 0.473
9773.000 0.467
9774.000 0.462
9776.000 0.454
9777.000 0.444
9778.000 0.436
9779.000 0.427
9781.000 0.421
9782.000 0.407
9783.000 0.398
9785.000 0.390
9786.000 0.382
9787.000 0.371
9789.000 0.363
9790.000 0.354
9791.000 0.345
9792.000 0.336
9794.000 0.330
9795.000 0.318
9796.000 0.312
9797.000 0.305
9799.000 0.299
9800.000 0.289
9801.000 0.284
9803.000 0.278
9804.000 0.273
9805.000 0.267
9807.000 0.264
9808.000 0.256
9809.000 0.252
9810.000 0.249
9812.000 0.245
9813.000 0.240
9814.000 0.238
9816.000 0.234
9817.000 0.232
9818.000 0.230
9819.000 0.226
9821.000 0.224
9822.000 0.219
9823.000 0.217
9825.000 0.213
9826.000 0.209
9827.000 0.208
9829.000 0.204
9830.000 0.201
9831.000 0.197
9832.000 0.195
9834.000 0.192
9835.000 0.188
9836.000 0.185
9838.000 0.182
9839.000 0.178
9840.000 0.175
9842.000 0.172
9843.000 0.170
9844.000 0.167
9845.000 0.165
9847.000 0.163
9848.000 0.159
9849.000 0.155
9851.000 0.155
9852.000 0.153
9853.000 0.149
9854.000 0.149
9856.000 0.146
9857.000 0.144
9858.000 0.141
9860.000 0.141
9861.000 0.137
9862.000 0.136
9863.000 0.135
9865.000 0.132
9866.000 0.132
9867.000 0.130
9869.000 0.128
9870.000 0.127
9871.000 0.125
9872.000 0.124
9874.000 0.123
9875.000 0.122
9876.000 0.119
9878.000 0.119
9879.000 0.118
9880.000 0.117
9881.000 0.115
9883.000 0.114
9884.000 0.111
9886.000 0.111
9887.000 0.111
9888.000 0.109
9890.000 0.107
9891.000 0.106
9892.000 0.106
9893.000 0.105
9895.000 0.104
9896.000 0.103
9897.000 0.103
9899.000 0.101
9900.000 0.101
9901.000 0.099
9903.000 0.099
9904.000 0.097
9905.000 0.096
9906.000 0.095
9908.000 0.095
9909.000 0.094
9910.000 0.094
9912.000 0.092
9913.000 0.092
9914.000 0.093
9915.000 0.089
9917.000 0.089
9918.000 0.089
9919.000 0.088
9921.000 0.088
9922.000 0.087
9923.000 0.087
9925.000 0.086
9926.000 0.086
9927.000 0.085
9928.000 0.084
9930.000 0.084
9931.000 0.084
9932.000 0.083
9934.000 0.081
9935.000 0.080
9936.000 0.080
9937.000 0.080
9939.000 0.080
9940.000 0.079
9941.000 0.080
9943.000 0.078
9944.000 0.078
9945.000 0.078
9946.000 0.076
9948.000 0.076
9949.000 0.075
9950.000 0.075
9952.000 0.075
9953.000 0.074
9954.000 0.074
9955.000 0.073
9957.000 0.074
9958.000 0.072
9959.000 0.072
9961.000 0.071
9962.000 0.071
9963.000 0.071
9964.000 0.071
9966.000 0.071
9967.000 0.069
9968.000 0.070
9969.000 0.070
9971.000 0.069
9972.000 0.069
9973.000 0.067
9975.000 0.066
9976.000 0.067
9977.000 0.067
9978.000 0.067
9980.000 0.067
9981.000 0.065
9982.000 0.065
9984.000 0.065
9985.000 0.065
9986.000 0.064
9987.000 0.065
9989.000 0.063
9990.000 0.063
9991.000 0.063
9993.000 0.063
9994.000 0.063
9995.000 0.062
9997.000 0.062
9998.000 0.061
9999.000 0.061
