2.000 0.044
4.000 0.039
5.000 0.070
6.000 0.093
7.000 0.058
8.000 0.053
9.000 0.053
10.000 0.053
11.000 0.056
12.000 0.062
13.000 0.075
14.000 0.083
15.000 0.050
16.000 0.037
17.000 0.042
18.000 0.034
19.000 0.061
20.000 0.053
21.000 0.081
22.000 0.056
23.000 0.069
24.000 0.067
25.000 0.079
26.000 0.044
27.000 0.040
28.000 0.065
29.000 0.079
30.000 0.101
31.000 0.058
32.000 0.044
33.000 0.047
34.000 0.058
35.000 0.045
36.000 0.042
37.000 0.049
38.000 0.071
39.000 0.062
40.000 0.084
41.000 0.062
42.000 0.064
43.000 0.068
44.000 0.061
45.000 0.064
46.000 0.057
47.000 0.052
48.000 0.066
49.000 0.055
50.000 0.062
51.000 0.052
52.000 0.069
53.000 0.045
54.000 0.045
55.000 0.092
56.000 0.060
57.000 0.070
58.000 0.049
59.000 0.064
60.000 0.073
61.000 0.046
62.000 0.069
63.000 0.071
64.000 0.065
65.000 0.029
66.000 0.062
67.000 0.033
68.000 0.077
69.000 0.059
70.000 0.071
71.000 0.075
72.000 0.083
73.000 0.073
74.000 0.047
75.000 0.045
76.000 0.056
77.000 0.072
78.000 0.056
79.000 0.055
80.000 0.064
81.000 0.071
82.000 0.058
83.000 0.056
84.000 0.060
85.000 0.059
86.000 0.084
87.000 0.074
88.000 0.029
89.000 0.051
90.000 0.080
91.000 0.069
92.000 0.092
93.000 0.077
94.000 0.046
95.000 0.096
96.000 0.093
97.000 0.052
98.000 0.057
99.000 0.050
100.000 0.047
101.000 0.073
102.000 0.064
103.000 0.052
104.000 0.066
105.000 0.063
106.000 0.028
107.000 0.053
108.000 0.042
109.000 0.073
110.000 0.052
111.000 0.061
112.000 0.053
113.000 0.094
114.000 0.046
115.000 0.048
116.000 0.076
117.000 0.040
118.000 0.075
119.000 0.069
120.000 0.040
121.000 0.061
122.000 0.060
123.000 0.062
124.000 0.076
125.000 0.057
126.000 0.042
127.000 0.064
128.000 0.092
129.000 0.044
130.000 0.075
131.000 0.047
132.000 0.059
133.000 0.082
134.000 0.077
135.000 0.091
136.000 0.061
137.000 0.047
138.000 0.055
139.000 0.073
140.000 0.051
141.000 0.073
142.000 0.068
143.000 0.085
144.000 0.074
145.000 0.058
146.000 0.026
147.000 0.090
148.000 0.082
149.000 0.045
150.000 0.047
151.000 0.050
152.000 0.047
153.000 0.076
154.000 0.050
155.000 0.059
156.000 0.063
157.000 0.056
158.000 0.046
159.000 0.061
160.000 0.082
161.000 0.067
162.000 0.068
163.000 0.039
164.000 0.054
165.000 0.066
166.000 0.054
167.000 0.059
168.000 0.090
169.000 0.038
170.000 0.082
171.000 0.075
172.000 0.048
173.000 0.048
174.000 0.062
175.000 0.063
176.000 0.056
177.000 0.050
178.000 0.047
179.000 0.077
180.000 0.041
181.000 0.044
182.000 0.083
183.000 0.069
184.000 0.083
185.000 0.077
186.000 0.075
187.000 0.074
188.000 0.089
189.000 0.061
190.000 0.063
191.000 0.066
192.000 0.045
193.000 0.080
194.000 0.069
195.000 0.040
196.000 0.036
197.000 0.037
198.000 0.035
199.000 0.065
200.000 0.045
201.000 0.030
202.000 0.065
203.000 0.064
204.000 0.034
205.000 0.054
206.000 0.045
207.000 0.046
208.000 0.047
209.000 0.065
210.000 0.040
211.000 0.064
212.000 0.045
213.000 0.045
214.000 0.057
215.000 0.046
216.000 0.041
217.000 0.051
218.000 0.050
219.000 0.041
220.000 0.071
221.000 0.037
222.000 0.051
223.000 0.057
224.000 0.031
225.000 0.054
226.000 0.064
227.000 0.033
228.000 0.058
229.000 0.045
230.000 0.038
231.000 0.060
232.000 0.069
233.000 0.036
234.000 0.066
235.000 0.034
236.000 0.037
237.000 0.054
238.000 0.037
239.000 0.061
240.000 0.056
241.000 0.034
242.000 0.034
243.000 0.048
244.000 0.032
245.000 0.038
246.000 0.045
247.000 0.026
248.000 0.042
249.000 0.052
250.000 0.064
251.000 0.055
252.000 0.067
253.000 0.048
254.000 0.061
255.000 0.027
256.000 0.042
257.000 0.046
258.000 0.044
259.000 0.056
260.000 0.055
261.000 0.034
262.000 0.056
263.000 0.044
264.000 0.034
265.000 0.048
266.000 0.045
267.000 0.035
268.000 0.059
269.000 0.026
270.000 0.055
271.000 0.058
272.000 0.031
273.000 0.035
274.000 0.042
275.000 0.046
276.000 0.051
277.000 0.051
278.000 0.032
279.000 0.052
280.000 0.036
281.000 0.035
282.000 0.042
283.000 0.037
284.000 0.034
285.000 0.041
286.000 0.029
287.000 0.029
288.000 0.034
289.000 0.031
290.000 0.038
291.000 0.036
292.000 0.046
293.000 0.038
294.000 0.030
295.000 0.033
296.000 0.027
297.000 0.033
298.000 0.036
299.000 0.036
300.000 0.032
301.000 0.037
302.000 0.032
303.000 0.039
304.000 0.038
305.000 0.032
306.000 0.034
307.000 0.030
308.000 0.036
309.000 0.040
310.000 0.036
311.000 0.030
312.000 0.033
313.000 0.035
314.000 0.036
315.000 0.032
316.000 0.034
317.000 0.045
318.000 0.042
319.000 0.033
320.000 0.041
321.000 0.033
322.000 0.040
323.000 0.039
324.000 0.038
325.000 0.037
326.000 0.033
327.000 0.035
328.000 0.038
329.000 0.033
330.000 0.039
331.000 0.033
332.000 0.031
333.000 0.051
334.000 0.035
335.000 0.028
336.000 0.035
337.000 0.036
338.000 0.038
339.000 0.037
340.000 0.033
341.000 0.041
342.000 0.036
343.000 0.040
344.000 0.040
345.000 0.034
346.000 0.033
347.000 0.047
348.000 0.036
349.000 0.034
350.000 0.039
351.000 0.043
352.000 0.042
353.000 0.042
354.000 0.033
355.000 0.047
356.000 0.038
357.000 0.048
358.000 0.039
359.000 0.045
360.000 0.047
361.000 0.049
362.000 0.046
363.000 0.038
364.000 0.041
365.000 0.045
366.000 0.049
367.000 0.050
368.000 0.045
369.000 0.042
370.000 0.049
371.000 0.047
372.000 0.052
373.000 0.049
374.000 0.050
375.000 0.055
376.000 0.048
377.000 0.049
378.000 0.054
379.000 0.051
380.000 0.047
381.000 0.048
382.000 0.057
383.000 0.047
384.000 0.055
385.000 0.053
386.000 0.062
387.000 0.045
388.000 0.048
389.000 0.050
390.000 0.051
391.000 0.061
392.000 0.053
393.000 0.058
394.000 0.050
395.000 0.053
396.000 0.060
397.000 0.057
398.000 0.056
399.000 0.061
400.000 0.052
401.000 0.057
402.000 0.057
403.000 0.060
404.000 0.061
405.000 0.058
406.000 0.057
407.000 0.062
408.000 0.063
409.000 0.057
410.000 0.057
411.000 0.059
412.000 0.060
413.000 0.057
414.000 0.057
415.000 0.053
416.000 0.060
417.000 0.057
418.000 0.062
419.000 0.060
420.000 0.057
421.000 0.053
422.000 0.055
423.000 0.059
424.000 0.057
425.000 0.051
426.000 0.055
427.000 0.060
428.000 0.053
429.000 0.050
430.000 0.061
431.000 0.054
432.000 0.050
433.000 0.051
434.000 0.049
435.000 0.058
436.000 0.051
437.000 0.055
438.000 0.051
439.000 0.044
440.000 0.049
441.000 0.046
442.000 0.048
443.000 0.053
444.000 0.053
445.000 0.046
446.000 0.047
447.000 0.047
448.000 0.052
449.000 0.041
450.000 0.047
451.000 0.043
452.000 0.047
453.000 0.054
454.000 0.045
455.000 0.044
456.000 0.041
457.000 0.039
458.000 0.047
459.000 0.041
460.000 0.046
461.000 0.033
462.000 0.039
463.000 0.040
464.000 0.038
465.000 0.039
466.000 0.033
467.000 0.039
468.000 0.041
469.000 0.040
470.000 0.041
471.000 0.034
472.000 0.027
473.000 0.034
474.000 0.037
475.000 0.031
476.000 0.029
477.000 0.028
478.000 0.035
479.000 0.036
480.000 0.033
481.000 0.029
482.000 0.034
483.000 0.036
484.000 0.032
485.000 0.032
486.000 0.042
487.000 0.032
488.000 0.035
489.000 0.028
490.000 0.038
491.000 0.034
492.000 0.033
493.000 0.030
494.000 0.037
495.000 0.026
496.000 0.028
497.000 0.030
498.000 0.025
499.000 0.027
500.000 0.024
501.000 0.024
502.000 0.030
503.000 0.026
504.000 0.027
505.000 0.027
506.000 0.029
507.000 0.024
508.000 0.023
509.000 0.028
510.000 0.025
511.000 0.026
512.000 0.024
513.000 0.026
514.000 0.025
515.000 0.026
516.000 0.023
517.000 0.024
518.000 0.026
519.000 0.027
520.000 0.027
521.000 0.025
522.000 0.023
523.000 0.023
524.000 0.026
525.000 0.024
526.000 0.020
527.000 0.019
528.000 0.021
529.000 0.024
530.000 0.026
531.000 0.032
532.000 0.025
533.000 0.028
534.000 0.025
535.000 0.030
536.000 0.024
537.000 0.022
538.000 0.025
539.000 0.016
540.000 0.020
541.000 0.025
542.000 0.020
543.000 0.022
544.000 0.023
545.000 0.024
546.000 0.021
547.000 0.018
548.000 0.020
549.000 0.019
550.000 0.026
551.000 0.015
552.000 0.017
553.000 0.024
554.000 0.021
555.000 0.017
556.000 0.018
557.000 0.022
558.000 0.024
559.000 0.028
560.000 0.018
561.000 0.022
562.000 0.017
563.000 0.022
564.000 0.023
565.000 0.023
566.000 0.018
567.000 0.022
568.000 0.020
569.000 0.023
570.000 0.020
571.000 0.014
572.000 0.021
573.000 0.016
574.000 0.022
575.000 0.023
576.000 0.023
577.000 0.020
578.000 0.026
579.000 0.020
580.000 0.020
581.000 0.020
582.000 0.018
583.000 0.019
584.000 0.018
585.000 0.019
586.000 0.024
587.000 0.026
588.000 0.019
589.000 0.021
590.000 0.015
591.000 0.016
592.000 0.017
593.000 0.018
594.000 0.021
595.000 0.014
596.000 0.020
597.000 0.021
598.000 0.016
599.000 0.017
600.000 0.020
601.000 0.022
602.000 0.011
603.000 0.022
604.000 0.018
605.000 0.018
606.000 0.017
607.000 0.024
608.000 0.018
609.000 0.014
610.000 0.017
611.000 0.016
612.000 0.017
613.000 0.017
614.000 0.015
615.000 0.019
616.000 0.014
617.000 0.016
618.000 0.013
619.000 0.015
620.000 0.017
621.000 0.017
622.000 0.014
623.000 0.015
624.000 0.017
625.000 0.023
626.000 0.017
627.000 0.015
628.000 0.019
629.000 0.018
630.000 0.016
631.000 0.014
632.000 0.015
633.000 0.015
634.000 0.016
635.000 0.011
636.000 0.018
637.000 0.018
638.000 0.014
639.000 0.013
640.000 0.017
641.000 0.014
642.000 0.017
643.000 0.015
644.000 0.016
645.000 0.018
646.000 0.015
647.000 0.014
648.000 0.019
649.000 0.020
650.000 0.014
651.000 0.013
652.000 0.016
653.000 0.013
654.000 0.016
655.000 0.014
656.000 0.017
657.000 0.011
658.000 0.014
659.000 0.016
660.000 0.010
661.000 0.014
662.000 0.014
663.000 0.017
664.000 0.018
665.000 0.020
666.000 0.016
667.000 0.013
668.000 0.015
669.000 0.017
670.000 0.015
671.000 0.021
672.000 0.016
673.000 0.015
674.000 0.017
675.000 0.013
676.000 0.015
677.000 0.018
678.000 0.013
679.000 0.012
680.000 0.014
681.000 0.016
682.000 0.020
683.000 0.012
684.000 0.014
685.000 0.014
686.000 0.013
687.000 0.017
688.000 0.017
689.000 0.018
690.000 0.016
691.000 0.017
692.000 0.013
693.000 0.016
694.000 0.015
695.000 0.013
696.000 0.016
697.000 0.014
698.000 0.013
699.000 0.014
700.000 0.012
701.000 0.013
702.000 0.015
703.000 0.012
704.000 0.014
705.000 0.011
706.000 0.008
707.000 0.019
708.000 0.013
709.000 0.015
710.000 0.013
711.000 0.013
712.000 0.012
713.000 0.012
714.000 0.014
715.000 0.009
716.000 0.011
717.000 0.012
718.000 0.012
719.000 0.010
720.000 0.016
721.000 0.013
722.000 0.012
723.000 0.015
724.000 0.011
725.000 0.013
726.000 0.011
727.000 0.016
728.000 0.010
729.000 0.009
730.000 0.014
731.000 0.012
732.000 0.015
733.000 0.011
734.000 0.011
735.000 0.013
736.000 0.014
737.000 0.014
738.000 0.011
739.000 0.012
740.000 0.009
741.000 0.012
742.000 0.011
743.000 0.012
744.000 0.013
745.000 0.010
746.000 0.011
747.000 0.017
748.000 0.013
749.000 0.014
750.000 0.015
751.000 0.014
752.000 0.013
753.000 0.015
754.000 0.012
755.000 0.013
756.000 0.015
757.000 0.016
758.000 0.012
759.000 0.013
760.000 0.017
761.000 0.010
762.000 0.012
763.000 0.012
764.000 0.012
765.000 0.012
766.000 0.013
767.000 0.011
768.000 0.011
769.000 0.015
770.000 0.016
771.000 0.011
772.000 0.012
773.000 0.011
774.000 0.012
775.000 0.014
776.000 0.010
777.000 0.013
778.000 0.012
779.000 0.013
780.000 0.014
781.000 0.011
782.000 0.014
783.000 0.012
784.000 0.014
785.000 0.011
786.000 0.012
787.000 0.008
788.000 0.015
789.000 0.013
790.000 0.009
791.000 0.013
792.000 0.016
793.000 0.013
794.000 0.013
795.000 0.013
796.000 0.012
797.000 0.018
798.000 0.008
799.000 0.011
800.000 0.009
801.000 0.013
802.000 0.013
803.000 0.012
804.000 0.013
805.000 0.012
806.000 0.013
807.000 0.011
808.000 0.011
809.000 0.011
810.000 0.014
811.000 0.011
812.000 0.009
813.000 0.011
814.000 0.009
815.000 0.009
816.000 0.009
817.000 0.013
818.000 0.009
819.000 0.011
820.000 0.011
821.000 0.013
822.000 0.010
823.000 0.013
824.000 0.009
825.000 0.008
826.000 0.012
827.000 0.012
828.000 0.012
829.000 0.013
830.000 0.011
831.000 0.012
832.000 0.013
833.000 0.009
834.000 0.008
835.000 0.013
836.000 0.011
837.000 0.016
838.000 0.012
839.000 0.006
840.000 0.012
841.000 0.008
842.000 0.009
843.000 0.010
844.000 0.013
845.000 0.013
846.000 0.011
847.000 0.014
848.000 0.015
849.000 0.009
850.000 0.013
851.000 0.011
852.000 0.011
853.000 0.010
854.000 0.012
855.000 0.013
856.000 0.014
857.000 0.010
858.000 0.011
859.000 0.008
860.000 0.011
861.000 0.012
862.000 0.011
863.000 0.010
864.000 0.014
865.000 0.010
866.000 0.014
867.000 0.015
868.000 0.011
869.000 0.014
870.000 0.011
871.000 0.010
872.000 0.011
873.000 0.010
874.000 0.013
875.000 0.012
876.000 0.011
877.000 0.011
878.000 0.010
879.000 0.015
880.000 0.010
881.000 0.011
882.000 0.011
883.000 0.010
884.000 0.010
885.000 0.011
886.000 0.013
887.000 0.011
888.000 0.009
889.000 0.010
890.000 0.009
891.000 0.010
892.000 0.012
893.000 0.008
894.000 0.009
895.000 0.010
896.000 0.018
897.000 0.010
898.000 0.013
899.000 0.009
900.000 0.007
901.000 0.010
902.000 0.011
903.000 0.012
904.000 0.007
905.000 0.007
906.000 0.013
907.000 0.014
908.000 0.007
909.000 0.010
910.000 0.010
911.000 0.007
912.000 0.011
913.000 0.008
914.000 0.010
915.000 0.011
916.000 0.011
917.000 0.013
918.000 0.009
919.000 0.011
920.000 0.009
921.000 0.009
922.000 0.011
923.000 0.013
924.000 0.013
925.000 0.011
926.000 0.010
927.000 0.010
928.000 0.011
929.000 0.015
930.000 0.016
931.000 0.008
932.000 0.007
933.000 0.010
934.000 0.010
935.000 0.011
936.000 0.011
937.000 0.010
938.000 0.012
939.000 0.012
940.000 0.012
941.000 0.012
942.000 0.011
943.000 0.012
944.000 0.009
945.000 0.011
946.000 0.008
947.000 0.009
948.000 0.007
949.000 0.013
950.000 0.010
951.000 0.009
952.000 0.007
953.000 0.011
954.000 0.011
955.000 0.010
956.000 0.009
957.000 0.006
958.000 0.013
959.000 0.008
960.000 0.010
961.000 0.008
962.000 0.012
963.000 0.010
964.000 0.008
965.000 0.009
966.000 0.007
967.000 0.014
968.000 0.010
969.000 0.015
970.000 0.008
971.000 0.010
972.000 0.011
973.000 0.008
974.000 0.008
975.000 0.008
976.000 0.008
977.000 0.008
978.000 0.010
979.000 0.010
980.000 0.009
981.000 0.009
982.000 0.008
983.000 0.010
984.000 0.010
985.000 0.009
986.000 0.008
987.000 0.011
988.000 0.010
989.000 0.010
990.000 0.011
991.000 0.011
992.000 0.010
993.000 0.012
994.000 0.009
995.000 0.011
996.000 0.010
997.000 0.010
998.000 0.010
999.000 0.010
1000.000 0.011
1001.000 0.009
1002.000 0.011
1003.000 0.009
1004.000 0.011
1005.000 0.009
1006.000 0.010
1007.000 0.011
1008.000 0.013
1009.000 0.012
1010.000 0.009
1011.000 0.009
1012.000 0.009
1013.000 0.008
1014.000 0.006
1015.000 0.013
1016.000 0.010
1017.000 0.009
1018.000 0.009
1019.000 0.008
1020.000 0.008
1021.000 0.008
1022.000 0.007
1023.000 0.006
1024.000 0.010
1025.000 0.011
1026.000 0.008
1027.000 0.007
1028.000 0.012
1029.000 0.009
1030.000 0.008
1031.000 0.009
1032.000 0.013
1033.000 0.008
1034.000 0.010
1035.000 0.008
1036.000 0.010
1037.000 0.008
1038.000 0.010
1039.000 0.010
1040.000 0.009
1041.000 0.008
1042.000 0.009
1043.000 0.012
1044.000 0.008
1045.000 0.012
1046.000 0.009
1047.000 0.009
1048.000 0.008
1049.000 0.009
1050.000 0.009
1051.000 0.010
1052.000 0.010
1053.000 0.010
1054.000 0.007
1055.000 0.012
1056.000 0.009
1057.000 0.008
1058.000 0.009
1059.000 0.008
1060.000 0.008
1061.000 0.009
1062.000 0.010
1063.000 0.008
1064.000 0.010
1065.000 0.011
1066.000 0.011
1067.000 0.010
1068.000 0.007
1069.000 0.008
1070.000 0.010
1071.000 0.009
1072.000 0.009
1073.000 0.007
1074.000 0.010
1075.000 0.009
1076.000 0.007
1077.000 0.008
1078.000 0.009
1079.000 0.007
1080.000 0.008
1081.000 0.011
1082.000 0.012
1083.000 0.011
1084.000 0.006
1085.000 0.008
1086.000 0.007
1087.000 0.007
1088.000 0.009
1089.000 0.009
1090.000 0.010
1091.000 0.009
1092.000 0.008
1093.000 0.008
1094.000 0.008
1095.000 0.010
1096.000 0.008
1097.000 0.012
1098.000 0.008
1099.000 0.007
1100.000 0.014
1101.000 0.011
1102.000 0.009
1103.000 0.008
1104.000 0.008
1105.000 0.009
1106.000 0.010
1107.000 0.009
1108.000 0.008
1109.000 0.008
1110.000 0.009
1111.000 0.010
1112.000 0.012
1113.000 0.010
1114.000 0.008
1115.000 0.009
1116.000 0.008
1117.000 0.009
1118.000 0.010
1119.000 0.009
1120.000 0.006
1121.000 0.006
1122.000 0.009
1123.000 0.011
1124.000 0.009
1125.000 0.008
1126.000 0.008
1127.000 0.011
1128.000 0.007
1129.000 0.008
1130.000 0.009
1131.000 0.006
1132.000 0.006
1133.000 0.008
1134.000 0.008
1135.000 0.008
1136.000 0.007
1137.000 0.005
1138.000 0.009
1139.000 0.008
1140.000 0.009
1141.000 0.011
1142.000 0.008
1143.000 0.006
1144.000 0.006
1145.000 0.008
1146.000 0.006
1147.000 0.007
1148.000 0.008
1149.000 0.008
1150.000 0.007
1151.000 0.011
1152.000 0.008
1153.000 0.008
1154.000 0.007
1155.000 0.013
1156.000 0.009
1157.000 0.009
1158.000 0.008
1159.000 0.010
1160.000 0.007
1161.000 0.009
1162.000 0.008
1163.000 0.009
1164.000 0.006
1165.000 0.007
1166.000 0.007
1167.000 0.008
1168.000 0.008
1169.000 0.007
1170.000 0.009
1171.000 0.012
1172.000 0.016
1173.000 0.010
1174.000 0.009
1175.000 0.007
1176.000 0.007
1177.000 0.009
1178.000 0.007
1179.000 0.010
1180.000 0.012
1181.000 0.008
1182.000 0.009
1183.000 0.007
1184.000 0.010
1185.000 0.008
1186.000 0.009
1187.000 0.010
1188.000 0.009
1189.000 0.009
1190.000 0.006
1191.000 0.008
1192.000 0.007
1193.000 0.008
1194.000 0.008
1195.000 0.011
1196.000 0.008
1197.000 0.007
1198.000 0.007
1199.000 0.009
1200.000 0.009
1201.000 0.007
1202.000 0.006
1203.000 0.006
1204.000 0.008
1205.000 0.011
1206.000 0.005
1207.000 0.006
1208.000 0.008
1209.000 0.007
1210.000 0.007
1211.000 0.009
1212.000 0.008
1213.000 0.007
1214.000 0.010
1215.000 0.008
1216.000 0.007
1217.000 0.010
1218.000 0.008
1219.000 0.008
1220.000 0.009
1221.000 0.009
1222.000 0.007
1223.000 0.011
1224.000 0.008
1225.000 0.006
1226.000 0.007
1227.000 0.008
1228.000 0.006
1229.000 0.010
1230.000 0.009
1231.000 0.008
1232.000 0.006
1233.000 0.010
1234.000 0.007
1235.000 0.006
1236.000 0.006
1237.000 0.008
1238.000 0.007
1239.000 0.008
1240.000 0.010
1241.000 0.009
1242.000 0.008
1243.000 0.008
1244.000 0.007
1245.000 0.009
1246.000 0.007
1247.000 0.007
1248.000 0.007
1249.000 0.007
1250.000 0.009
1251.000 0.010
1252.000 0.009
1253.000 0.010
1254.000 0.011
1255.000 0.008
1256.000 0.012
1257.000 0.006
1258.000 0.008
1259.000 0.008
1260.000 0.008
1261.000 0.012
1262.000 0.009
1263.000 0.007
1264.000 0.007
1265.000 0.007
1266.000 0.008
1267.000 0.007
1268.000 0.008
1269.000 0.009
1270.000 0.009
1271.000 0.006
1272.000 0.009
1273.000 0.006
1274.000 0.010
1275.000 0.007
1276.000 0.006
1277.000 0.007
1278.000 0.010
1279.000 0.007
1280.000 0.007
1281.000 0.008
1282.000 0.007
1283.000 0.006
1284.000 0.006
1285.000 0.008
1286.000 0.009
1287.000 0.009
1288.000 0.009
1289.000 0.008
1290.000 0.006
1291.000 0.011
1292.000 0.008
1293.000 0.010
1294.000 0.008
1295.000 0.009
1296.000 0.008
1297.000 0.008
1298.000 0.006
1299.000 0.012
1300.000 0.007
1301.000 0.005
1302.000 0.009
1303.000 0.010
1304.000 0.010
1305.000 0.008
1306.000 0.007
1307.000 0.008
1308.000 0.009
1309.000 0.009
1310.000 0.008
1311.000 0.008
1312.000 0.011
1313.000 0.005
1314.000 0.008
1315.000 0.008
1316.000 0.006
1317.000 0.007
1318.000 0.010
1319.000 0.007
1320.000 0.008
1321.000 0.010
1322.000 0.007
1323.000 0.010
1324.000 0.007
1325.000 0.008
1326.000 0.010
1327.000 0.007
1328.000 0.007
1329.000 0.007
1330.000 0.011
1331.000 0.008
1332.000 0.007
1333.000 0.006
1334.000 0.008
1335.000 0.009
1336.000 0.008
1337.000 0.010
1338.000 0.011
1339.000 0.012
1340.000 0.006
1341.000 0.008
1342.000 0.009
1343.000 0.009
1344.000 0.008
1345.000 0.007
1346.000 0.008
1347.000 0.008
1348.000 0.010
1349.000 0.007
1350.000 0.009
1351.000 0.007
1352.000 0.009
1353.000 0.007
1354.000 0.006
1355.000 0.010
1356.000 0.008
1357.000 0.006
1358.000 0.006
1359.000 0.008
1360.000 0.008
1361.000 0.006
1362.000 0.009
1363.000 0.008
1364.000 0.010
1365.000 0.006
1366.000 0.009
1367.000 0.009
1368.000 0.007
1369.000 0.007
1370.000 0.012
1371.000 0.013
1372.000 0.011
1373.000 0.008
1374.000 0.009
1375.000 0.011
1376.000 0.008
1377.000 0.009
1378.000 0.010
1379.000 0.008
1380.000 0.009
1381.000 0.010
1382.000 0.007
1383.000 0.009
1384.000 0.007
1385.000 0.010
1386.000 0.010
1387.000 0.008
1388.000 0.009
1389.000 0.009
1390.000 0.008
1391.000 0.009
1392.000 0.008
1393.000 0.009
1394.000 0.012
1395.000 0.007
1396.000 0.008
1397.000 0.009
1398.000 0.008
1399.000 0.009
1400.000 0.007
1401.000 0.010
1402.000 0.010
1403.000 0.011
1404.000 0.009
1405.000 0.009
1406.000 0.011
1407.000 0.010
1408.000 0.009
1409.000 0.009
1410.000 0.007
1411.000 0.010
1412.000 0.010
1413.000 0.010
1414.000 0.008
1415.000 0.009
1416.000 0.007
1417.000 0.011
1418.000 0.010
1419.000 0.010
1420.000 0.008
1421.000 0.009
1422.000 0.011
1423.000 0.010
1424.000 0.008
1425.000 0.008
1426.000 0.013
1427.000 0.008
1428.000 0.011
1429.000 0.010
1430.000 0.014
1431.000 0.009
1432.000 0.011
1433.000 0.011
1434.000 0.008
1435.000 0.009
1436.000 0.012
1437.000 0.007
1438.000 0.010
1439.000 0.012
1440.000 0.013
1441.000 0.009
1442.000 0.009
1443.000 0.011
1444.000 0.010
1445.000 0.011
1446.000 0.011
1447.000 0.008
1448.000 0.012
1449.000 0.011
1450.000 0.012
1451.000 0.011
1452.000 0.007
1453.000 0.014
1454.000 0.008
1455.000 0.010
1456.000 0.011
1457.000 0.010
1458.000 0.010
1459.000 0.013
1460.000 0.012
1461.000 0.013
1462.000 0.012
1463.000 0.010
1464.000 0.011
1465.000 0.011
1466.000 0.013
1467.000 0.011
1468.000 0.010
1469.000 0.011
1470.000 0.011
1471.000 0.012
1472.000 0.012
1473.000 0.014
1474.000 0.015
1475.000 0.012
1476.000 0.011
1477.000 0.012
1478.000 0.011
1479.000 0.011
1480.000 0.012
1481.000 0.012
1482.000 0.010
1483.000 0.013
1484.000 0.012
1485.000 0.009
1486.000 0.011
1487.000 0.011
1488.000 0.013
1489.000 0.012
1490.000 0.013
1491.000 0.012
1492.000 0.011
1493.000 0.012
1494.000 0.010
1495.000 0.013
1496.000 0.013
1497.000 0.013
1498.000 0.011
1499.000 0.011
1500.000 0.012
1501.000 0.012
1502.000 0.013
1503.000 0.010
1504.000 0.012
1505.000 0.012
1506.000 0.014
1507.000 0.010
1508.000 0.013
1509.000 0.015
1510.000 0.011
1511.000 0.014
1512.000 0.013
1513.000 0.011
1514.000 0.014
1515.000 0.014
1516.000 0.015
1517.000 0.016
1518.000 0.017
1519.000 0.013
1520.000 0.012
1521.000 0.016
1522.000 0.014
1523.000 0.012
1524.000 0.012
1525.000 0.012
1526.000 0.015
1527.000 0.014
1528.000 0.014
1529.000 0.013
1530.000 0.013
1531.000 0.014
1532.000 0.014
1533.000 0.014
1534.000 0.011
1535.000 0.014
1536.000 0.012
1537.000 0.016
1538.000 0.014
1539.000 0.014
1540.000 0.012
1541.000 0.013
1542.000 0.014
1543.000 0.013
1544.000 0.015
1545.000 0.017
1546.000 0.013
1547.000 0.014
1548.000 0.013
1549.000 0.013
1550.000 0.015
1551.000 0.017
1552.000 0.016
1553.000 0.015
1554.000 0.014
1555.000 0.018
1556.000 0.015
1557.000 0.019
1558.000 0.016
1559.000 0.016
1560.000 0.013
1561.000 0.016
1562.000 0.016
1563.000 0.016
1564.000 0.017
1565.000 0.017
1566.000 0.019
1567.000 0.017
1568.000 0.016
1569.000 0.016
1570.000 0.015
1571.000 0.015
1572.000 0.016
1573.000 0.017
1574.000 0.017
1575.000 0.017
1576.000 0.017
1577.000 0.017
1578.000 0.020
1579.000 0.019
1580.000 0.016
1581.000 0.016
1582.000 0.017
1583.000 0.018
1584.000 0.020
1585.000 0.017
1586.000 0.018
1587.000 0.017
1588.000 0.015
1589.000 0.019
1590.000 0.018
1591.000 0.017
1592.000 0.019
1593.000 0.016
1594.000 0.019
1595.000 0.020
1596.000 0.019
1597.000 0.020
1598.000 0.021
1599.000 0.020
1600.000 0.018
1601.000 0.020
1602.000 0.019
1603.000 0.019
1604.000 0.021
1605.000 0.020
1606.000 0.022
1607.000 0.020
1608.000 0.022
1609.000 0.022
1610.000 0.020
1611.000 0.022
1612.000 0.023
1613.000 0.021
1614.000 0.021
1615.000 0.021
1616.000 0.021
1617.000 0.023
1618.000 0.021
1619.000 0.020
1620.000 0.025
1621.000 0.022
1622.000 0.022
1623.000 0.023
1624.000 0.021
1625.000 0.019
1626.000 0.022
1627.000 0.022
1628.000 0.024
1629.000 0.027
1630.000 0.023
1631.000 0.023
1632.000 0.021
1633.000 0.023
1634.000 0.022
1635.000 0.024
1636.000 0.021
1637.000 0.028
1638.000 0.024
1639.000 0.024
1640.000 0.023
1641.000 0.022
1642.000 0.026
1643.000 0.025
1644.000 0.030
1645.000 0.026
1646.000 0.025
1647.000 0.026
1648.000 0.029
1649.000 0.029
1650.000 0.027
1651.000 0.026
1652.000 0.026
1653.000 0.026
1654.000 0.029
1655.000 0.028
1656.000 0.029
1657.000 0.027
1658.000 0.029
1659.000 0.030
1660.000 0.027
1661.000 0.027
1662.000 0.029
1663.000 0.027
1664.000 0.028
1665.000 0.029
1666.000 0.030
1667.000 0.031
1668.000 0.030
1669.000 0.030
1670.000 0.031
1671.000 0.032
1672.000 0.028
1673.000 0.031
1674.000 0.030
1675.000 0.031
1676.000 0.031
1677.000 0.031
1678.000 0.032
1679.000 0.033
1680.000 0.031
1681.000 0.032
1682.000 0.032
1683.000 0.033
1684.000 0.035
1685.000 0.034
1686.000 0.035
1687.000 0.035
1688.000 0.035
1689.000 0.033
1690.000 0.036
1691.000 0.035
1692.000 0.034
1693.000 0.036
1694.000 0.037
1695.000 0.034
1696.000 0.037
1697.000 0.037
1698.000 0.036
1699.000 0.039
1700.000 0.037
1701.000 0.037
1702.000 0.037
1703.000 0.037
1704.000 0.040
1705.000 0.039
1706.000 0.037
1707.000 0.039
1708.000 0.041
1709.000 0.039
1710.000 0.041
1711.000 0.041
1712.000 0.039
1713.000 0.042
1714.000 0.045
1715.000 0.041
1716.000 0.042
1717.000 0.043
1718.000 0.047
1719.000 0.044
1720.000 0.043
1721.000 0.046
1722.000 0.047
1723.000 0.048
1724.000 0.045
1725.000 0.046
1726.000 0.045
1727.000 0.045
1728.000 0.045
1729.000 0.047
1730.000 0.048
1731.000 0.048
1732.000 0.050
1733.000 0.048
1734.000 0.049
1735.000 0.048
1736.000 0.050
1737.000 0.050
1738.000 0.051
1739.000 0.055
1740.000 0.050
1741.000 0.053
1742.000 0.053
1743.000 0.054
1744.000 0.055
1745.000 0.053
1746.000 0.055
1747.000 0.056
1748.000 0.056
1749.000 0.056
1750.000 0.056
1751.000 0.058
1752.000 0.058
1753.000 0.061
1754.000 0.057
1755.000 0.056
1756.000 0.059
1757.000 0.060
1758.000 0.059
1759.000 0.064
1760.000 0.061
1761.000 0.065
1762.000 0.063
1763.000 0.063
1764.000 0.064
1765.000 0.065
1766.000 0.066
1767.000 0.067
1768.000 0.067
1769.000 0.068
1770.000 0.068
1771.000 0.070
1772.000 0.070
1773.000 0.070
1774.000 0.072
1775.000 0.071
1776.000 0.071
1777.000 0.075
1778.000 0.073
1779.000 0.074
1780.000 0.073
1781.000 0.077
1782.000 0.078
1783.000 0.078
1784.000 0.078
1785.000 0.079
1786.000 0.081
1787.000 0.080
1788.000 0.083
1789.000 0.082
1790.000 0.086
1791.000 0.085
1792.000 0.085
1793.000 0.086
1794.000 0.086
1795.000 0.088
1796.000 0.087
1797.000 0.090
1798.000 0.088
1799.000 0.091
1800.000 0.092
1801.000 0.095
1802.000 0.095
1803.000 0.095
1804.000 0.096
1805.000 0.095
1806.000 0.101
1807.000 0.097
1808.000 0.100
1809.000 0.104
1810.000 0.106
1811.000 0.103
1812.000 0.106
1813.000 0.104
1814.000 0.109
1815.000 0.107
1816.000 0.110
1817.000 0.112
1818.000 0.111
1819.000 0.116
1820.000 0.115
1821.000 0.115
1822.000 0.119
1823.000 0.120
1824.000 0.122
1825.000 0.121
1826.000 0.123
1827.000 0.129
1828.000 0.127
1829.000 0.128
1830.000 0.130
1831.000 0.132
1832.000 0.135
1833.000 0.135
1834.000 0.139
1835.000 0.141
1836.000 0.140
1837.000 0.142
1838.000 0.142
1839.000 0.149
1840.000 0.151
1841.000 0.154
1842.000 0.157
1843.000 0.155
1844.000 0.158
1845.000 0.161
1846.000 0.164
1847.000 0.167
1848.000 0.168
1849.000 0.172
1850.000 0.171
1851.000 0.179
1852.000 0.180
1853.000 0.183
1854.000 0.189
1855.000 0.191
1856.000 0.194
1857.000 0.200
1858.000 0.202
1859.000 0.207
1860.000 0.211
1861.000 0.213
1862.000 0.220
1863.000 0.223
1864.000 0.228
1865.000 0.235
1866.000 0.238
1867.000 0.241
1868.000 0.248
1869.000 0.258
1870.000 0.261
1871.000 0.269
1872.000 0.278
1873.000 0.281
1874.000 0.290
1875.000 0.296
1876.000 0.306
1877.000 0.310
1878.000 0.323
1879.000 0.337
1880.000 0.345
1881.000 0.358
1882.000 0.373
1883.000 0.380
1884.000 0.398
1885.000 0.410
1886.000 0.428
1887.000 0.453
1888.000 0.464
1889.000 0.488
1890.000 0.503
1891.000 0.530
1892.000 0.546
1893.000 0.576
1894.000 0.610
1895.000 0.630
1896.000 0.668
1897.000 0.707
1898.000 0.727
1899.000 0.764
1900.000 0.781
1901.000 0.814
1902.000 0.841
1903.000 0.843
1904.000 0.851
1905.000 0.851
1906.000 0.833
1907.000 0.809
1908.000 0.789
1909.000 0.747
1910.000 0.728
1911.000 0.677
1912.000 0.634
1913.000 0.611
1914.000 0.568
1915.000 0.530
1916.000 0.508
1917.000 0.491
1918.000 0.457
1919.000 0.429
1920.000 0.412
1921.000 0.388
1922.000 0.378
1923.000 0.355
1924.000 0.335
1925.000 0.327
1926.000 0.309
1927.000 0.292
1928.000 0.289
1929.000 0.272
1930.000 0.266
1931.000 0.254
1932.000 0.250
1933.000 0.238
1934.000 0.226
1935.000 0.222
1936.000 0.211
1937.000 0.205
1938.000 0.204
1939.000 0.193
1940.000 0.190
1941.000 0.183
1942.000 0.174
1943.000 0.173
1944.000 0.166
1945.000 0.162
1946.000 0.158
1947.000 0.153
1948.000 0.147
1949.000 0.145
1950.000 0.140
1951.000 0.137
1952.000 0.135
1953.000 0.130
1954.000 0.129
1955.000 0.124
1956.000 0.122
1957.000 0.118
1958.000 0.115
1959.000 0.110
1960.000 0.110
1961.000 0.110
1962.000 0.103
1963.000 0.105
1964.000 0.099
1965.000 0.099
1966.000 0.097
1967.000 0.094
1968.000 0.092
1969.000 0.093
1970.000 0.087
1971.000 0.089
1972.000 0.088
1973.000 0.084
1974.000 0.081
1975.000 0.079
1976.000 0.078
1977.000 0.079
1978.000 0.077
1979.000 0.075
1980.000 0.072
1981.000 0.070
1982.000 0.070
1983.000 0.068
1984.000 0.065
1985.000 0.064
1986.000 0.063
1987.000 0.066
1988.000 0.064
1989.000 0.061
1990.000 0.059
1991.000 0.061
1992.000 0.057
1993.000 0.054
1994.000 0.056
1995.000 0.055
1996.000 0.054
1997.000 0.053
1998.000 0.051
1999.000 0.049
2000.000 0.048
2001.000 0.049
2002.000 0.048
2003.000 0.045
2004.000 0.045
2005.000 0.046
2006.000 0.043
2007.000 0.043
2008.000 0.043
2009.000 0.042
2010.000 0.040
2011.000 0.039
2012.000 0.039
2013.000 0.038
2014.000 0.037
2015.000 0.037
2016.000 0.037
2017.000 0.038
2018.000 0.036
2019.000 0.036
2020.000 0.034
2021.000 0.031
2022.000 0.033
2023.000 0.031
2024.000 0.031
2025.000 0.030
2026.000 0.031
2027.000 0.032
2028.000 0.031
2029.000 0.031
2030.000 0.030
2031.000 0.028
2032.000 0.030
2033.000 0.029
2034.000 0.026
2035.000 0.025
2036.000 0.024
2037.000 0.024
2038.000 0.025
2039.000 0.025
2040.000 0.025
2041.000 0.023
2042.000 0.022
2043.000 0.022
2044.000 0.020
2045.000 0.020
2046.000 0.020
2047.000 0.021
2048.000 0.020
2049.000 0.020
2050.000 0.018
2051.000 0.020
2052.000 0.019
2053.000 0.017
2054.000 0.014
2055.000 0.020
2056.000 0.018
2057.000 0.017
2058.000 0.016
2059.000 0.016
2060.000 0.016
2061.000 0.013
2062.000 0.015
2063.000 0.014
2064.000 0.013
2065.000 0.014
2066.000 0.014
2067.000 0.012
2068.000 0.012
2069.000 0.011
2070.000 0.010
2071.000 0.015
2072.000 0.010
2073.000 0.009
2074.000 0.010
2075.000 0.007
2076.000 0.009
2077.000 0.009
2078.000 0.009
2079.000 0.008
2080.000 0.008
2081.000 0.007
2082.000 0.009
2083.000 0.009
2084.000 0.007
2085.000 0.006
2086.000 0.007
2087.000 0.008
2088.000 0.005
2089.000 0.006
2090.000 0.008
2091.000 0.005
2092.000 0.006
2093.000 0.005
2094.000 0.006
2095.000 0.004
2096.000 0.006
2097.000 0.005
2098.000 0.006
2099.000 0.007
2100.000 0.006
2101.000 0.007
2102.000 0.005
2103.000 0.006
2104.000 0.008
2105.000 0.008
2106.000 0.009
2107.000 0.009
2108.000 0.007
2109.000 0.009
2110.000 0.010
2111.000 0.008
2112.000 0.012
2113.000 0.010
2114.000 0.011
2115.000 0.012
2116.000 0.012
2117.000 0.013
2118.000 0.014
2119.000 0.012
2120.000 0.012
2121.000 0.013
2122.000 0.011
2123.000 0.014
2124.000 0.012
2125.000 0.015
2126.000 0.016
2127.000 0.017
2128.000 0.016
2129.000 0.014
2130.000 0.015
2131.000 0.015
2132.000 0.016
2133.000 0.015
2134.000 0.017
2135.000 0.018
2136.000 0.017
2137.000 0.018
2138.000 0.020
2139.000 0.020
2140.000 0.019
2141.000 0.020
2142.000 0.021
2143.000 0.023
2144.000 0.022
2145.000 0.022
2146.000 0.023
2147.000 0.021
2148.000 0.022
2149.000 0.024
2150.000 0.024
2151.000 0.024
2152.000 0.025
2153.000 0.026
2154.000 0.025
2155.000 0.026
2156.000 0.029
2157.000 0.029
2158.000 0.029
2159.000 0.029
2160.000 0.029
2161.000 0.029
2162.000 0.033
2163.000 0.031
2164.000 0.033
2165.000 0.033
2166.000 0.033
2167.000 0.037
2168.000 0.038
2169.000 0.037
2170.000 0.037
2171.000 0.038
2172.000 0.039
2173.000 0.041
2174.000 0.041
2175.000 0.042
2176.000 0.042
2177.000 0.043
2178.000 0.048
2179.000 0.046
2180.000 0.048
2181.000 0.048
2182.000 0.050
2183.000 0.052
2184.000 0.052
2185.000 0.054
2186.000 0.054
2187.000 0.057
2188.000 0.058
2189.000 0.061
2190.000 0.063
2191.000 0.062
2192.000 0.067
2193.000 0.069
2194.000 0.070
2195.000 0.072
2196.000 0.074
2197.000 0.079
2198.000 0.079
2199.000 0.083
2200.000 0.083
2201.000 0.092
2202.000 0.095
2203.000 0.099
2204.000 0.102
2205.000 0.108
2206.000 0.114
2207.000 0.119
2208.000 0.126
2209.000 0.131
2210.000 0.139
2211.000 0.145
2212.000 0.155
2213.000 0.164
2214.000 0.179
2215.000 0.194
2216.000 0.201
2217.000 0.221
2218.000 0.241
2219.000 0.255
2220.000 0.274
2221.000 0.286
2222.000 0.305
2223.000 0.316
2224.000 0.328
2225.000 0.337
2226.000 0.336
2227.000 0.330
2228.000 0.324
2229.000 0.305
2230.000 0.282
2231.000 0.268
2232.000 0.242
2233.000 0.218
2234.000 0.209
2235.000 0.192
2236.000 0.184
2237.000 0.168
2238.000 0.161
2239.000 0.151
2240.000 0.141
2241.000 0.134
2242.000 0.128
2243.000 0.119
2244.000 0.117
2245.000 0.111
2246.000 0.108
2247.000 0.102
2248.000 0.101
2249.000 0.094
2250.000 0.094
2251.000 0.092
2252.000 0.086
2253.000 0.084
2254.000 0.080
2255.000 0.077
2256.000 0.077
2257.000 0.075
2258.000 0.072
2259.000 0.070
2260.000 0.067
2261.000 0.068
2262.000 0.066
2263.000 0.067
2264.000 0.062
2265.000 0.059
2266.000 0.059
2267.000 0.056
2268.000 0.056
2269.000 0.056
2270.000 0.052
2271.000 0.053
2272.000 0.052
2273.000 0.052
2274.000 0.050
2275.000 0.053
2276.000 0.050
2277.000 0.046
2278.000 0.046
2279.000 0.045
2280.000 0.046
2281.000 0.043
2282.000 0.042
2283.000 0.042
2284.000 0.039
2285.000 0.041
2286.000 0.041
2287.000 0.039
2288.000 0.039
2289.000 0.038
2290.000 0.037
2291.000 0.036
2292.000 0.035
2293.000 0.037
2294.000 0.038
2295.000 0.037
2296.000 0.037
2297.000 0.034
2298.000 0.034
2299.000 0.034
2300.000 0.032
2301.000 0.032
2302.000 0.033
2303.000 0.032
2304.000 0.033
2305.000 0.034
2306.000 0.030
2307.000 0.034
2308.000 0.029
2309.000 0.030
2310.000 0.030
2311.000 0.028
2312.000 0.031
2313.000 0.027
2314.000 0.028
2315.000 0.026
2316.000 0.029
2317.000 0.028
2318.000 0.028
2319.000 0.027
2320.000 0.027
2321.000 0.027
2322.000 0.026
2323.000 0.027
2324.000 0.025
2325.000 0.026
2326.000 0.025
2327.000 0.025
2328.000 0.024
2329.000 0.026
2330.000 0.023
2331.000 0.025
2332.000 0.023
2333.000 0.024
2334.000 0.022
2335.000 0.025
2336.000 0.023
2337.000 0.024
2338.000 0.023
2339.000 0.023
2340.000 0.024
2341.000 0.022
2342.000 0.021
2343.000 0.022
2344.000 0.024
2345.000 0.022
2346.000 0.023
2347.000 0.019
2348.000 0.020
2349.000 0.020
2350.000 0.021
2351.000 0.022
2352.000 0.020
2353.000 0.022
2354.000 0.020
2355.000 0.020
2356.000 0.021
2357.000 0.020
2358.000 0.020
2359.000 0.020
2360.000 0.018
2361.000 0.018
2362.000 0.019
2363.000 0.021
2364.000 0.018
2365.000 0.018
2366.000 0.018
2367.000 0.017
2368.000 0.020
2369.000 0.019
2370.000 0.019
2371.000 0.018
2372.000 0.018
2373.000 0.019
2374.000 0.018
2375.000 0.017
2376.000 0.017
2377.000 0.017
2378.000 0.016
2379.000 0.017
2380.000 0.015
2381.000 0.015
2382.000 0.016
2383.000 0.015
2384.000 0.013
2385.000 0.017
2386.000 0.016
2387.000 0.014
2388.000 0.017
2389.000 0.017
2390.000 0.016
2391.000 0.016
2392.000 0.016
2393.000 0.016
2394.000 0.019
2395.000 0.015
2396.000 0.015
2397.000 0.016
2398.000 0.017
2399.000 0.017
2400.000 0.015
2401.000 0.016
2402.000 0.014
2403.000 0.015
2404.000 0.013
2405.000 0.014
2406.000 0.015
2407.000 0.016
2408.000 0.014
2409.000 0.015
2410.000 0.016
2411.000 0.014
2412.000 0.013
2413.000 0.016
2414.000 0.015
2415.000 0.015
2416.000 0.015
2417.000 0.016
2418.000 0.014
2419.000 0.016
2420.000 0.014
2421.000 0.015
2422.000 0.014
2423.000 0.012
2424.000 0.014
2425.000 0.014
2426.000 0.013
2427.000 0.014
2428.000 0.014
2429.000 0.013
2430.000 0.013
2431.000 0.014
2432.000 0.014
2433.000 0.014
2434.000 0.013
2435.000 0.014
2436.000 0.012
2437.000 0.013
2438.000 0.016
2439.000 0.013
2440.000 0.015
2441.000 0.015
2442.000 0.012
2443.000 0.013
2444.000 0.012
2445.000 0.012
2446.000 0.013
2447.000 0.013
2448.000 0.013
2449.000 0.012
2450.000 0.013
2451.000 0.014
2452.000 0.014
2453.000 0.012
2454.000 0.013
2455.000 0.012
2456.000 0.013
2457.000 0.014
2458.000 0.013
2459.000 0.012
2460.000 0.014
2461.000 0.013
2462.000 0.013
2463.000 0.011
2464.000 0.012
2465.000 0.012
2466.000 0.012
2467.000 0.013
2468.000 0.014
2469.000 0.011
2470.000 0.013
2471.000 0.013
2472.000 0.012
2473.000 0.012
2474.000 0.013
2475.000 0.011
2476.000 0.013
2477.000 0.012
2478.000 0.014
2479.000 0.013
2480.000 0.014
2481.000 0.012
2482.000 0.013
2483.000 0.013
2484.000 0.013
2485.000 0.012
2486.000 0.012
2487.000 0.014
2488.000 0.013
2489.000 0.013
2490.000 0.012
2491.000 0.012
2492.000 0.012
2493.000 0.011
2494.000 0.013
2495.000 0.013
2496.000 0.012
2497.000 0.015
2498.000 0.013
2499.000 0.013
2500.000 0.012
2501.000 0.013
2502.000 0.014
2503.000 0.014
2504.000 0.015
2505.000 0.014
2506.000 0.014
2507.000 0.015
2508.000 0.014
2509.000 0.012
2510.000 0.013
2511.000 0.012
2512.000 0.013
2513.000 0.014
2514.000 0.015
2515.000 0.013
2516.000 0.014
2517.000 0.014
2518.000 0.014
2519.000 0.012
2520.000 0.014
2521.000 0.014
2522.000 0.013
2523.000 0.015
2524.000 0.014
2525.000 0.013
2526.000 0.014
2527.000 0.014
2528.000 0.014
2529.000 0.015
2530.000 0.017
2531.000 0.013
2532.000 0.015
2533.000 0.014
2534.000 0.015
2535.000 0.016
2536.000 0.013
2537.000 0.014
2538.000 0.018
2539.000 0.013
2540.000 0.016
2541.000 0.015
2542.000 0.014
2543.000 0.016
2544.000 0.015
2545.000 0.013
2546.000 0.015
2547.000 0.014
2548.000 0.014
2549.000 0.015
2550.000 0.017
2551.000 0.015
2552.000 0.014
2553.000 0.015
2554.000 0.014
2555.000 0.014
2556.000 0.016
2557.000 0.015
2558.000 0.015
2559.000 0.016
2560.000 0.016
2561.000 0.015
2562.000 0.016
2563.000 0.016
2564.000 0.017
2565.000 0.016
2566.000 0.016
2567.000 0.017
2568.000 0.015
2569.000 0.016
2570.000 0.016
2571.000 0.017
2572.000 0.018
2573.000 0.015
2574.000 0.016
2575.000 0.017
2576.000 0.017
2577.000 0.017
2578.000 0.018
2579.000 0.015
2580.000 0.017
2581.000 0.017
2582.000 0.016
2583.000 0.017
2584.000 0.020
2585.000 0.017
2586.000 0.017
2587.000 0.016
2588.000 0.017
2589.000 0.017
2590.000 0.016
2591.000 0.020
2592.000 0.017
2593.000 0.019
2594.000 0.018
2595.000 0.019
2596.000 0.018
2597.000 0.018
2598.000 0.017
2599.000 0.020
2600.000 0.019
2601.000 0.017
2602.000 0.019
2603.000 0.018
2604.000 0.020
2605.000 0.017
2606.000 0.016
2607.000 0.020
2608.000 0.018
2609.000 0.019
2610.000 0.018
2611.000 0.019
2612.000 0.019
2613.000 0.020
2614.000 0.020
2615.000 0.020
2616.000 0.019
2617.000 0.020
2618.000 0.020
2619.000 0.019
2620.000 0.019
2621.000 0.019
2622.000 0.020
2623.000 0.020
2624.000 0.020
2625.000 0.020
2626.000 0.020
2627.000 0.021
2628.000 0.019
2629.000 0.021
2630.000 0.021
2631.000 0.022
2632.000 0.021
2633.000 0.021
2634.000 0.021
2635.000 0.021
2636.000 0.022
2637.000 0.020
2638.000 0.022
2639.000 0.021
2640.000 0.024
2641.000 0.023
2642.000 0.022
2643.000 0.021
2644.000 0.024
2645.000 0.022
2646.000 0.022
2647.000 0.022
2648.000 0.023
2649.000 0.022
2650.000 0.024
2651.000 0.023
2652.000 0.023
2653.000 0.025
2654.000 0.022
2655.000 0.020
2656.000 0.024
2657.000 0.022
2658.000 0.023
2659.000 0.025
2660.000 0.024
2661.000 0.025
2662.000 0.023
2663.000 0.023
2664.000 0.025
2665.000 0.024
2666.000 0.026
2667.000 0.025
2668.000 0.026
2669.000 0.024
2670.000 0.025
2671.000 0.026
2672.000 0.026
2673.000 0.026
2674.000 0.026
2675.000 0.025
2676.000 0.024
2677.000 0.027
2678.000 0.026
2679.000 0.027
2680.000 0.025
2681.000 0.026
2682.000 0.026
2683.000 0.025
2684.000 0.027
2685.000 0.026
2686.000 0.029
2687.000 0.027
2688.000 0.029
2689.000 0.029
2690.000 0.027
2691.000 0.028
2692.000 0.028
2693.000 0.027
2694.000 0.028
2695.000 0.026
2696.000 0.029
2697.000 0.029
2698.000 0.028
2699.000 0.030
2700.000 0.030
2701.000 0.028
2702.000 0.030
2703.000 0.030
2704.000 0.030
2705.000 0.030
2706.000 0.029
2707.000 0.030
2708.000 0.029
2709.000 0.031
2710.000 0.028
2711.000 0.030
2712.000 0.031
2713.000 0.031
2714.000 0.031
2715.000 0.030
2716.000 0.031
2717.000 0.031
2718.000 0.033
2719.000 0.033
2720.000 0.033
2721.000 0.034
2722.000 0.031
2723.000 0.032
2724.000 0.032
2725.000 0.031
2726.000 0.032
2727.000 0.034
2728.000 0.033
2729.000 0.034
2730.000 0.033
2731.000 0.034
2732.000 0.033
2733.000 0.033
2734.000 0.034
2735.000 0.034
2736.000 0.034
2737.000 0.034
2738.000 0.036
2739.000 0.034
2740.000 0.036
2741.000 0.035
2742.000 0.034
2743.000 0.037
2744.000 0.036
2745.000 0.035
2746.000 0.037
2747.000 0.035
2748.000 0.034
2749.000 0.036
2750.000 0.036
2751.000 0.037
2752.000 0.036
2753.000 0.039
2754.000 0.037
2755.000 0.036
2756.000 0.037
2757.000 0.039
2758.000 0.039
2759.000 0.040
2760.000 0.039
2761.000 0.040
2762.000 0.038
2763.000 0.039
2764.000 0.038
2765.000 0.042
2766.000 0.041
2767.000 0.041
2768.000 0.040
2769.000 0.040
2770.000 0.040
2771.000 0.040
2772.000 0.042
2773.000 0.040
2774.000 0.040
2775.000 0.042
2776.000 0.041
2777.000 0.044
2778.000 0.041
2779.000 0.042
2780.000 0.043
2781.000 0.043
2782.000 0.043
2783.000 0.045
2784.000 0.043
2785.000 0.043
2786.000 0.044
2787.000 0.042
2788.000 0.043
2789.000 0.043
2790.000 0.043
2791.000 0.044
2792.000 0.043
2793.000 0.044
2794.000 0.043
2795.000 0.044
2796.000 0.044
2797.000 0.047
2798.000 0.047
2799.000 0.044
2800.000 0.046
2801.000 0.047
2802.000 0.046
2803.000 0.046
2804.000 0.045
2805.000 0.045
2806.000 0.047
2807.000 0.047
2808.000 0.047
2809.000 0.048
2810.000 0.047
2811.000 0.049
2812.000 0.047
2813.000 0.048
2814.000 0.047
2815.000 0.049
2816.000 0.047
2817.000 0.047
2818.000 0.051
2819.000 0.048
2820.000 0.050
2821.000 0.048
2822.000 0.047
2823.000 0.050
2824.000 0.050
2825.000 0.052
2826.000 0.048
2827.000 0.049
2828.000 0.050
2829.000 0.052
2830.000 0.050
2831.000 0.053
2832.000 0.053
2833.000 0.051
2834.000 0.051
2835.000 0.052
2836.000 0.052
2837.000 0.052
2838.000 0.052
2839.000 0.052
2840.000 0.057
2841.000 0.052
2842.000 0.051
2843.000 0.053
2844.000 0.053
2845.000 0.053
2846.000 0.054
2847.000 0.055
2848.000 0.054
2849.000 0.054
2850.000 0.055
2851.000 0.054
2852.000 0.055
2853.000 0.055
2854.000 0.054
2855.000 0.054
2856.000 0.055
2857.000 0.057
2858.000 0.055
2859.000 0.058
2860.000 0.055
2861.000 0.056
2862.000 0.057
2863.000 0.057
2864.000 0.056
2865.000 0.058
2866.000 0.058
2867.000 0.057
2868.000 0.059
2869.000 0.058
2870.000 0.058
2871.000 0.058
2872.000 0.059
2873.000 0.058
2874.000 0.057
2875.000 0.059
2876.000 0.058
2877.000 0.058
2878.000 0.059
2879.000 0.059
2880.000 0.058
2881.000 0.059
2882.000 0.059
2883.000 0.060
2884.000 0.059
2885.000 0.058
2886.000 0.061
2887.000 0.059
2888.000 0.060
2889.000 0.063
2890.000 0.061
2891.000 0.061
2892.000 0.061
2893.000 0.061
2894.000 0.061
2895.000 0.063
2896.000 0.059
2897.000 0.062
2898.000 0.060
2899.000 0.061
2900.000 0.062
2901.000 0.060
2902.000 0.060
2903.000 0.062
2904.000 0.064
2905.000 0.062
2906.000 0.064
2907.000 0.063
2908.000 0.063
2909.000 0.062
2910.000 0.063
2911.000 0.065
2912.000 0.062
2913.000 0.061
2914.000 0.063
2915.000 0.063
2916.000 0.065
2917.000 0.066
2918.000 0.063
2919.000 0.064
2920.000 0.065
2921.000 0.065
2922.000 0.064
2923.000 0.066
2924.000 0.065
2925.000 0.064
2926.000 0.064
2927.000 0.067
2928.000 0.065
2929.000 0.066
2930.000 0.064
2931.000 0.065
2932.000 0.063
2933.000 0.065
2934.000 0.066
2935.000 0.067
2936.000 0.065
2937.000 0.066
2938.000 0.065
2939.000 0.066
2940.000 0.067
2941.000 0.066
2942.000 0.068
2943.000 0.067
2944.000 0.065
2945.000 0.069
2946.000 0.065
2947.000 0.068
2948.000 0.068
2949.000 0.068
2950.000 0.068
2951.000 0.067
2952.000 0.068
2953.000 0.069
2954.000 0.070
2955.000 0.067
2956.000 0.068
2957.000 0.069
2958.000 0.068
2959.000 0.070
2960.000 0.068
2961.000 0.068
2962.000 0.068
2963.000 0.067
2964.000 0.069
2965.000 0.071
2966.000 0.071
2967.000 0.066
2968.000 0.069
2969.000 0.068
2970.000 0.069
2971.000 0.071
2972.000 0.070
2973.000 0.073
2974.000 0.069
2975.000 0.071
2976.000 0.070
2977.000 0.071
2978.000 0.070
2979.000 0.070
2980.000 0.070
2981.000 0.070
2982.000 0.071
2983.000 0.070
2984.000 0.071
2985.000 0.071
2986.000 0.072
2987.000 0.071
2988.000 0.072
2989.000 0.072
2990.000 0.071
2991.000 0.074
2992.000 0.072
2993.000 0.073
2994.000 0.075
2995.000 0.071
2996.000 0.073
2997.000 0.075
2998.000 0.075
2999.000 0.076
3000.000 0.074
3001.000 0.074
3002.000 0.076
3003.000 0.075
3004.000 0.076
3005.000 0.075
3006.000 0.073
3007.000 0.076
3008.000 0.078
3009.000 0.073
3010.000 0.075
3011.000 0.074
3012.000 0.076
3013.000 0.075
3014.000 0.076
3015.000 0.075
3016.000 0.076
3017.000 0.077
3018.000 0.078
3019.000 0.076
3020.000 0.078
3021.000 0.078
3022.000 0.077
3023.000 0.079
3024.000 0.077
3025.000 0.078
3026.000 0.081
3027.000 0.078
3028.000 0.078
3029.000 0.080
3030.000 0.079
3031.000 0.079
3032.000 0.081
3033.000 0.081
3034.000 0.081
3035.000 0.079
3036.000 0.080
3037.000 0.083
3038.000 0.080
3039.000 0.082
3040.000 0.081
3041.000 0.081
3042.000 0.082
3043.000 0.079
3044.000 0.082
3045.000 0.081
3046.000 0.082
3047.000 0.082
3048.000 0.083
3049.000 0.084
3050.000 0.082
3051.000 0.080
3052.000 0.084
3053.000 0.085
3054.000 0.084
3055.000 0.083
3056.000 0.085
3057.000 0.084
3058.000 0.086
3059.000 0.085
3060.000 0.085
3061.000 0.086
3062.000 0.087
3063.000 0.086
3064.000 0.086
3065.000 0.086
3066.000 0.088
3067.000 0.087
3068.000 0.088
3069.000 0.088
3070.000 0.088
3071.000 0.089
3072.000 0.088
3073.000 0.090
3074.000 0.088
3075.000 0.089
3076.000 0.090
3077.000 0.089
3078.000 0.092
3079.000 0.090
3080.000 0.092
3081.000 0.091
3082.000 0.092
3083.000 0.092
3084.000 0.092
3085.000 0.092
3086.000 0.092
3087.000 0.096
3088.000 0.095
3089.000 0.096
3090.000 0.096
3091.000 0.096
3092.000 0.095
3093.000 0.096
3094.000 0.095
3095.000 0.097
3096.000 0.097
3097.000 0.097
3098.000 0.099
3099.000 0.097
3100.000 0.098
3101.000 0.099
3102.000 0.098
3103.000 0.100
3104.000 0.100
3105.000 0.101
3106.000 0.101
3107.000 0.101
3108.000 0.102
3109.000 0.102
3110.000 0.103
3111.000 0.102
3112.000 0.104
3113.000 0.104
3114.000 0.105
3115.000 0.106
3116.000 0.106
3117.000 0.107
3118.000 0.107
3119.000 0.107
3120.000 0.108
3121.000 0.109
3122.000 0.109
3123.000 0.111
3124.000 0.111
3125.000 0.113
3126.000 0.112
3127.000 0.114
3128.000 0.114
3129.000 0.114
3130.000 0.114
3131.000 0.117
3132.000 0.116
3133.000 0.117
3134.000 0.117
3135.000 0.117
3136.000 0.119
3137.000 0.120
3138.000 0.119
3139.000 0.122
3140.000 0.121
3141.000 0.123
3142.000 0.125
3143.000 0.124
3144.000 0.123
3145.000 0.127
3146.000 0.127
3147.000 0.127
3148.000 0.128
3149.000 0.130
3150.000 0.130
3151.000 0.131
3152.000 0.132
3153.000 0.135
3154.000 0.135
3155.000 0.136
3156.000 0.137
3157.000 0.137
3158.000 0.140
3159.000 0.143
3160.000 0.141
3161.000 0.142
3162.000 0.145
3163.000 0.146
3164.000 0.146
3165.000 0.147
3166.000 0.148
3167.000 0.149
3168.000 0.152
3169.000 0.154
3170.000 0.154
3171.000 0.155
3172.000 0.155
3173.000 0.160
3174.000 0.160
3175.000 0.162
3176.000 0.165
3177.000 0.164
3178.000 0.166
3179.000 0.167
3180.000 0.170
3181.000 0.172
3182.000 0.174
3183.000 0.175
3184.000 0.177
3185.000 0.179
3186.000 0.183
3187.000 0.184
3188.000 0.186
3189.000 0.188
3190.000 0.190
3191.000 0.194
3192.000 0.196
3193.000 0.199
3194.000 0.202
3195.000 0.205
3196.000 0.207
3197.000 0.208
3198.000 0.214
3199.000 0.216
3200.000 0.218
3201.000 0.220
3202.000 0.223
3203.000 0.228
3204.000 0.230
3205.000 0.235
3206.000 0.239
3207.000 0.243
3208.000 0.248
3209.000 0.255
3210.000 0.255
3211.000 0.259
3212.000 0.263
3213.000 0.271
3214.000 0.274
3215.000 0.281
3216.000 0.288
3217.000 0.293
3218.000 0.300
3219.000 0.304
3220.000 0.314
3221.000 0.315
3222.000 0.326
3223.000 0.336
3224.000 0.340
3225.000 0.350
3226.000 0.358
3227.000 0.370
3228.000 0.381
3229.000 0.390
3230.000 0.403
3231.000 0.419
3232.000 0.426
3233.000 0.444
3234.000 0.454
3235.000 0.473
3236.000 0.486
3237.000 0.507
3238.000 0.533
3239.000 0.547
3240.000 0.576
3241.000 0.591
3242.000 0.627
3243.000 0.662
3244.000 0.683
3245.000 0.731
3246.000 0.782
3247.000 0.808
3248.000 0.871
3249.000 0.906
3250.000 0.979
3251.000 1.020
3252.000 1.103
3253.000 1.196
3254.000 1.243
3255.000 1.335
3256.000 1.415
3257.000 1.444
3258.000 1.464
3259.000 1.473
3260.000 1.419
3261.000 1.372
3262.000 1.238
3263.000 1.082
3264.000 1.004
3265.000 0.868
3266.000 0.811
3267.000 0.714
3268.000 0.648
3269.000 0.623
3270.000 0.596
3271.000 0.596
3272.000 0.603
3273.000 0.630
3274.000 0.647
3275.000 0.680
3276.000 0.695
3277.000 0.719
3278.000 0.722
3279.000 0.718
3280.000 0.701
3281.000 0.672
3282.000 0.657
3283.000 0.622
3284.000 0.603
3285.000 0.572
3286.000 0.558
3287.000 0.527
3288.000 0.514
3289.000 0.487
3290.000 0.464
3291.000 0.453
3292.000 0.432
3293.000 0.414
3294.000 0.403
3295.000 0.386
3296.000 0.379
3297.000 0.364
3298.000 0.356
3299.000 0.344
3300.000 0.332
3301.000 0.327
3302.000 0.315
3303.000 0.304
3304.000 0.297
3305.000 0.289
3306.000 0.285
3307.000 0.276
3308.000 0.268
3309.000 0.263
3310.000 0.257
3311.000 0.253
3312.000 0.246
3313.000 0.241
3314.000 0.237
3315.000 0.229
3316.000 0.226
3317.000 0.220
3318.000 0.215
3319.000 0.214
3320.000 0.209
3321.000 0.207
3322.000 0.201
3323.000 0.198
3324.000 0.194
3325.000 0.191
3326.000 0.188
3327.000 0.185
3328.000 0.182
3329.000 0.179
3330.000 0.176
3331.000 0.173
3332.000 0.169
3333.000 0.166
3334.000 0.165
3335.000 0.162
3336.000 0.159
3337.000 0.157
3338.000 0.155
3339.000 0.153
3340.000 0.148
3341.000 0.148
3342.000 0.147
3343.000 0.145
3344.000 0.142
3345.000 0.139
3346.000 0.140
3347.000 0.138
3348.000 0.134
3349.000 0.135
3350.000 0.131
3351.000 0.130
3352.000 0.128
3353.000 0.127
3354.000 0.126
3355.000 0.121
3356.000 0.123
3357.000 0.122
3358.000 0.120
3359.000 0.118
3360.000 0.114
3361.000 0.115
3362.000 0.115
3363.000 0.114
3364.000 0.112
3365.000 0.109
3366.000 0.110
3367.000 0.108
3368.000 0.108
3369.000 0.105
3370.000 0.104
3371.000 0.104
3372.000 0.102
3373.000 0.100
3374.000 0.099
3375.000 0.099
3376.000 0.098
3377.000 0.097
3378.000 0.097
3379.000 0.095
3380.000 0.093
3381.000 0.094
3382.000 0.092
3383.000 0.091
3384.000 0.091
3385.000 0.091
3386.000 0.091
3387.000 0.089
3388.000 0.087
3389.000 0.086
3390.000 0.084
3391.000 0.084
3392.000 0.084
3393.000 0.083
3394.000 0.083
3395.000 0.081
3396.000 0.082
3397.000 0.080
3398.000 0.078
3399.000 0.079
3400.000 0.079
3401.000 0.077
3402.000 0.077
3403.000 0.077
3404.000 0.075
3405.000 0.073
3406.000 0.075
3407.000 0.073
3408.000 0.072
3409.000 0.073
3410.000 0.072
3411.000 0.072
3412.000 0.069
3413.000 0.071
3414.000 0.069
3415.000 0.068
3416.000 0.068
3417.000 0.066
3418.000 0.067
3419.000 0.066
3420.000 0.066
3421.000 0.067
3422.000 0.065
3423.000 0.064
3424.000 0.064
3425.000 0.063
3426.000 0.063
3427.000 0.062
3428.000 0.061
3429.000 0.061
3430.000 0.060
3431.000 0.060
3432.000 0.060
3433.000 0.060
3434.000 0.059
3435.000 0.058
3436.000 0.057
3437.000 0.058
3438.000 0.056
3439.000 0.056
3440.000 0.057
3441.000 0.055
3442.000 0.053
3443.000 0.054
3444.000 0.053
3445.000 0.053
3446.000 0.053
3447.000 0.053
3448.000 0.051
3449.000 0.051
3450.000 0.051
3451.000 0.051
3452.000 0.049
3453.000 0.050
3454.000 0.048
3455.000 0.049
3456.000 0.049
3457.000 0.048
3458.000 0.047
3459.000 0.046
3460.000 0.047
3461.000 0.046
3462.000 0.046
3463.000 0.046
3464.000 0.046
3465.000 0.045
3466.000 0.044
3467.000 0.044
3468.000 0.042
3469.000 0.044
3470.000 0.044
3471.000 0.043
3472.000 0.041
3473.000 0.041
3474.000 0.040
3475.000 0.040
3476.000 0.040
3477.000 0.040
3478.000 0.040
3479.000 0.037
3480.000 0.039
3481.000 0.038
3482.000 0.038
3483.000 0.038
3484.000 0.037
3485.000 0.036
3486.000 0.035
3487.000 0.037
3488.000 0.034
3489.000 0.035
3490.000 0.033
3491.000 0.035
3492.000 0.033
3493.000 0.032
3494.000 0.033
3495.000 0.032
3496.000 0.030
3497.000 0.029
3498.000 0.032
3499.000 0.030
3500.000 0.030
3501.000 0.030
3502.000 0.027
3503.000 0.027
3504.000 0.027
3505.000 0.027
3506.000 0.028
3507.000 0.027
3508.000 0.026
3509.000 0.024
3510.000 0.025
3511.000 0.026
3512.000 0.024
3513.000 0.023
3514.000 0.023
3515.000 0.021
3516.000 0.021
3517.000 0.021
3518.000 0.021
3519.000 0.019
3520.000 0.019
3521.000 0.019
3522.000 0.018
3523.000 0.020
3524.000 0.019
3525.000 0.018
3526.000 0.017
3527.000 0.017
3528.000 0.014
3529.000 0.016
3530.000 0.016
3531.000 0.014
3532.000 0.014
3533.000 0.015
3534.000 0.014
3535.000 0.014
3536.000 0.014
3537.000 0.016
3538.000 0.014
3539.000 0.017
3540.000 0.016
3541.000 0.018
3542.000 0.017
3543.000 0.019
3544.000 0.019
3545.000 0.023
3546.000 0.024
3547.000 0.027
3548.000 0.025
3549.000 0.029
3550.000 0.030
3551.000 0.032
3552.000 0.036
3553.000 0.038
3554.000 0.043
3555.000 0.044
3556.000 0.048
3557.000 0.051
3558.000 0.053
3559.000 0.059
3560.000 0.060
3561.000 0.067
3562.000 0.072
3563.000 0.076
3564.000 0.082
3565.000 0.085
3566.000 0.092
3567.000 0.099
3568.000 0.104
3569.000 0.113
3570.000 0.116
3571.000 0.127
3572.000 0.136
3573.000 0.138
3574.000 0.148
3575.000 0.150
3576.000 0.155
3577.000 0.160
3578.000 0.160
3579.000 0.162
3580.000 0.162
3581.000 0.161
3582.000 0.160
3583.000 0.158
3584.000 0.153
3585.000 0.152
3586.000 0.149
3587.000 0.145
3588.000 0.140
3589.000 0.137
3590.000 0.131
3591.000 0.130
3592.000 0.128
3593.000 0.123
3594.000 0.119
3595.000 0.116
3596.000 0.112
3597.000 0.113
3598.000 0.107
3599.000 0.106
3600.000 0.106
3601.000 0.102
3602.000 0.100
3603.000 0.098
3604.000 0.096
3605.000 0.095
3606.000 0.092
3607.000 0.092
3608.000 0.091
3609.000 0.088
3610.000 0.086
3611.000 0.084
3612.000 0.085
3613.000 0.081
3614.000 0.081
3615.000 0.079
3616.000 0.080
3617.000 0.079
3618.000 0.080
3619.000 0.077
3620.000 0.075
3621.000 0.074
3622.000 0.075
3623.000 0.073
3624.000 0.072
3625.000 0.073
3626.000 0.072
3627.000 0.069
3628.000 0.069
3629.000 0.070
3630.000 0.067
3631.000 0.067
3632.000 0.067
3633.000 0.066
3634.000 0.065
3635.000 0.066
3636.000 0.066
3637.000 0.064
3638.000 0.062
3639.000 0.063
3640.000 0.062
3641.000 0.060
3642.000 0.062
3643.000 0.061
3644.000 0.060
3645.000 0.059
3646.000 0.058
3647.000 0.061
3648.000 0.061
3649.000 0.057
3650.000 0.058
3651.000 0.058
3652.000 0.059
3653.000 0.059
3654.000 0.056
3655.000 0.057
3656.000 0.056
3657.000 0.057
3658.000 0.057
3659.000 0.056
3660.000 0.054
3661.000 0.054
3662.000 0.054
3663.000 0.054
3664.000 0.054
3665.000 0.053
3666.000 0.054
3667.000 0.055
3668.000 0.053
3669.000 0.053
3670.000 0.052
3671.000 0.054
3672.000 0.052
3673.000 0.051
3674.000 0.052
3675.000 0.050
3676.000 0.051
3677.000 0.052
3678.000 0.051
3679.000 0.050
3680.000 0.050
3681.000 0.051
3682.000 0.050
3683.000 0.051
3684.000 0.049
3685.000 0.050
3686.000 0.049
3687.000 0.051
3688.000 0.048
3689.000 0.050
3690.000 0.048
3691.000 0.049
3692.000 0.049
3693.000 0.049
3694.000 0.048
3695.000 0.049
3696.000 0.048
3697.000 0.048
3698.000 0.050
3699.000 0.047
3700.000 0.048
3701.000 0.047
3702.000 0.047
3703.000 0.046
3704.000 0.045
3705.000 0.046
3706.000 0.045
3707.000 0.046
3708.000 0.045
3709.000 0.046
3710.000 0.047
3711.000 0.047
3712.000 0.046
3713.000 0.046
3714.000 0.046
3715.000 0.045
3716.000 0.045
3717.000 0.045
3718.000 0.044
3719.000 0.044
3720.000 0.045
3721.000 0.045
3722.000 0.045
3723.000 0.043
3724.000 0.045
3725.000 0.044
3726.000 0.042
3727.000 0.044
3728.000 0.044
3729.000 0.044
3730.000 0.043
3731.000 0.043
3732.000 0.042
3733.000 0.042
3734.000 0.043
3735.000 0.042
3736.000 0.043
3737.000 0.043
3738.000 0.042
3739.000 0.042
3740.000 0.043
3741.000 0.042
3742.000 0.041
3743.000 0.042
3744.000 0.042
3745.000 0.041
3746.000 0.042
3747.000 0.044
3748.000 0.041
3749.000 0.041
3750.000 0.042
3751.000 0.042
3752.000 0.042
3753.000 0.041
3754.000 0.042
3755.000 0.044
3756.000 0.041
3757.000 0.040
3758.000 0.040
3759.000 0.041
3760.000 0.040
3761.000 0.041
3762.000 0.042
3763.000 0.041
3764.000 0.041
3765.000 0.040
3766.000 0.038
3767.000 0.039
3768.000 0.040
3769.000 0.039
3770.000 0.040
3771.000 0.039
3772.000 0.040
3773.000 0.039
3774.000 0.039
3775.000 0.040
3776.000 0.039
3777.000 0.040
3778.000 0.039
3779.000 0.040
3780.000 0.038
3781.000 0.039
3782.000 0.038
3783.000 0.039
3784.000 0.039
3785.000 0.040
3786.000 0.039
3787.000 0.038
3788.000 0.039
3789.000 0.037
3790.000 0.039
3791.000 0.040
3792.000 0.038
3793.000 0.038
3794.000 0.039
3795.000 0.036
3796.000 0.036
3797.000 0.038
3798.000 0.037
3799.000 0.038
3800.000 0.038
3801.000 0.036
3802.000 0.039
3803.000 0.039
3804.000 0.037
3805.000 0.038
3806.000 0.036
3807.000 0.038
3808.000 0.037
3809.000 0.037
3810.000 0.037
3811.000 0.038
3812.000 0.035
3813.000 0.037
3814.000 0.036
3815.000 0.038
3816.000 0.036
3817.000 0.037
3818.000 0.036
3819.000 0.037
3820.000 0.037
3821.000 0.038
3822.000 0.037
3823.000 0.038
3824.000 0.038
3825.000 0.038
3826.000 0.036
3827.000 0.037
3828.000 0.037
3829.000 0.037
3830.000 0.038
3831.000 0.036
3832.000 0.036
3833.000 0.036
3834.000 0.037
3835.000 0.035
3836.000 0.036
3837.000 0.035
3838.000 0.036
3839.000 0.035
3840.000 0.038
3841.000 0.036
3842.000 0.037
3843.000 0.036
3844.000 0.036
3845.000 0.035
3846.000 0.036
3847.000 0.035
3848.000 0.039
3849.000 0.036
3850.000 0.036
3851.000 0.036
3852.000 0.036
3853.000 0.035
3854.000 0.037
3855.000 0.034
3856.000 0.035
3857.000 0.036
3858.000 0.034
3859.000 0.036
3860.000 0.035
3861.000 0.035
3862.000 0.035
3863.000 0.035
3864.000 0.035
3865.000 0.036
3866.000 0.035
3867.000 0.037
3868.000 0.035
3869.000 0.035
3870.000 0.034
3871.000 0.037
3872.000 0.035
3873.000 0.036
3874.000 0.036
3875.000 0.036
3876.000 0.035
3877.000 0.035
3878.000 0.036
3879.000 0.035
3880.000 0.034
3881.000 0.034
3882.000 0.035
3883.000 0.036
3884.000 0.036
3885.000 0.035
3886.000 0.034
3887.000 0.035
3888.000 0.035
3889.000 0.035
3890.000 0.035
3891.000 0.035
3892.000 0.035
3893.000 0.034
3894.000 0.034
3895.000 0.036
3896.000 0.034
3897.000 0.034
3898.000 0.035
3899.000 0.035
3900.000 0.036
3901.000 0.035
3902.000 0.035
3903.000 0.035
3904.000 0.033
3905.000 0.034
3906.000 0.035
3907.000 0.035
3908.000 0.035
3909.000 0.035
3910.000 0.034
3911.000 0.034
3912.000 0.034
3913.000 0.036
3914.000 0.033
3915.000 0.034
3916.000 0.035
3917.000 0.035
3918.000 0.034
3919.000 0.034
3920.000 0.035
3921.000 0.035
3922.000 0.032
3923.000 0.034
3924.000 0.034
3925.000 0.035
3926.000 0.034
3927.000 0.035
3928.000 0.034
3929.000 0.034
3930.000 0.034
3931.000 0.034
3932.000 0.034
3933.000 0.035
3934.000 0.034
3935.000 0.034
3936.000 0.036
3937.000 0.035
3938.000 0.034
3939.000 0.035
3940.000 0.034
3941.000 0.033
3942.000 0.034
3943.000 0.035
3944.000 0.034
3945.000 0.035
3946.000 0.034
3947.000 0.034
3948.000 0.036
3949.000 0.034
3950.000 0.033
3951.000 0.034
3952.000 0.035
3953.000 0.034
3954.000 0.032
3955.000 0.034
3956.000 0.035
3957.000 0.034
3958.000 0.033
3959.000 0.035
3960.000 0.033
3961.000 0.034
3962.000 0.034
3963.000 0.033
3964.000 0.033
3965.000 0.034
3966.000 0.034
3967.000 0.034
3968.000 0.035
3969.000 0.037
3970.000 0.034
3971.000 0.034
3972.000 0.033
3973.000 0.034
3974.000 0.037
3975.000 0.034
3976.000 0.035
3977.000 0.033
3978.000 0.035
3979.000 0.033
3980.000 0.032
3981.000 0.033
3982.000 0.033
3983.000 0.034
3984.000 0.034
3985.000 0.033
3986.000 0.035
3987.000 0.035
3988.000 0.034
3989.000 0.033
3990.000 0.034
3991.000 0.034
3992.000 0.035
3993.000 0.035
3994.000 0.034
3995.000 0.033
3996.000 0.033
3997.000 0.032
3998.000 0.034
3999.000 0.034
4000.000 0.035
4001.000 0.035
4002.000 0.034
4003.000 0.034
4004.000 0.035
4005.000 0.034
4006.000 0.034
4007.000 0.035
4008.000 0.035
4009.000 0.035
4010.000 0.032
4011.000 0.034
4012.000 0.035
4013.000 0.034
4014.000 0.035
4015.000 0.035
4016.000 0.034
4017.000 0.034
4018.000 0.034
4019.000 0.035
4020.000 0.036
4021.000 0.034
4022.000 0.035
4023.000 0.034
4024.000 0.034
4025.000 0.033
4026.000 0.033
4027.000 0.035
4028.000 0.035
4029.000 0.034
4030.000 0.034
4031.000 0.035
4032.000 0.034
4033.000 0.035
4034.000 0.035
4035.000 0.034
4036.000 0.033
4037.000 0.034
4038.000 0.035
4039.000 0.033
4040.000 0.035
4041.000 0.035
4042.000 0.034
4043.000 0.035
4044.000 0.036
4045.000 0.034
4046.000 0.034
4047.000 0.036
4048.000 0.035
4049.000 0.034
4050.000 0.036
4051.000 0.035
4052.000 0.036
4053.000 0.034
4054.000 0.036
4055.000 0.035
4056.000 0.036
4057.000 0.034
4058.000 0.036
4059.000 0.035
4060.000 0.035
4061.000 0.035
4062.000 0.035
4063.000 0.036
4064.000 0.035
4065.000 0.035
4066.000 0.035
4067.000 0.036
4068.000 0.034
4069.000 0.036
4070.000 0.035
4071.000 0.037
4072.000 0.037
4073.000 0.036
4074.000 0.035
4075.000 0.036
4076.000 0.035
4077.000 0.037
4078.000 0.037
4079.000 0.036
4080.000 0.035
4081.000 0.037
4082.000 0.036
4083.000 0.036
4084.000 0.038
4085.000 0.036
4086.000 0.036
4087.000 0.036
4088.000 0.036
4089.000 0.036
4090.000 0.037
4091.000 0.036
4092.000 0.037
4093.000 0.036
4094.000 0.037
4095.000 0.037
4096.000 0.037
4097.000 0.036
4098.000 0.038
4099.000 0.037
4100.000 0.037
4101.000 0.038
4102.000 0.037
4103.000 0.037
4104.000 0.037
4105.000 0.037
4106.000 0.036
4107.000 0.036
4108.000 0.037
4109.000 0.036
4110.000 0.039
4111.000 0.037
4112.000 0.039
4113.000 0.037
4114.000 0.037
4115.000 0.037
4116.000 0.037
4117.000 0.037
4118.000 0.039
4119.000 0.037
4120.000 0.037
4121.000 0.038
4122.000 0.037
4123.000 0.038
4124.000 0.038
4125.000 0.038
4126.000 0.037
4127.000 0.038
4128.000 0.039
4129.000 0.039
4130.000 0.039
4131.000 0.040
4132.000 0.040
4133.000 0.039
4134.000 0.039
4135.000 0.040
4136.000 0.041
4137.000 0.039
4138.000 0.039
4139.000 0.039
4140.000 0.039
4141.000 0.039
4142.000 0.038
4143.000 0.040
4144.000 0.040
4145.000 0.041
4146.000 0.038
4147.000 0.040
4148.000 0.040
4149.000 0.040
4150.000 0.038
4151.000 0.041
4152.000 0.041
4153.000 0.040
4154.000 0.041
4155.000 0.038
4156.000 0.041
4157.000 0.041
4158.000 0.042
4159.000 0.040
4160.000 0.041
4161.000 0.041
4162.000 0.040
4163.000 0.041
4164.000 0.040
4165.000 0.041
4166.000 0.041
4167.000 0.041
4168.000 0.043
4169.000 0.041
4170.000 0.042
4171.000 0.041
4172.000 0.041
4173.000 0.042
4174.000 0.042
4175.000 0.043
4176.000 0.042
4177.000 0.042
4178.000 0.043
4179.000 0.041
4180.000 0.042
4181.000 0.045
4182.000 0.044
4183.000 0.043
4184.000 0.043
4185.000 0.043
4186.000 0.043
4187.000 0.043
4188.000 0.043
4189.000 0.043
4190.000 0.045
4191.000 0.043
4192.000 0.044
4193.000 0.044
4194.000 0.046
4195.000 0.044
4196.000 0.043
4197.000 0.045
4198.000 0.046
4199.000 0.043
4200.000 0.044
4201.000 0.045
4202.000 0.043
4203.000 0.046
4204.000 0.044
4205.000 0.046
4206.000 0.045
4207.000 0.047
4208.000 0.046
4209.000 0.046
4210.000 0.045
4211.000 0.047
4212.000 0.046
4213.000 0.046
4214.000 0.047
4215.000 0.047
4216.000 0.048
4217.000 0.047
4218.000 0.046
4219.000 0.047
4220.000 0.046
4221.000 0.047
4222.000 0.048
4223.000 0.048
4224.000 0.048
4225.000 0.047
4226.000 0.048
4227.000 0.049
4228.000 0.047
4229.000 0.048
4230.000 0.048
4231.000 0.049
4232.000 0.049
4233.000 0.049
4234.000 0.049
4235.000 0.049
4236.000 0.050
4237.000 0.049
4238.000 0.050
4239.000 0.050
4240.000 0.049
4241.000 0.051
4242.000 0.052
4243.000 0.050
4244.000 0.052
4245.000 0.050
4246.000 0.051
4247.000 0.050
4248.000 0.051
4249.000 0.051
4250.000 0.054
4251.000 0.051
4252.000 0.052
4253.000 0.052
4254.000 0.051
4255.000 0.051
4256.000 0.053
4257.000 0.052
4258.000 0.053
4259.000 0.054
4260.000 0.055
4261.000 0.055
4262.000 0.053
4263.000 0.055
4264.000 0.053
4265.000 0.055
4266.000 0.055
4267.000 0.054
4268.000 0.054
4269.000 0.056
4270.000 0.056
4271.000 0.056
4272.000 0.055
4273.000 0.056
4274.000 0.057
4275.000 0.056
4276.000 0.057
4277.000 0.057
4278.000 0.057
4279.000 0.059
4280.000 0.058
4281.000 0.058
4282.000 0.059
4283.000 0.059
4284.000 0.058
4285.000 0.060
4286.000 0.059
4287.000 0.059
4288.000 0.060
4289.000 0.060
4290.000 0.060
4291.000 0.061
4292.000 0.059
4293.000 0.061
4294.000 0.061
4295.000 0.062
4296.000 0.062
4297.000 0.062
4298.000 0.064
4299.000 0.062
4300.000 0.062
4301.000 0.063
4302.000 0.064
4303.000 0.064
4304.000 0.064
4305.000 0.064
4306.000 0.066
4307.000 0.066
4308.000 0.066
4309.000 0.066
4310.000 0.066
4311.000 0.066
4312.000 0.066
4313.000 0.066
4314.000 0.068
4315.000 0.068
4316.000 0.068
4317.000 0.068
4318.000 0.068
4319.000 0.070
4320.000 0.072
4321.000 0.072
4322.000 0.072
4323.000 0.072
4324.000 0.072
4325.000 0.072
4326.000 0.073
4327.000 0.073
4328.000 0.073
4329.000 0.073
4330.000 0.075
4331.000 0.074
4332.000 0.075
4333.000 0.077
4334.000 0.077
4335.000 0.078
4336.000 0.079
4337.000 0.079
4338.000 0.078
4339.000 0.080
4340.000 0.079
4341.000 0.080
4342.000 0.080
4343.000 0.080
4344.000 0.081
4345.000 0.082
4346.000 0.083
4347.000 0.083
4348.000 0.083
4349.000 0.084
4350.000 0.086
4351.000 0.085
4352.000 0.086
4353.000 0.087
4354.000 0.087
4355.000 0.088
4356.000 0.088
4357.000 0.088
4358.000 0.091
4359.000 0.092
4360.000 0.091
4361.000 0.094
4362.000 0.092
4363.000 0.094
4364.000 0.094
4365.000 0.096
4366.000 0.098
4367.000 0.096
4368.000 0.099
4369.000 0.097
4370.000 0.098
4371.000 0.099
4372.000 0.100
4373.000 0.103
4374.000 0.104
4375.000 0.105
4376.000 0.105
4377.000 0.106
4378.000 0.107
4379.000 0.107
4380.000 0.107
4381.000 0.110
4382.000 0.111
4383.000 0.111
4384.000 0.113
4385.000 0.116
4386.000 0.116
4387.000 0.117
4388.000 0.116
4389.000 0.118
4390.000 0.120
4391.000 0.121
4392.000 0.123
4393.000 0.125
4394.000 0.125
4395.000 0.127
4396.000 0.129
4397.000 0.129
4398.000 0.131
4399.000 0.133
4400.000 0.135
4401.000 0.135
4402.000 0.138
4403.000 0.141
4404.000 0.141
4405.000 0.143
4406.000 0.146
4407.000 0.147
4408.000 0.150
4409.000 0.151
4410.000 0.154
4411.000 0.157
4412.000 0.160
4413.000 0.160
4414.000 0.161
4415.000 0.166
4416.000 0.167
4417.000 0.170
4418.000 0.172
4419.000 0.176
4420.000 0.180
4421.000 0.183
4422.000 0.185
4423.000 0.189
4424.000 0.192
4425.000 0.196
4426.000 0.199
4427.000 0.204
4428.000 0.207
4429.000 0.211
4430.000 0.217
4431.000 0.220
4432.000 0.226
4433.000 0.233
4434.000 0.236
4435.000 0.243
4436.000 0.246
4437.000 0.255
4438.000 0.263
4439.000 0.266
4440.000 0.275
4441.000 0.281
4442.000 0.290
4443.000 0.296
4444.000 0.307
4445.000 0.321
4446.000 0.326
4447.000 0.339
4448.000 0.355
4449.000 0.362
4450.000 0.380
4451.000 0.388
4452.000 0.407
4453.000 0.415
4454.000 0.438
4455.000 0.460
4456.000 0.472
4457.000 0.496
4458.000 0.522
4459.000 0.536
4460.000 0.561
4461.000 0.573
4462.000 0.599
4463.000 0.610
4464.000 0.630
4465.000 0.641
4466.000 0.646
4467.000 0.648
4468.000 0.642
4469.000 0.627
4470.000 0.606
4471.000 0.588
4472.000 0.551
4473.000 0.533
4474.000 0.491
4475.000 0.452
4476.000 0.432
4477.000 0.396
4478.000 0.377
4479.000 0.345
4480.000 0.314
4481.000 0.300
4482.000 0.276
4483.000 0.267
4484.000 0.247
4485.000 0.230
4486.000 0.224
4487.000 0.212
4488.000 0.207
4489.000 0.204
4490.000 0.203
4491.000 0.204
4492.000 0.212
4493.000 0.222
4494.000 0.238
4495.000 0.259
4496.000 0.271
4497.000 0.297
4498.000 0.314
4499.000 0.347
4500.000 0.389
4501.000 0.425
4502.000 0.446
4503.000 0.487
4504.000 0.506
4505.000 0.543
4506.000 0.558
4507.000 0.583
4508.000 0.592
4509.000 0.595
4510.000 0.591
4511.000 0.576
4512.000 0.565
4513.000 0.538
4514.000 0.523
4515.000 0.493
4516.000 0.478
4517.000 0.451
4518.000 0.437
4519.000 0.415
4520.000 0.390
4521.000 0.381
4522.000 0.362
4523.000 0.355
4524.000 0.337
4525.000 0.322
4526.000 0.316
4527.000 0.303
4528.000 0.298
4529.000 0.285
4530.000 0.276
4531.000 0.271
4532.000 0.260
4533.000 0.257
4534.000 0.248
4535.000 0.239
4536.000 0.237
4537.000 0.231
4538.000 0.227
4539.000 0.221
4540.000 0.218
4541.000 0.212
4542.000 0.207
4543.000 0.204
4544.000 0.199
4545.000 0.197
4546.000 0.193
4547.000 0.188
4548.000 0.186
4549.000 0.182
4550.000 0.179
4551.000 0.177
4552.000 0.174
4553.000 0.172
4554.000 0.169
4555.000 0.167
4556.000 0.163
4557.000 0.161
4558.000 0.160
4559.000 0.158
4560.000 0.155
4561.000 0.154
4562.000 0.150
4563.000 0.150
4564.000 0.147
4565.000 0.149
4566.000 0.145
4567.000 0.142
4568.000 0.140
4569.000 0.141
4570.000 0.139
4571.000 0.137
4572.000 0.135
4573.000 0.133
4574.000 0.132
4575.000 0.131
4576.000 0.132
4577.000 0.129
4578.000 0.130
4579.000 0.128
4580.000 0.127
4581.000 0.125
4582.000 0.126
4583.000 0.125
4584.000 0.122
4585.000 0.123
4586.000 0.121
4587.000 0.123
4588.000 0.122
4589.000 0.120
4590.000 0.119
4591.000 0.120
4592.000 0.119
4593.000 0.118
4594.000 0.117
4595.000 0.118
4596.000 0.118
4597.000 0.118
4598.000 0.119
4599.000 0.118
4600.000 0.118
4601.000 0.118
4602.000 0.119
4603.000 0.120
4604.000 0.120
4605.000 0.122
4606.000 0.122
4607.000 0.125
4608.000 0.126
4609.000 0.129
4610.000 0.132
4611.000 0.134
4612.000 0.141
4613.000 0.144
4614.000 0.151
4615.000 0.154
4616.000 0.163
4617.000 0.175
4618.000 0.182
4619.000 0.193
4620.000 0.199
4621.000 0.200
4622.000 0.186
4623.000 0.171
4624.000 0.118
4625.000 0.088
4626.000 0.034
4627.000 0.026
4628.000 0.025
4629.000 0.024
4630.000 0.026
4631.000 0.028
4632.000 0.030
4633.000 0.033
4634.000 0.035
4635.000 0.038
4636.000 0.039
4637.000 0.041
4638.000 0.042
4639.000 0.042
4640.000 0.043
4641.000 0.044
4642.000 0.045
4643.000 0.047
4644.000 0.046
4645.000 0.046
4646.000 0.047
4647.000 0.046
4648.000 0.046
4649.000 0.047
4650.000 0.048
4651.000 0.048
4652.000 0.049
4653.000 0.048
4654.000 0.049
4655.000 0.049
4656.000 0.048
4657.000 0.047
4658.000 0.049
4659.000 0.049
4660.000 0.049
4661.000 0.048
4662.000 0.049
4663.000 0.048
4664.000 0.048
4665.000 0.048
4666.000 0.048
4667.000 0.048
4668.000 0.048
4669.000 0.049
4670.000 0.048
4671.000 0.048
4672.000 0.048
4673.000 0.048
4674.000 0.048
4675.000 0.047
4676.000 0.049
4677.000 0.047
4678.000 0.046
4679.000 0.046
4680.000 0.047
4681.000 0.046
4682.000 0.046
4683.000 0.046
4684.000 0.046
4685.000 0.045
4686.000 0.046
4687.000 0.047
4688.000 0.046
4689.000 0.046
4690.000 0.045
4691.000 0.045
4692.000 0.045
4693.000 0.045
4694.000 0.044
4695.000 0.045
4696.000 0.045
4697.000 0.045
4698.000 0.045
4699.000 0.046
4700.000 0.045
4701.000 0.045
4702.000 0.044
4703.000 0.045
4704.000 0.043
4705.000 0.044
4706.000 0.044
4707.000 0.043
4708.000 0.044
4709.000 0.042
4710.000 0.043
4711.000 0.043
4712.000 0.042
4713.000 0.041
4714.000 0.042
4715.000 0.042
4716.000 0.041
4717.000 0.044
4718.000 0.042
4719.000 0.041
4720.000 0.042
4721.000 0.040
4722.000 0.041
4723.000 0.041
4724.000 0.040
4725.000 0.040
4726.000 0.041
4727.000 0.040
4728.000 0.041
4729.000 0.039
4730.000 0.040
4731.000 0.040
4732.000 0.039
4733.000 0.039
4734.000 0.038
4735.000 0.039
4736.000 0.038
4737.000 0.038
4738.000 0.039
4739.000 0.038
4740.000 0.038
4741.000 0.038
4742.000 0.037
4743.000 0.037
4744.000 0.038
4745.000 0.037
4746.000 0.038
4747.000 0.036
4748.000 0.037
4749.000 0.037
4750.000 0.036
4751.000 0.035
4752.000 0.035
4753.000 0.034
4754.000 0.036
4755.000 0.035
4756.000 0.036
4757.000 0.035
4758.000 0.035
4759.000 0.035
4760.000 0.034
4761.000 0.035
4762.000 0.034
4763.000 0.034
4764.000 0.033
4765.000 0.033
4766.000 0.033
4767.000 0.034
4768.000 0.032
4769.000 0.034
4770.000 0.033
4771.000 0.032
4772.000 0.034
4773.000 0.033
4774.000 0.032
4775.000 0.032
4776.000 0.033
4777.000 0.030
4778.000 0.031
4779.000 0.029
4780.000 0.031
4781.000 0.030
4782.000 0.029
4783.000 0.028
4784.000 0.030
4785.000 0.029
4786.000 0.030
4787.000 0.029
4788.000 0.030
4789.000 0.029
4790.000 0.028
4791.000 0.029
4792.000 0.028
4793.000 0.027
4794.000 0.027
4795.000 0.026
4796.000 0.027
4797.000 0.027
4798.000 0.029
4799.000 0.026
4800.000 0.026
4801.000 0.026
4802.000 0.025
4803.000 0.025
4804.000 0.026
4805.000 0.024
4806.000 0.022
4807.000 0.022
4808.000 0.021
4809.000 0.022
4810.000 0.023
4811.000 0.022
4812.000 0.021
4813.000 0.020
4814.000 0.020
4815.000 0.019
4816.000 0.021
4817.000 0.019
4818.000 0.018
4819.000 0.018
4820.000 0.018
4821.000 0.019
4822.000 0.018
4823.000 0.018
4824.000 0.019
4825.000 0.017
4826.000 0.018
4827.000 0.020
4828.000 0.020
4829.000 0.021
4830.000 0.022
4831.000 0.024
4832.000 0.025
4833.000 0.028
4834.000 0.031
4835.000 0.033
4836.000 0.035
4837.000 0.038
4838.000 0.041
4839.000 0.044
4840.000 0.049
4841.000 0.052
4842.000 0.055
4843.000 0.058
4844.000 0.061
4845.000 0.064
4846.000 0.068
4847.000 0.069
4848.000 0.071
4849.000 0.072
4850.000 0.074
4851.000 0.073
4852.000 0.073
4853.000 0.072
4854.000 0.072
4855.000 0.072
4856.000 0.072
4857.000 0.070
4858.000 0.069
4859.000 0.070
4860.000 0.067
4861.000 0.068
4862.000 0.065
4863.000 0.063
4864.000 0.064
4865.000 0.064
4866.000 0.062
4867.000 0.062
4868.000 0.060
4869.000 0.060
4870.000 0.060
4871.000 0.059
4872.000 0.060
4873.000 0.058
4874.000 0.057
4875.000 0.058
4876.000 0.056
4877.000 0.057
4878.000 0.055
4879.000 0.053
4880.000 0.054
4881.000 0.054
4882.000 0.054
4883.000 0.053
4884.000 0.054
4885.000 0.052
4886.000 0.052
4887.000 0.050
4888.000 0.052
4889.000 0.052
4890.000 0.051
4891.000 0.051
4892.000 0.052
4893.000 0.050
4894.000 0.051
4895.000 0.049
4896.000 0.050
4897.000 0.049
4898.000 0.050
4899.000 0.049
4900.000 0.049
4901.000 0.049
4902.000 0.049
4903.000 0.049
4904.000 0.048
4905.000 0.048
4906.000 0.047
4907.000 0.048
4908.000 0.048
4909.000 0.048
4910.000 0.048
4911.000 0.047
4912.000 0.046
4913.000 0.047
4914.000 0.047
4915.000 0.048
4916.000 0.047
4917.000 0.045
4918.000 0.045
4919.000 0.046
4920.000 0.047
4921.000 0.045
4922.000 0.046
4923.000 0.045
4924.000 0.045
4925.000 0.045
4926.000 0.045
4927.000 0.043
4928.000 0.046
4929.000 0.045
4930.000 0.045
4931.000 0.045
4932.000 0.045
4933.000 0.044
4934.000 0.045
4935.000 0.044
4936.000 0.044
4937.000 0.046
4938.000 0.043
4939.000 0.043
4940.000 0.045
4941.000 0.044
4942.000 0.044
4943.000 0.046
4944.000 0.044
4945.000 0.045
4946.000 0.043
4947.000 0.043
4948.000 0.044
4949.000 0.043
4950.000 0.045
4951.000 0.044
4952.000 0.043
4953.000 0.044
4954.000 0.043
4955.000 0.043
4956.000 0.043
4957.000 0.043
4958.000 0.043
4959.000 0.042
4960.000 0.045
4961.000 0.043
4962.000 0.042
4963.000 0.042
4964.000 0.043
4965.000 0.044
4966.000 0.044
4967.000 0.043
4968.000 0.043
4969.000 0.041
4970.000 0.043
4971.000 0.041
4972.000 0.042
4973.000 0.043
4974.000 0.044
4975.000 0.044
4976.000 0.043
4977.000 0.043
4978.000 0.043
4979.000 0.043
4980.000 0.043
4981.000 0.043
4982.000 0.043
4983.000 0.042
4984.000 0.042
4985.000 0.042
4986.000 0.043
4987.000 0.041
4988.000 0.044
4989.000 0.041
4990.000 0.042
4991.000 0.043
4992.000 0.041
4993.000 0.041
4994.000 0.042
4995.000 0.042
4996.000 0.043
4997.000 0.041
4998.000 0.042
4999.000 0.043
5000.000 0.043
5001.000 0.041
5002.000 0.042
5003.000 0.042
5004.000 0.043
5005.000 0.041
5006.000 0.042
5007.000 0.043
5008.000 0.043
5009.000 0.043
5010.000 0.042
5011.000 0.042
5012.000 0.042
5013.000 0.043
5014.000 0.042
5015.000 0.042
5016.000 0.041
5017.000 0.043
5018.000 0.043
5019.000 0.041
5020.000 0.043
5021.000 0.041
5022.000 0.041
5023.000 0.042
5024.000 0.043
5025.000 0.042
5026.000 0.042
5027.000 0.041
5028.000 0.043
5029.000 0.042
5030.000 0.042
5031.000 0.043
5032.000 0.041
5033.000 0.043
5034.000 0.042
5035.000 0.042
5036.000 0.041
5037.000 0.042
5038.000 0.043
5039.000 0.043
5040.000 0.042
5041.000 0.042
5042.000 0.042
5043.000 0.044
5044.000 0.042
5045.000 0.042
5046.000 0.042
5047.000 0.043
5048.000 0.044
5049.000 0.043
5050.000 0.043
5051.000 0.043
5052.000 0.042
5053.000 0.041
5054.000 0.042
5055.000 0.043
5056.000 0.042
5057.000 0.042
5058.000 0.042
5059.000 0.041
5060.000 0.042
5061.000 0.043
5062.000 0.042
5063.000 0.043
5064.000 0.042
5065.000 0.043
5066.000 0.042
5067.000 0.043
5068.000 0.042
5069.000 0.042
5070.000 0.044
5071.000 0.042
5072.000 0.043
5073.000 0.043
5074.000 0.043
5075.000 0.042
5076.000 0.043
5077.000 0.043
5078.000 0.042
5079.000 0.042
5080.000 0.042
5081.000 0.043
5082.000 0.043
5083.000 0.043
5084.000 0.042
5085.000 0.043
5086.000 0.043
5087.000 0.042
5088.000 0.042
5089.000 0.041
5090.000 0.043
5091.000 0.042
5092.000 0.043
5093.000 0.043
5094.000 0.043
5095.000 0.043
5096.000 0.043
5097.000 0.043
5098.000 0.043
5099.000 0.043
5100.000 0.042
5101.000 0.043
5102.000 0.043
5103.000 0.042
5104.000 0.043
5105.000 0.043
5106.000 0.043
5107.000 0.044
5108.000 0.042
5109.000 0.043
5110.000 0.044
5111.000 0.043
5112.000 0.043
5113.000 0.043
5114.000 0.043
5115.000 0.043
5116.000 0.043
5117.000 0.045
5118.000 0.042
5119.000 0.043
5120.000 0.044
5121.000 0.044
5122.000 0.044
5123.000 0.043
5124.000 0.044
5125.000 0.044
5126.000 0.043
5127.000 0.044
5128.000 0.043
5129.000 0.043
5130.000 0.045
5131.000 0.044
5132.000 0.043
5133.000 0.044
5134.000 0.042
5135.000 0.046
5136.000 0.045
5137.000 0.043
5138.000 0.044
5139.000 0.044
5140.000 0.044
5141.000 0.044
5142.000 0.044
5143.000 0.044
5144.000 0.044
5145.000 0.044
5146.000 0.044
5147.000 0.046
5148.000 0.044
5149.000 0.044
5150.000 0.046
5151.000 0.045
5152.000 0.043
5153.000 0.044
5154.000 0.047
5155.000 0.044
5156.000 0.044
5157.000 0.045
5158.000 0.044
5159.000 0.045
5160.000 0.044
5161.000 0.044
5162.000 0.044
5163.000 0.044
5164.000 0.044
5165.000 0.046
5166.000 0.045
5167.000 0.045
5168.000 0.045
5169.000 0.043
5170.000 0.045
5171.000 0.045
5172.000 0.046
5173.000 0.046
5174.000 0.045
5175.000 0.045
5176.000 0.045
5177.000 0.045
5178.000 0.046
5179.000 0.045
5180.000 0.045
5181.000 0.045
5182.000 0.047
5183.000 0.045
5184.000 0.046
5185.000 0.045
5186.000 0.046
5187.000 0.045
5188.000 0.047
5189.000 0.046
5190.000 0.046
5191.000 0.045
5192.000 0.046
5193.000 0.047
5194.000 0.045
5195.000 0.046
5196.000 0.046
5197.000 0.045
5198.000 0.047
5199.000 0.046
5200.000 0.047
5201.000 0.045
5202.000 0.045
5203.000 0.047
5204.000 0.045
5205.000 0.045
5206.000 0.047
5207.000 0.047
5208.000 0.045
5209.000 0.045
5210.000 0.047
5211.000 0.047
5212.000 0.046
5213.000 0.046
5214.000 0.048
5215.000 0.047
5216.000 0.047
5217.000 0.047
5218.000 0.048
5219.000 0.047
5220.000 0.047
5221.000 0.047
5222.000 0.048
5223.000 0.046
5224.000 0.047
5225.000 0.047
5226.000 0.048
5227.000 0.047
5228.000 0.048
5229.000 0.048
5230.000 0.047
5231.000 0.047
5232.000 0.048
5233.000 0.048
5234.000 0.048
5235.000 0.047
5236.000 0.048
5237.000 0.048
5238.000 0.048
5239.000 0.047
5240.000 0.048
5241.000 0.049
5242.000 0.050
5243.000 0.049
5244.000 0.049
5245.000 0.049
5246.000 0.048
5247.000 0.048
5248.000 0.049
5249.000 0.049
5250.000 0.048
5251.000 0.048
5252.000 0.049
5253.000 0.049
5254.000 0.048
5255.000 0.050
5256.000 0.049
5257.000 0.048
5258.000 0.050
5259.000 0.050
5260.000 0.049
5261.000 0.049
5262.000 0.050
5263.000 0.050
5264.000 0.051
5265.000 0.049
5266.000 0.051
5267.000 0.049
5268.000 0.049
5269.000 0.050
5270.000 0.050
5271.000 0.050
5272.000 0.050
5273.000 0.051
5274.000 0.050
5275.000 0.050
5276.000 0.051
5277.000 0.052
5278.000 0.050
5279.000 0.051
5280.000 0.051
5281.000 0.052
5282.000 0.052
5283.000 0.051
5284.000 0.051
5285.000 0.051
5286.000 0.051
5287.000 0.052
5288.000 0.051
5289.000 0.051
5290.000 0.052
5291.000 0.053
5292.000 0.052
5293.000 0.052
5294.000 0.052
5295.000 0.052
5296.000 0.052
5297.000 0.053
5298.000 0.053
5299.000 0.053
5300.000 0.053
5301.000 0.053
5302.000 0.053
5303.000 0.054
5304.000 0.053
5305.000 0.053
5306.000 0.054
5307.000 0.053
5308.000 0.053
5309.000 0.053
5310.000 0.053
5311.000 0.055
5312.000 0.054
5313.000 0.055
5314.000 0.055
5315.000 0.055
5316.000 0.056
5317.000 0.055
5318.000 0.056
5319.000 0.055
5320.000 0.055
5321.000 0.055
5322.000 0.056
5323.000 0.057
5324.000 0.057
5325.000 0.055
5326.000 0.056
5327.000 0.058
5328.000 0.057
5329.000 0.056
5330.000 0.058
5331.000 0.057
5332.000 0.058
5333.000 0.058
5334.000 0.056
5335.000 0.056
5336.000 0.057
5337.000 0.058
5338.000 0.058
5339.000 0.059
5340.000 0.058
5341.000 0.058
5342.000 0.059
5343.000 0.059
5344.000 0.059
5345.000 0.060
5346.000 0.060
5347.000 0.062
5348.000 0.059
5349.000 0.060
5350.000 0.061
5351.000 0.060
5352.000 0.060
5353.000 0.060
5354.000 0.062
5355.000 0.062
5356.000 0.062
5357.000 0.062
5358.000 0.061
5359.000 0.062
5360.000 0.061
5361.000 0.062
5362.000 0.063
5363.000 0.063
5364.000 0.064
5365.000 0.063
5366.000 0.063
5367.000 0.063
5368.000 0.065
5369.000 0.064
5370.000 0.065
5371.000 0.064
5372.000 0.065
5373.000 0.065
5374.000 0.065
5375.000 0.067
5376.000 0.066
5377.000 0.065
5378.000 0.067
5379.000 0.067
5380.000 0.068
5381.000 0.067
5382.000 0.068
5383.000 0.068
5384.000 0.068
5385.000 0.068
5386.000 0.069
5387.000 0.069
5388.000 0.069
5389.000 0.070
5390.000 0.071
5391.000 0.071
5392.000 0.069
5393.000 0.071
5394.000 0.071
5395.000 0.071
5396.000 0.072
5397.000 0.073
5398.000 0.071
5399.000 0.071
5400.000 0.074
5401.000 0.073
5402.000 0.073
5403.000 0.074
5404.000 0.074
5405.000 0.074
5406.000 0.075
5407.000 0.075
5408.000 0.076
5409.000 0.076
5410.000 0.076
5411.000 0.076
5412.000 0.077
5413.000 0.077
5414.000 0.076
5415.000 0.076
5416.000 0.079
5417.000 0.079
5418.000 0.081
5419.000 0.078
5420.000 0.081
5421.000 0.082
5422.000 0.081
5423.000 0.083
5424.000 0.081
5425.000 0.082
5426.000 0.082
5427.000 0.082
5428.000 0.083
5429.000 0.084
5430.000 0.085
5431.000 0.084
5432.000 0.085
5433.000 0.086
5434.000 0.086
5435.000 0.087
5436.000 0.087
5437.000 0.088
5438.000 0.088
5439.000 0.089
5440.000 0.089
5441.000 0.091
5442.000 0.089
5443.000 0.092
5444.000 0.092
5445.000 0.094
5446.000 0.095
5447.000 0.093
5448.000 0.094
5449.000 0.096
5450.000 0.098
5451.000 0.097
5452.000 0.097
5453.000 0.098
5454.000 0.100
5455.000 0.101
5456.000 0.102
5457.000 0.103
5458.000 0.102
5459.000 0.104
5460.000 0.104
5461.000 0.104
5462.000 0.107
5463.000 0.106
5464.000 0.107
5465.000 0.109
5466.000 0.110
5467.000 0.111
5468.000 0.113
5469.000 0.113
5470.000 0.115
5471.000 0.116
5472.000 0.116
5473.000 0.118
5474.000 0.118
5475.000 0.121
5476.000 0.122
5477.000 0.122
5478.000 0.125
5479.000 0.125
5480.000 0.127
5481.000 0.129
5482.000 0.130
5483.000 0.132
5484.000 0.133
5485.000 0.135
5486.000 0.136
5487.000 0.140
5488.000 0.140
5489.000 0.143
5490.000 0.146
5491.000 0.146
5492.000 0.149
5493.000 0.153
5494.000 0.154
5495.000 0.156
5496.000 0.159
5497.000 0.163
5498.000 0.166
5499.000 0.168
5500.000 0.171
5501.000 0.174
5502.000 0.177
5503.000 0.181
5504.000 0.185
5505.000 0.190
5506.000 0.193
5507.000 0.199
5508.000 0.204
5509.000 0.208
5510.000 0.217
5511.000 0.220
5512.000 0.228
5513.000 0.233
5514.000 0.244
5515.000 0.252
5516.000 0.257
5517.000 0.269
5518.000 0.282
5519.000 0.288
5520.000 0.303
5521.000 0.311
5522.000 0.328
5523.000 0.346
5524.000 0.358
5525.000 0.375
5526.000 0.386
5527.000 0.402
5528.000 0.411
5529.000 0.424
5530.000 0.429
5531.000 0.429
5532.000 0.418
5533.000 0.394
5534.000 0.377
5535.000 0.342
5536.000 0.322
5537.000 0.282
5538.000 0.265
5539.000 0.233
5540.000 0.207
5541.000 0.195
5542.000 0.175
5543.000 0.168
5544.000 0.156
5545.000 0.149
5546.000 0.147
5547.000 0.143
5548.000 0.142
5549.000 0.143
5550.000 0.143
5551.000 0.143
5552.000 0.147
5553.000 0.149
5554.000 0.151
5555.000 0.154
5556.000 0.153
5557.000 0.153
5558.000 0.152
5559.000 0.151
5560.000 0.148
5561.000 0.145
5562.000 0.139
5563.000 0.137
5564.000 0.130
5565.000 0.122
5566.000 0.118
5567.000 0.110
5568.000 0.105
5569.000 0.097
5570.000 0.091
5571.000 0.088
5572.000 0.082
5573.000 0.077
5574.000 0.075
5575.000 0.070
5576.000 0.070
5577.000 0.066
5578.000 0.065
5579.000 0.064
5580.000 0.065
5581.000 0.064
5582.000 0.065
5583.000 0.065
5584.000 0.067
5585.000 0.070
5586.000 0.071
5587.000 0.076
5588.000 0.076
5589.000 0.080
5590.000 0.084
5591.000 0.086
5592.000 0.090
5593.000 0.093
5594.000 0.099
5595.000 0.102
5596.000 0.109
5597.000 0.111
5598.000 0.114
5599.000 0.120
5600.000 0.125
5601.000 0.129
5602.000 0.135
5603.000 0.143
5604.000 0.146
5605.000 0.154
5606.000 0.157
5607.000 0.164
5608.000 0.172
5609.000 0.178
5610.000 0.185
5611.000 0.195
5612.000 0.200
5613.000 0.212
5614.000 0.215
5615.000 0.227
5616.000 0.233
5617.000 0.246
5618.000 0.259
5619.000 0.263
5620.000 0.280
5621.000 0.287
5622.000 0.304
5623.000 0.319
5624.000 0.328
5625.000 0.347
5626.000 0.358
5627.000 0.376
5628.000 0.387
5629.000 0.407
5630.000 0.428
5631.000 0.438
5632.000 0.457
5633.000 0.476
5634.000 0.487
5635.000 0.504
5636.000 0.509
5637.000 0.517
5638.000 0.527
5639.000 0.526
5640.000 0.525
5641.000 0.517
5642.000 0.514
5643.000 0.500
5644.000 0.481
5645.000 0.472
5646.000 0.463
5647.000 0.443
5648.000 0.420
5649.000 0.410
5650.000 0.390
5651.000 0.369
5652.000 0.360
5653.000 0.340
5654.000 0.333
5655.000 0.316
5656.000 0.307
5657.000 0.293
5658.000 0.276
5659.000 0.270
5660.000 0.256
5661.000 0.249
5662.000 0.238
5663.000 0.233
5664.000 0.221
5665.000 0.210
5666.000 0.205
5667.000 0.196
5668.000 0.191
5669.000 0.181
5670.000 0.175
5671.000 0.170
5672.000 0.163
5673.000 0.154
5674.000 0.152
5675.000 0.143
5676.000 0.140
5677.000 0.133
5678.000 0.127
5679.000 0.124
5680.000 0.119
5681.000 0.112
5682.000 0.110
5683.000 0.108
5684.000 0.103
5685.000 0.098
5686.000 0.098
5687.000 0.094
5688.000 0.090
5689.000 0.091
5690.000 0.091
5691.000 0.091
5692.000 0.092
5693.000 0.098
5694.000 0.100
5695.000 0.108
5696.000 0.117
5697.000 0.123
5698.000 0.137
5699.000 0.146
5700.000 0.164
5701.000 0.174
5702.000 0.195
5703.000 0.223
5704.000 0.238
5705.000 0.268
5706.000 0.302
5707.000 0.320
5708.000 0.354
5709.000 0.371
5710.000 0.402
5711.000 0.424
5712.000 0.433
5713.000 0.441
5714.000 0.434
5715.000 0.429
5716.000 0.413
5717.000 0.404
5718.000 0.383
5719.000 0.363
5720.000 0.352
5721.000 0.336
5722.000 0.327
5723.000 0.312
5724.000 0.305
5725.000 0.292
5726.000 0.280
5727.000 0.274
5728.000 0.264
5729.000 0.255
5730.000 0.250
5731.000 0.244
5732.000 0.239
5733.000 0.232
5734.000 0.226
5735.000 0.221
5736.000 0.219
5737.000 0.213
5738.000 0.211
5739.000 0.206
5740.000 0.203
5741.000 0.201
5742.000 0.196
5743.000 0.194
5744.000 0.192
5745.000 0.191
5746.000 0.187
5747.000 0.185
5748.000 0.184
5749.000 0.182
5750.000 0.178
5751.000 0.179
5752.000 0.177
5753.000 0.176
5754.000 0.175
5755.000 0.174
5756.000 0.173
5757.000 0.173
5758.000 0.172
5759.000 0.172
5760.000 0.171
5761.000 0.173
5762.000 0.170
5763.000 0.171
5764.000 0.171
5765.000 0.172
5766.000 0.173
5767.000 0.175
5768.000 0.175
5769.000 0.177
5770.000 0.180
5771.000 0.179
5772.000 0.185
5773.000 0.188
5775.000 0.188
5776.000 0.200
5777.000 0.201
5778.000 0.212
5779.000 0.214
5780.000 0.227
5781.000 0.241
5782.000 0.252
5783.000 0.273
5784.000 0.303
5785.000 0.321
5786.000 0.364
5787.000 0.387
5788.000 0.439
5789.000 0.465
5790.000 0.497
5791.000 0.479
5792.000 0.440
5793.000 0.295
5794.000 0.112
5795.000 0.068
5796.000 0.081
5797.000 0.064
5798.000 0.034
5799.000 0.023
5800.000 0.016
5801.000 0.009
5802.000 0.006
5803.000 0.007
5804.000 0.012
5805.000 0.016
5806.000 0.021
5807.000 0.022
5808.000 0.026
5809.000 0.028
5810.000 0.031
5811.000 0.033
5812.000 0.036
5813.000 0.037
5814.000 0.036
5815.000 0.039
5816.000 0.039
5817.000 0.039
5818.000 0.041
5819.000 0.041
5820.000 0.043
5821.000 0.044
5822.000 0.044
5823.000 0.044
5824.000 0.046
5825.000 0.047
5826.000 0.046
5827.000 0.046
5828.000 0.048
5829.000 0.048
5830.000 0.047
5831.000 0.048
5832.000 0.048
5833.000 0.048
5834.000 0.047
5835.000 0.049
5836.000 0.049
5837.000 0.049
5838.000 0.049
5839.000 0.049
5840.000 0.048
5841.000 0.050
5842.000 0.048
5843.000 0.049
5844.000 0.050
5845.000 0.050
5846.000 0.050
5847.000 0.049
5848.000 0.050
5849.000 0.049
5850.000 0.050
5851.000 0.050
5852.000 0.050
5854.000 0.051
5855.000 0.048
5856.000 0.049
5857.000 0.050
5858.000 0.049
5859.000 0.049
5860.000 0.050
5861.000 0.050
5862.000 0.049
5863.000 0.049
5864.000 0.048
5865.000 0.049
5866.000 0.047
5867.000 0.048
5868.000 0.048
5869.000 0.048
5870.000 0.048
5871.000 0.048
5872.000 0.049
5873.000 0.049
5874.000 0.049
5875.000 0.048
5876.000 0.048
5877.000 0.048
5878.000 0.048
5879.000 0.048
5880.000 0.048
5881.000 0.047
5882.000 0.048
5883.000 0.047
5884.000 0.047
5885.000 0.048
5886.000 0.047
5887.000 0.047
5888.000 0.046
5889.000 0.046
5890.000 0.046
5891.000 0.047
5892.000 0.046
5893.000 0.046
5894.000 0.046
5895.000 0.046
5896.000 0.046
5897.000 0.046
5898.000 0.046
5899.000 0.046
5900.000 0.045
5901.000 0.047
5902.000 0.045
5903.000 0.046
5904.000 0.044
5905.000 0.045
5906.000 0.045
5907.000 0.045
5908.000 0.043
5909.000 0.046
5910.000 0.045
5911.000 0.045
5912.000 0.045
5913.000 0.044
5914.000 0.045
5915.000 0.044
5916.000 0.045
5917.000 0.044
5918.000 0.043
5919.000 0.043
5920.000 0.044
5921.000 0.042
5922.000 0.042
5923.000 0.044
5924.000 0.043
5925.000 0.043
5926.000 0.043
5927.000 0.044
5928.000 0.044
5929.000 0.043
5930.000 0.043
5931.000 0.044
5932.000 0.043
5933.000 0.042
5934.000 0.042
5935.000 0.042
5936.000 0.042
5937.000 0.042
5938.000 0.043
5939.000 0.041
5940.000 0.042
5941.000 0.041
5942.000 0.042
5944.000 0.042
5945.000 0.042
5946.000 0.041
5947.000 0.041
5948.000 0.042
5949.000 0.040
5950.000 0.042
5951.000 0.039
5952.000 0.042
5953.000 0.041
5954.000 0.040
5955.000 0.041
5956.000 0.040
5957.000 0.040
5958.000 0.042
5959.000 0.040
5960.000 0.039
5961.000 0.040
5962.000 0.040
5963.000 0.040
5964.000 0.041
5965.000 0.040
5966.000 0.040
5967.000 0.040
5968.000 0.039
5969.000 0.040
5970.000 0.039
5971.000 0.038
5972.000 0.040
5973.000 0.040
5974.000 0.039
5975.000 0.039
5976.000 0.039
5977.000 0.039
5978.000 0.038
5979.000 0.039
5980.000 0.040
5981.000 0.039
5982.000 0.039
5983.000 0.039
5984.000 0.038
5985.000 0.040
5986.000 0.038
5987.000 0.038
5988.000 0.038
5989.000 0.038
5990.000 0.038
5991.000 0.039
5992.000 0.038
5993.000 0.038
5994.000 0.038
5995.000 0.038
5997.000 0.038
5998.000 0.035
5999.000 0.037
6000.000 0.037
6001.000 0.038
6002.000 0.037
6003.000 0.037
6004.000 0.037
6005.000 0.037
6006.000 0.037
6007.000 0.036
6008.000 0.036
6009.000 0.037
6010.000 0.035
6011.000 0.035
6012.000 0.034
6013.000 0.035
6014.000 0.036
6015.000 0.035
6016.000 0.035
6017.000 0.034
6018.000 0.036
6019.000 0.035
6020.000 0.034
6021.000 0.035
6022.000 0.034
6023.000 0.034
6024.000 0.035
6025.000 0.034
6026.000 0.035
6027.000 0.033
6028.000 0.034
6029.000 0.034
6030.000 0.034
6031.000 0.033
6032.000 0.033
6033.000 0.033
6034.000 0.033
6035.000 0.034
6036.000 0.032
6037.000 0.032
6038.000 0.031
6039.000 0.032
6040.000 0.031
6041.000 0.033
6042.000 0.032
6043.000 0.031
6044.000 0.032
6045.000 0.032
6046.000 0.032
6048.000 0.031
6049.000 0.033
6050.000 0.032
6051.000 0.033
6052.000 0.032
6053.000 0.031
6054.000 0.032
6055.000 0.031
6056.000 0.031
6057.000 0.034
6058.000 0.033
6059.000 0.031
6060.000 0.034
6061.000 0.034
6062.000 0.036
6063.000 0.036
6064.000 0.036
6065.000 0.037
6066.000 0.038
6067.000 0.038
6068.000 0.042
6069.000 0.041
6070.000 0.042
6071.000 0.043
6072.000 0.044
6073.000 0.044
6074.000 0.045
6075.000 0.046
6076.000 0.046
6077.000 0.046
6078.000 0.047
6079.000 0.047
6080.000 0.048
6082.000 0.047
6083.000 0.047
6084.000 0.049
6085.000 0.048
6086.000 0.048
6087.000 0.047
6088.000 0.047
6089.000 0.048
6090.000 0.047
6091.000 0.048
6092.000 0.046
6093.000 0.048
6094.000 0.047
6095.000 0.047
6096.000 0.046
6097.000 0.046
6098.000 0.046
6099.000 0.045
6100.000 0.046
6101.000 0.045
6102.000 0.045
6103.000 0.045
6104.000 0.045
6106.000 0.045
6107.000 0.044
6108.000 0.044
6109.000 0.044
6110.000 0.045
6111.000 0.043
6112.000 0.044
6113.000 0.043
6114.000 0.043
6115.000 0.043
6116.000 0.044
6117.000 0.043
6118.000 0.042
6119.000 0.043
6120.000 0.043
6121.000 0.043
6122.000 0.043
6123.000 0.043
6124.000 0.043
6125.000 0.042
6126.000 0.043
6127.000 0.043
6128.000 0.042
6129.000 0.043
6130.000 0.042
6131.000 0.042
6132.000 0.042
6134.000 0.042
6135.000 0.041
6136.000 0.042
6137.000 0.041
6138.000 0.043
6139.000 0.043
6140.000 0.042
6141.000 0.042
6142.000 0.043
6143.000 0.041
6144.000 0.043
6145.000 0.042
6146.000 0.041
6147.000 0.042
6148.000 0.044
6149.000 0.042
6150.000 0.042
6151.000 0.042
6152.000 0.042
6153.000 0.042
6154.000 0.043
6155.000 0.043
6156.000 0.042
6157.000 0.042
6158.000 0.042
6159.000 0.042
6160.000 0.041
6161.000 0.043
6162.000 0.043
6163.000 0.042
6165.000 0.042
6166.000 0.043
6167.000 0.041
6168.000 0.044
6169.000 0.042
6170.000 0.042
6171.000 0.042
6172.000 0.043
6173.000 0.044
6174.000 0.044
6175.000 0.043
6176.000 0.044
6177.000 0.043
6178.000 0.044
6179.000 0.045
6180.000 0.044
6181.000 0.046
6182.000 0.044
6183.000 0.046
6184.000 0.045
6185.000 0.046
6186.000 0.045
6187.000 0.046
6188.000 0.046
6189.000 0.046
6190.000 0.046
6191.000 0.048
6193.000 0.047
6194.000 0.048
6195.000 0.048
6196.000 0.049
6197.000 0.049
6198.000 0.050
6199.000 0.050
6200.000 0.052
6201.000 0.053
6202.000 0.054
6203.000 0.055
6204.000 0.053
6205.000 0.055
6206.000 0.059
6207.000 0.057
6208.000 0.060
6209.000 0.063
6210.000 0.062
6211.000 0.065
6212.000 0.063
6213.000 0.062
6214.000 0.061
6216.000 0.060
6217.000 0.048
6218.000 0.047
6219.000 0.036
6220.000 0.028
6221.000 0.024
6222.000 0.018
6223.000 0.018
6224.000 0.018
6225.000 0.020
6226.000 0.018
6227.000 0.020
6228.000 0.021
6229.000 0.023
6230.000 0.023
6231.000 0.024
6232.000 0.022
6233.000 0.026
6234.000 0.026
6235.000 0.021
6236.000 0.026
6237.000 0.026
6238.000 0.025
6239.000 0.026
6240.000 0.028
6242.000 0.026
6243.000 0.028
6244.000 0.027
6245.000 0.030
6246.000 0.028
6247.000 0.029
6248.000 0.027
6249.000 0.029
6250.000 0.030
6251.000 0.030
6252.000 0.029
6253.000 0.030
6254.000 0.030
6255.000 0.032
6256.000 0.030
6257.000 0.029
6258.000 0.030
6259.000 0.031
6260.000 0.032
6262.000 0.029
6263.000 0.030
6264.000 0.030
6265.000 0.032
6266.000 0.030
6267.000 0.034
6268.000 0.032
6269.000 0.031
6270.000 0.030
6271.000 0.034
6272.000 0.031
6273.000 0.032
6274.000 0.032
6275.000 0.032
6276.000 0.034
6277.000 0.034
6278.000 0.031
6279.000 0.033
6280.000 0.032
6281.000 0.033
6283.000 0.031
6284.000 0.033
6285.000 0.033
6286.000 0.034
6287.000 0.032
6288.000 0.032
6289.000 0.034
6290.000 0.033
6291.000 0.035
6292.000 0.030
6293.000 0.034
6294.000 0.032
6295.000 0.035
6296.000 0.032
6297.000 0.033
6298.000 0.035
6299.000 0.035
6300.000 0.034
6302.000 0.035
6303.000 0.035
6304.000 0.035
6305.000 0.036
6306.000 0.035
6307.000 0.035
6308.000 0.038
6309.000 0.036
6310.000 0.034
6311.000 0.034
6312.000 0.034
6313.000 0.034
6314.000 0.035
6315.000 0.035
6316.000 0.035
6317.000 0.036
6318.000 0.034
6319.000 0.034
6320.000 0.037
6321.000 0.036
6322.000 0.041
6324.000 0.037
6325.000 0.036
6326.000 0.035
6327.000 0.039
6328.000 0.037
6329.000 0.033
6330.000 0.038
6331.000 0.036
6332.000 0.036
6333.000 0.037
6334.000 0.037
6335.000 0.037
6336.000 0.037
6337.000 0.039
6338.000 0.039
6340.000 0.038
6341.000 0.035
6342.000 0.037
6343.000 0.035
6344.000 0.038
6345.000 0.037
6346.000 0.035
6347.000 0.040
6348.000 0.038
6349.000 0.037
6350.000 0.040
6351.000 0.039
6352.000 0.039
6353.000 0.038
6354.000 0.038
6355.000 0.040
6357.000 0.032
6358.000 0.037
6359.000 0.035
6360.000 0.038
6361.000 0.039
6362.000 0.035
6363.000 0.038
6364.000 0.038
6365.000 0.037
6366.000 0.039
6367.000 0.037
6368.000 0.039
6369.000 0.039
6370.000 0.038
6371.000 0.041
6372.000 0.038
6373.000 0.041
6374.000 0.044
6376.000 0.041
6377.000 0.040
6378.000 0.041
6379.000 0.040
6380.000 0.040
6381.000 0.042
6382.000 0.041
6383.000 0.042
6384.000 0.043
6385.000 0.043
6386.000 0.041
6387.000 0.043
6388.000 0.045
6389.000 0.042
6390.000 0.044
6391.000 0.042
6392.000 0.043
6393.000 0.043
6395.000 0.045
6396.000 0.044
6397.000 0.045
6398.000 0.042
6399.000 0.045
6400.000 0.044
6401.000 0.044
6402.000 0.044
6403.000 0.045
6404.000 0.045
6405.000 0.047
6406.000 0.045
6407.000 0.047
6408.000 0.045
6409.000 0.042
6411.000 0.046
6412.000 0.045
6413.000 0.046
6414.000 0.046
6415.000 0.046
6416.000 0.046
6417.000 0.046
6418.000 0.047
6419.000 0.047
6420.000 0.046
6421.000 0.049
6422.000 0.047
6423.000 0.048
6424.000 0.047
6426.000 0.047
6427.000 0.048
6428.000 0.047
6429.000 0.049
6430.000 0.049
6431.000 0.049
6432.000 0.050
6433.000 0.050
6434.000 0.047
6435.000 0.048
6436.000 0.050
6437.000 0.049
6439.000 0.049
6440.000 0.049
6441.000 0.051
6442.000 0.049
6443.000 0.051
6444.000 0.049
6445.000 0.051
6446.000 0.052
6447.000 0.053
6448.000 0.053
6449.000 0.052
6450.000 0.053
6451.000 0.053
6452.000 0.053
6454.000 0.054
6455.000 0.055
6456.000 0.053
6457.000 0.054
6458.000 0.054
6459.000 0.056
6460.000 0.054
6461.000 0.056
6462.000 0.055
6463.000 0.055
6464.000 0.057
6465.000 0.056
6466.000 0.055
6467.000 0.057
6468.000 0.057
6470.000 0.057
6471.000 0.057
6472.000 0.059
6473.000 0.057
6474.000 0.057
6475.000 0.058
6476.000 0.057
6477.000 0.057
6478.000 0.060
6479.000 0.057
6480.000 0.058
6481.000 0.059
6482.000 0.060
6483.000 0.059
6485.000 0.061
6486.000 0.061
6487.000 0.061
6488.000 0.060
6489.000 0.057
6490.000 0.062
6491.000 0.062
6492.000 0.064
6493.000 0.063
6494.000 0.064
6495.000 0.060
6496.000 0.064
6498.000 0.065
6499.000 0.063
6500.000 0.064
6501.000 0.063
6502.000 0.065
6503.000 0.065
6504.000 0.067
6505.000 0.064
6506.000 0.065
6507.000 0.067
6508.000 0.066
6509.000 0.066
6510.000 0.069
6511.000 0.068
6512.000 0.067
6513.000 0.068
6514.000 0.068
6515.000 0.069
6517.000 0.062
6518.000 0.068
6519.000 0.072
6520.000 0.071
6521.000 0.065
6522.000 0.070
6523.000 0.065
6524.000 0.070
6525.000 0.066
6526.000 0.071
6527.000 0.072
6528.000 0.074
6529.000 0.072
6530.000 0.079
6531.000 0.072
6533.000 0.070
6534.000 0.070
6535.000 0.071
6536.000 0.073
6537.000 0.072
6538.000 0.078
6539.000 0.073
6540.000 0.074
6541.000 0.076
6542.000 0.073
6543.000 0.077
6544.000 0.077
6546.000 0.076
6547.000 0.078
6548.000 0.075
6549.000 0.077
6550.000 0.079
6551.000 0.081
6552.000 0.086
6553.000 0.085
6554.000 0.082
6555.000 0.087
6556.000 0.082
6557.000 0.087
6558.000 0.088
6560.000 0.094
6561.000 0.092
6562.000 0.092
6563.000 0.096
6564.000 0.093
6565.000 0.089
6566.000 0.094
6567.000 0.095
6568.000 0.098
6569.000 0.098
6570.000 0.105
6571.000 0.102
6572.000 0.103
6574.000 0.104
6575.000 0.106
6576.000 0.105
6577.000 0.107
6578.000 0.109
6579.000 0.112
6580.000 0.114
6581.000 0.115
6582.000 0.117
6583.000 0.116
6584.000 0.117
6585.000 0.117
6587.000 0.119
6588.000 0.123
6589.000 0.120
6590.000 0.123
6591.000 0.125
6592.000 0.129
6593.000 0.131
6594.000 0.135
6595.000 0.136
6596.000 0.137
6597.000 0.139
6598.000 0.139
6599.000 0.146
6600.000 0.138
6601.000 0.144
6603.000 0.143
6604.000 0.149
6605.000 0.142
6606.000 0.144
6607.000 0.154
6608.000 0.143
6609.000 0.154
6610.000 0.162
6611.000 0.165
6612.000 0.162
6614.000 0.165
6615.000 0.166
6616.000 0.169
6617.000 0.168
6618.000 0.171
6619.000 0.173
6620.000 0.172
6621.000 0.171
6622.000 0.170
6623.000 0.165
6624.000 0.168
6626.000 0.158
6627.000 0.154
6628.000 0.154
6629.000 0.145
6630.000 0.141
6631.000 0.136
6632.000 0.129
6633.000 0.122
6634.000 0.119
6635.000 0.114
6636.000 0.110
6637.000 0.110
6638.000 0.108
6639.000 0.104
6640.000 0.105
6641.000 0.105
6643.000 0.107
6644.000 0.111
6645.000 0.113
6646.000 0.115
6647.000 0.118
6648.000 0.126
6649.000 0.131
6650.000 0.136
6651.000 0.142
6652.000 0.144
6653.000 0.149
6654.000 0.158
6655.000 0.164
6656.000 0.175
6658.000 0.182
6659.000 0.192
6660.000 0.197
6661.000 0.210
6662.000 0.217
6663.000 0.235
6664.000 0.242
6665.000 0.258
6666.000 0.273
6667.000 0.279
6668.000 0.292
6669.000 0.305
6670.000 0.314
6672.000 0.327
6673.000 0.348
6674.000 0.355
6675.000 0.368
6676.000 0.372
6677.000 0.382
6678.000 0.390
6679.000 0.399
6680.000 0.403
6681.000 0.409
6682.000 0.407
6684.000 0.409
6685.000 0.405
6686.000 0.399
6687.000 0.396
6688.000 0.388
6689.000 0.378
6690.000 0.368
6691.000 0.362
6692.000 0.348
6694.000 0.340
6695.000 0.327
6696.000 0.311
6697.000 0.303
6698.000 0.296
6699.000 0.285
6700.000 0.273
6701.000 0.268
6702.000 0.257
6703.000 0.249
6705.000 0.239
6706.000 0.229
6707.000 0.223
6708.000 0.213
6709.000 0.208
6710.000 0.201
6711.000 0.195
6712.000 0.191
6714.000 0.183
6715.000 0.176
6716.000 0.173
6717.000 0.166
6718.000 0.161
6719.000 0.156
6720.000 0.154
6721.000 0.149
6722.000 0.143
6723.000 0.142
6725.000 0.139
6726.000 0.134
6727.000 0.130
6728.000 0.126
6729.000 0.126
6730.000 0.119
6731.000 0.115
6732.000 0.115
6733.000 0.112
6734.000 0.107
6735.000 0.105
6737.000 0.101
6738.000 0.099
6739.000 0.097
6740.000 0.094
6741.000 0.090
6742.000 0.091
6743.000 0.088
6744.000 0.085
6745.000 0.084
6746.000 0.081
6747.000 0.080
6748.000 0.076
6749.000 0.076
6751.000 0.073
6752.000 0.072
6753.000 0.070
6754.000 0.068
6755.000 0.067
6756.000 0.065
6757.000 0.063
6758.000 0.062
6759.000 0.061
6760.000 0.059
6761.000 0.058
6762.000 0.058
6764.000 0.057
6765.000 0.056
6766.000 0.055
6767.000 0.055
6768.000 0.053
6769.000 0.054
6770.000 0.054
6771.000 0.053
6772.000 0.055
6774.000 0.055
6775.000 0.054
6776.000 0.056
6777.000 0.058
6778.000 0.058
6779.000 0.060
6780.000 0.061
6781.000 0.060
6782.000 0.064
6784.000 0.067
6785.000 0.068
6786.000 0.072
6787.000 0.074
6788.000 0.076
6789.000 0.079
6790.000 0.085
6791.000 0.086
6792.000 0.091
6793.000 0.095
6794.000 0.100
6796.000 0.102
6797.000 0.108
6798.000 0.113
6799.000 0.118
6800.000 0.125
6801.000 0.133
6802.000 0.139
6804.000 0.140
6805.000 0.147
6806.000 0.154
6807.000 0.160
6808.000 0.165
6809.000 0.171
6810.000 0.178
6811.000 0.184
6812.000 0.187
6813.000 0.194
6814.000 0.197
6815.000 0.200
6817.000 0.207
6818.000 0.211
6819.000 0.212
6820.000 0.216
6821.000 0.217
6822.000 0.218
6823.000 0.218
6824.000 0.216
6825.000 0.215
6826.000 0.214
6827.000 0.213
6829.000 0.211
6830.000 0.208
6831.000 0.205
6832.000 0.201
6833.000 0.200
6834.000 0.195
6835.000 0.191
6836.000 0.187
6837.000 0.185
6838.000 0.181
6840.000 0.178
6841.000 0.174
6842.000 0.170
6843.000 0.168
6844.000 0.165
6845.000 0.162
6846.000 0.158
6847.000 0.156
6848.000 0.153
6850.000 0.150
6851.000 0.147
6852.000 0.145
6853.000 0.141
6854.000 0.140
6855.000 0.137
6856.000 0.135
6857.000 0.131
6858.000 0.130
6860.000 0.127
6861.000 0.125
6862.000 0.123
6863.000 0.120
6864.000 0.118
6865.000 0.117
6866.000 0.116
6867.000 0.112
6869.000 0.110
6870.000 0.108
6871.000 0.106
6872.000 0.104
6873.000 0.102
6874.000 0.101
6875.000 0.099
6876.000 0.098
6877.000 0.095
6878.000 0.094
6879.000 0.093
6881.000 0.091
6882.000 0.088
6883.000 0.086
6884.000 0.087
6885.000 0.085
6886.000 0.084
6887.000 0.082
6888.000 0.082
6889.000 0.082
6890.000 0.081
6892.000 0.081
6893.000 0.082
6894.000 0.084
6895.000 0.085
6896.000 0.087
6897.000 0.092
6898.000 0.096
6899.000 0.098
6900.000 0.105
6901.000 0.113
6902.000 0.119
6903.000 0.124
6904.000 0.132
6906.000 0.140
6907.000 0.146
6908.000 0.153
6909.000 0.155
6910.000 0.157
6911.000 0.159
6912.000 0.159
6913.000 0.156
6914.000 0.156
6915.000 0.155
6917.000 0.153
6918.000 0.149
6919.000 0.146
6920.000 0.142
6921.000 0.142
6922.000 0.139
6923.000 0.135
6924.000 0.136
6926.000 0.133
6927.000 0.128
6928.000 0.128
6929.000 0.126
6930.000 0.124
6931.000 0.122
6932.000 0.123
6934.000 0.119
6935.000 0.118
6936.000 0.118
6937.000 0.116
6938.000 0.115
6939.000 0.113
6940.000 0.112
6941.000 0.113
6943.000 0.110
6944.000 0.110
6945.000 0.108
6946.000 0.108
6947.000 0.108
6948.000 0.106
6949.000 0.106
6950.000 0.104
6951.000 0.104
6952.000 0.103
6953.000 0.102
6954.000 0.102
6955.000 0.101
6957.000 0.101
6958.000 0.100
6959.000 0.100
6960.000 0.099
6961.000 0.099
6962.000 0.098
6963.000 0.098
6964.000 0.097
6965.000 0.096
6966.000 0.097
6968.000 0.094
6969.000 0.095
6970.000 0.093
6971.000 0.093
6972.000 0.092
6973.000 0.093
6974.000 0.092
6975.000 0.093
6976.000 0.091
6977.000 0.091
6979.000 0.090
6980.000 0.091
6981.000 0.090
6982.000 0.090
6983.000 0.089
6984.000 0.090
6985.000 0.089
6986.000 0.089
6987.000 0.088
6989.000 0.089
6990.000 0.087
6991.000 0.089
6992.000 0.088
6993.000 0.088
6994.000 0.086
6995.000 0.088
6997.000 0.086
6998.000 0.086
6999.000 0.087
7000.000 0.086
7001.000 0.086
7002.000 0.086
7003.000 0.086
7004.000 0.086
7006.000 0.086
7007.000 0.086
7008.000 0.085
7009.000 0.084
7010.000 0.085
7011.000 0.084
7012.000 0.084
7013.000 0.085
7014.000 0.085
7016.000 0.084
7017.000 0.084
7018.000 0.084
7019.000 0.084
7020.000 0.085
7021.000 0.085
7023.000 0.084
7024.000 0.085
7025.000 0.084
7026.000 0.085
7027.000 0.083
7028.000 0.084
7029.000 0.086
7030.000 0.085
7031.000 0.085
7033.000 0.085
7034.000 0.086
7035.000 0.086
7036.000 0.086
7037.000 0.087
7038.000 0.086
7039.000 0.085
7040.000 0.086
7041.000 0.085
7042.000 0.087
7044.000 0.087
7045.000 0.087
7046.000 0.087
7047.000 0.087
7048.000 0.088
7049.000 0.089
7051.000 0.088
7052.000 0.089
7053.000 0.090
7054.000 0.090
7055.000 0.090
7056.000 0.091
7058.000 0.092
7059.000 0.092
7060.000 0.093
7061.000 0.095
7062.000 0.093
7063.000 0.095
7064.000 0.095
7065.000 0.095
7066.000 0.097
7068.000 0.098
7069.000 0.099
7070.000 0.102
7071.000 0.103
7072.000 0.103
7073.000 0.104
7074.000 0.106
7075.000 0.108
7076.000 0.108
7077.000 0.111
7079.000 0.113
7080.000 0.116
7081.000 0.119
7082.000 0.122
7083.000 0.125
7084.000 0.129
7085.000 0.133
7086.000 0.139
7088.000 0.145
7089.000 0.150
7090.000 0.160
7091.000 0.169
7092.000 0.184
7093.000 0.190
7094.000 0.205
7096.000 0.225
7097.000 0.245
7098.000 0.271
7099.000 0.296
7100.000 0.308
7101.000 0.322
7102.000 0.314
7103.000 0.301
7104.000 0.249
7106.000 0.192
7107.000 0.134
7108.000 0.103
7109.000 0.081
7110.000 0.064
7111.000 0.058
7112.000 0.046
7113.000 0.037
7114.000 0.033
7115.000 0.027
7117.000 0.020
7118.000 0.017
7119.000 0.013
7120.000 0.012
7121.000 0.011
7122.000 0.011
7123.000 0.013
7124.000 0.015
7126.000 0.017
7127.000 0.017
7128.000 0.019
7129.000 0.019
7130.000 0.021
7131.000 0.022
7132.000 0.024
7134.000 0.026
7135.000 0.027
7136.000 0.028
7137.000 0.030
7138.000 0.030
7139.000 0.030
7140.000 0.031
7141.000 0.031
7142.000 0.031
7144.000 0.032
7145.000 0.034
7146.000 0.033
7147.000 0.034
7148.000 0.034
7149.000 0.036
7150.000 0.036
7151.000 0.037
7152.000 0.038
7153.000 0.037
7155.000 0.038
7156.000 0.037
7157.000 0.041
7158.000 0.039
7159.000 0.039
7160.000 0.040
7161.000 0.040
7162.000 0.042
7163.000 0.041
7165.000 0.042
7166.000 0.041
7167.000 0.041
7168.000 0.042
7169.000 0.043
7170.000 0.043
7172.000 0.044
7173.000 0.044
7174.000 0.043
7175.000 0.044
7176.000 0.045
7177.000 0.045
7178.000 0.045
7179.000 0.046
7181.000 0.046
7182.000 0.045
7183.000 0.047
7184.000 0.047
7185.000 0.046
7186.000 0.048
7187.000 0.046
7189.000 0.048
7190.000 0.048
7191.000 0.047
7192.000 0.048
7193.000 0.049
7194.000 0.049
7196.000 0.049
7197.000 0.050
7198.000 0.051
7199.000 0.050
7200.000 0.051
7201.000 0.049
7202.000 0.052
7204.000 0.053
7205.000 0.053
7206.000 0.053
7207.000 0.053
7208.000 0.054
7209.000 0.053
7210.000 0.054
7212.000 0.053
7213.000 0.055
7214.000 0.054
7215.000 0.056
7216.000 0.056
7217.000 0.057
7218.000 0.058
7220.000 0.057
7221.000 0.059
7222.000 0.060
7223.000 0.060
7224.000 0.061
7225.000 0.062
7227.000 0.062
7228.000 0.063
7229.000 0.064
7230.000 0.065
7231.000 0.065
7232.000 0.066
7233.000 0.068
7235.000 0.067
7236.000 0.070
7237.000 0.071
7238.000 0.074
7239.000 0.075
7240.000 0.075
7241.000 0.075
7243.000 0.079
7244.000 0.082
7245.000 0.083
7246.000 0.085
7247.000 0.087
7248.000 0.088
7249.000 0.092
7250.000 0.095
7252.000 0.097
7253.000 0.104
7254.000 0.111
7255.000 0.113
7257.000 0.117
7258.000 0.130
7259.000 0.139
7260.000 0.150
7262.000 0.157
7263.000 0.171
7264.000 0.188
7265.000 0.200
7266.000 0.223
7267.000 0.253
7268.000 0.291
7269.000 0.331
7270.000 0.354
7272.000 0.393
7273.000 0.425
7274.000 0.426
7275.000 0.381
7276.000 0.293
7277.000 0.247
7278.000 0.182
7279.000 0.153
7281.000 0.131
7282.000 0.111
7283.000 0.096
7284.000 0.088
7285.000 0.078
7286.000 0.068
7287.000 0.060
7288.000 0.053
7290.000 0.049
7291.000 0.043
7292.000 0.042
7293.000 0.035
7294.000 0.033
7295.000 0.030
7297.000 0.026
7298.000 0.024
7299.000 0.021
7300.000 0.019
7301.000 0.018
7302.000 0.017
7303.000 0.014
7304.000 0.013
7306.000 0.012
7307.000 0.010
7308.000 0.010
7309.000 0.009
7310.000 0.008
7311.000 0.007
7312.000 0.006
7313.000 0.006
7314.000 0.005
7315.000 0.006
7317.000 0.006
7318.000 0.007
7319.000 0.007
7320.000 0.008
7321.000 0.008
7322.000 0.009
7324.000 0.007
7325.000 0.009
7326.000 0.010
7327.000 0.010
7328.000 0.011
7329.000 0.013
7330.000 0.012
7331.000 0.011
7333.000 0.012
7334.000 0.013
7335.000 0.012
7336.000 0.014
7337.000 0.014
7338.000 0.015
7339.000 0.015
7341.000 0.015
7342.000 0.015
7343.000 0.016
7344.000 0.016
7345.000 0.016
7346.000 0.017
7347.000 0.018
7349.000 0.018
7350.000 0.018
7351.000 0.017
7352.000 0.020
7353.000 0.018
7354.000 0.020
7356.000 0.020
7357.000 0.019
7358.000 0.020
7359.000 0.019
7360.000 0.019
7361.000 0.022
7362.000 0.020
7363.000 0.021
7364.000 0.021
7366.000 0.021
7367.000 0.021
7368.000 0.021
7369.000 0.021
7370.000 0.022
7371.000 0.023
7372.000 0.023
7373.000 0.023
7375.000 0.023
7376.000 0.023
7377.000 0.024
7378.000 0.024
7379.000 0.023
7380.000 0.022
7381.000 0.024
7383.000 0.025
7384.000 0.024
7385.000 0.024
7386.000 0.025
7387.000 0.025
7388.000 0.026
7389.000 0.026
7391.000 0.026
7392.000 0.025
7393.000 0.026
7394.000 0.027
7395.000 0.026
7396.000 0.025
7397.000 0.026
7398.000 0.026
7400.000 0.027
7401.000 0.027
7402.000 0.026
7403.000 0.028
7404.000 0.027
7406.000 0.027
7407.000 0.028
7408.000 0.027
7409.000 0.029
7410.000 0.028
7411.000 0.028
7412.000 0.029
7414.000 0.028
7415.000 0.029
7416.000 0.029
7417.000 0.030
7418.000 0.029
7419.000 0.028
7420.000 0.028
7422.000 0.028
7423.000 0.029
7424.000 0.031
7425.000 0.031
7426.000 0.031
7428.000 0.029
7429.000 0.029
7430.000 0.031
7431.000 0.031
7432.000 0.030
7433.000 0.031
7435.000 0.031
7436.000 0.031
7437.000 0.032
7438.000 0.031
7439.000 0.032
7440.000 0.031
7441.000 0.032
7442.000 0.031
7444.000 0.033
7445.000 0.033
7446.000 0.033
7447.000 0.032
7448.000 0.033
7450.000 0.034
7451.000 0.033
7452.000 0.033
7453.000 0.033
7454.000 0.034
7455.000 0.033
7456.000 0.035
7458.000 0.034
7459.000 0.035
7460.000 0.033
7461.000 0.034
7462.000 0.036
7463.000 0.034
7465.000 0.035
7466.000 0.035
7467.000 0.036
7468.000 0.036
7469.000 0.035
7470.000 0.036
7472.000 0.036
7473.000 0.035
7474.000 0.037
7475.000 0.037
7476.000 0.035
7477.000 0.036
7479.000 0.037
7480.000 0.037
7481.000 0.038
7482.000 0.037
7483.000 0.037
7484.000 0.038
7486.000 0.037
7487.000 0.039
7488.000 0.038
7489.000 0.039
7490.000 0.038
7491.000 0.039
7493.000 0.040
7494.000 0.039
7495.000 0.039
7496.000 0.039
7497.000 0.040
7498.000 0.040
7499.000 0.040
7501.000 0.040
7502.000 0.039
7503.000 0.040
7504.000 0.040
7505.000 0.040
7506.000 0.040
7507.000 0.041
7509.000 0.042
7510.000 0.041
7511.000 0.042
7512.000 0.041
7513.000 0.042
7515.000 0.042
7516.000 0.044
7517.000 0.044
7518.000 0.043
7519.000 0.042
7520.000 0.043
7521.000 0.044
7523.000 0.044
7524.000 0.045
7525.000 0.044
7526.000 0.044
7527.000 0.044
7528.000 0.044
7529.000 0.044
7531.000 0.044
7532.000 0.046
7533.000 0.045
7534.000 0.046
7535.000 0.045
7536.000 0.046
7538.000 0.047
7539.000 0.046
7540.000 0.046
7541.000 0.048
7542.000 0.048
7543.000 0.047
7545.000 0.047
7546.000 0.047
7547.000 0.048
7548.000 0.049
7549.000 0.048
7550.000 0.049
7552.000 0.050
7553.000 0.048
7554.000 0.050
7555.000 0.050
7556.000 0.051
7557.000 0.050
7558.000 0.052
7560.000 0.051
7561.000 0.052
7562.000 0.050
7563.000 0.051
7564.000 0.050
7565.000 0.052
7566.000 0.052
7568.000 0.055
7569.000 0.053
7570.000 0.052
7571.000 0.054
7572.000 0.053
7573.000 0.055
7574.000 0.054
7575.000 0.054
7577.000 0.055
7578.000 0.055
7579.000 0.055
7580.000 0.056
7581.000 0.057
7583.000 0.055
7584.000 0.056
7585.000 0.057
7586.000 0.057
7587.000 0.057
7589.000 0.057
7590.000 0.059
7591.000 0.060
7592.000 0.060
7593.000 0.060
7594.000 0.060
7596.000 0.062
7597.000 0.060
7598.000 0.060
7599.000 0.061
7600.000 0.062
7602.000 0.063
7603.000 0.063
7604.000 0.064
7605.000 0.064
7606.000 0.065
7607.000 0.067
7608.000 0.065
7610.000 0.066
7611.000 0.067
7612.000 0.068
7613.000 0.070
7614.000 0.069
7615.000 0.070
7617.000 0.071
7618.000 0.072
7619.000 0.072
7620.000 0.074
7621.000 0.074
7623.000 0.076
7624.000 0.076
7625.000 0.076
7626.000 0.078
7627.000 0.080
7628.000 0.083
7629.000 0.082
7631.000 0.085
7632.000 0.086
7633.000 0.088
7634.000 0.089
7635.000 0.090
7636.000 0.092
7637.000 0.095
7639.000 0.096
7640.000 0.099
7641.000 0.103
7642.000 0.100
7643.000 0.104
7644.000 0.103
7645.000 0.101
7647.000 0.093
7648.000 0.085
7649.000 0.073
7650.000 0.068
7651.000 0.061
7652.000 0.060
7653.000 0.061
7655.000 0.062
7656.000 0.064
7657.000 0.066
7658.000 0.068
7659.000 0.071
7660.000 0.072
7662.000 0.074
7663.000 0.077
7664.000 0.079
7665.000 0.080
7666.000 0.082
7668.000 0.084
7669.000 0.087
7670.000 0.088
7671.000 0.092
7672.000 0.093
7673.000 0.094
7674.000 0.096
7676.000 0.097
7677.000 0.100
7678.000 0.101
7679.000 0.104
7680.000 0.109
7681.000 0.110
7683.000 0.110
7684.000 0.114
7685.000 0.117
7686.000 0.118
7687.000 0.122
7688.000 0.126
7689.000 0.129
7691.000 0.130
7692.000 0.135
7693.000 0.137
7694.000 0.140
7695.000 0.144
7696.000 0.148
7697.000 0.151
7699.000 0.152
7700.000 0.156
7701.000 0.160
7702.000 0.160
7703.000 0.163
7704.000 0.164
7706.000 0.162
7707.000 0.161
7708.000 0.162
7709.000 0.159
7710.000 0.156
7711.000 0.151
7713.000 0.149
7714.000 0.142
7715.000 0.141
7716.000 0.136
7717.000 0.131
7718.000 0.128
7719.000 0.121
7721.000 0.120
7722.000 0.114
7723.000 0.113
7724.000 0.106
7725.000 0.104
7726.000 0.097
7728.000 0.091
7729.000 0.086
7730.000 0.082
7731.000 0.078
7732.000 0.072
7733.000 0.071
7735.000 0.063
7736.000 0.061
7737.000 0.056
7738.000 0.055
7739.000 0.052
7740.000 0.049
7741.000 0.048
7742.000 0.050
7744.000 0.047
7745.000 0.048
7746.000 0.052
7747.000 0.050
7749.000 0.047
7750.000 0.052
7751.000 0.056
7752.000 0.056
7753.000 0.058
7755.000 0.058
7756.000 0.059
7757.000 0.062
7758.000 0.066
7759.000 0.067
7760.000 0.070
7762.000 0.071
7763.000 0.077
7764.000 0.078
7765.000 0.081
7766.000 0.082
7767.000 0.087
7769.000 0.089
7770.000 0.093
7771.000 0.093
7772.000 0.100
7773.000 0.101
7774.000 0.108
7776.000 0.110
7777.000 0.115
7778.000 0.116
7779.000 0.122
7780.000 0.129
7781.000 0.132
7783.000 0.136
7784.000 0.144
7785.000 0.150
7786.000 0.155
7787.000 0.160
7789.000 0.167
7790.000 0.175
7791.000 0.180
7792.000 0.186
7793.000 0.195
7794.000 0.199
7796.000 0.206
7797.000 0.219
7798.000 0.228
7799.000 0.237
7800.000 0.242
7802.000 0.255
7803.000 0.261
7804.000 0.269
7805.000 0.281
7806.000 0.291
7807.000 0.300
7809.000 0.310
7810.000 0.316
7811.000 0.322
7812.000 0.326
7813.000 0.329
7814.000 0.331
7816.000 0.331
7817.000 0.332
7818.000 0.327
7819.000 0.326
7820.000 0.322
7822.000 0.315
7823.000 0.303
7824.000 0.299
7825.000 0.291
7827.000 0.284
7828.000 0.268
7829.000 0.259
7830.000 0.255
7831.000 0.246
7833.000 0.237
7834.000 0.229
7835.000 0.221
7836.000 0.214
7837.000 0.205
7838.000 0.201
7840.000 0.193
7841.000 0.187
7842.000 0.181
7843.000 0.178
7844.000 0.175
7845.000 0.171
7847.000 0.167
7848.000 0.162
7849.000 0.158
7850.000 0.157
7851.000 0.152
7853.000 0.146
7854.000 0.145
7855.000 0.141
7856.000 0.138
7858.000 0.137
7859.000 0.131
7860.000 0.132
7861.000 0.129
7862.000 0.126
7864.000 0.124
7865.000 0.120
7866.000 0.115
7867.000 0.115
7868.000 0.111
7869.000 0.110
7871.000 0.109
7872.000 0.104
7873.000 0.102
7874.000 0.101
7875.000 0.099
7876.000 0.098
7878.000 0.096
7879.000 0.092
7880.000 0.091
7881.000 0.088
7882.000 0.086
7883.000 0.083
7885.000 0.085
7886.000 0.080
7887.000 0.079
7888.000 0.079
7889.000 0.078
7890.000 0.075
7892.000 0.073
7893.000 0.069
7894.000 0.071
7895.000 0.067
7897.000 0.067
7898.000 0.065
7899.000 0.064
7900.000 0.061
7901.000 0.059
7902.000 0.057
7904.000 0.058
7905.000 0.056
7906.000 0.057
7907.000 0.055
7908.000 0.051
7909.000 0.053
7911.000 0.050
7912.000 0.050
7913.000 0.050
7914.000 0.046
7915.000 0.046
7916.000 0.046
7918.000 0.046
7919.000 0.043
7920.000 0.043
7921.000 0.043
7922.000 0.043
7924.000 0.042
7925.000 0.042
7926.000 0.041
7927.000 0.040
7928.000 0.041
7929.000 0.042
7931.000 0.041
7932.000 0.043
7933.000 0.042
7934.000 0.044
7935.000 0.046
7936.000 0.046
7938.000 0.048
7939.000 0.049
7940.000 0.052
7941.000 0.055
7942.000 0.058
7944.000 0.060
7945.000 0.065
7946.000 0.067
7947.000 0.071
7948.000 0.074
7949.000 0.078
7951.000 0.083
7952.000 0.087
7953.000 0.093
7954.000 0.096
7955.000 0.100
7957.000 0.104
7958.000 0.112
7959.000 0.114
7960.000 0.118
7961.000 0.122
7962.000 0.125
7963.000 0.129
7965.000 0.131
7966.000 0.134
7967.000 0.136
7968.000 0.137
7969.000 0.139
7970.000 0.139
7972.000 0.138
7973.000 0.139
7974.000 0.138
7975.000 0.136
7976.000 0.136
7977.000 0.134
7979.000 0.132
7980.000 0.132
7981.000 0.128
7982.000 0.126
7984.000 0.125
7985.000 0.122
7986.000 0.120
7987.000 0.117
7989.000 0.117
7990.000 0.114
7991.000 0.112
7992.000 0.110
7994.000 0.108
7995.000 0.106
7996.000 0.105
7997.000 0.104
7998.000 0.100
7999.000 0.100
8001.000 0.098
8002.000 0.097
8003.000 0.095
8004.000 0.093
8005.000 0.093
8007.000 0.091
8008.000 0.089
8009.000 0.089
8010.000 0.087
8011.000 0.085
8013.000 0.083
8014.000 0.084
8015.000 0.082
8016.000 0.082
8017.000 0.081
8018.000 0.079
8020.000 0.079
8021.000 0.077
8022.000 0.076
8023.000 0.074
8025.000 0.075
8026.000 0.073
8027.000 0.072
8028.000 0.072
8029.000 0.071
8030.000 0.070
8032.000 0.068
8033.000 0.068
8034.000 0.067
8035.000 0.065
8036.000 0.064
8038.000 0.064
8039.000 0.063
8040.000 0.062
8041.000 0.061
8043.000 0.061
8044.000 0.059
8045.000 0.058
8046.000 0.059
8047.000 0.057
8048.000 0.057
8050.000 0.056
8051.000 0.055
8052.000 0.054
8053.000 0.052
8054.000 0.052
8055.000 0.052
8057.000 0.051
8058.000 0.050
8059.000 0.050
8060.000 0.051
8061.000 0.050
8062.000 0.049
8064.000 0.049
8065.000 0.049
8066.000 0.049
8067.000 0.049
8068.000 0.050
8069.000 0.051
8071.000 0.054
8072.000 0.055
8073.000 0.057
8074.000 0.061
8075.000 0.065
8077.000 0.065
8078.000 0.069
8079.000 0.074
8080.000 0.076
8081.000 0.076
8083.000 0.082
8084.000 0.082
8085.000 0.082
8086.000 0.085
8087.000 0.083
8088.000 0.082
8090.000 0.083
8091.000 0.082
8092.000 0.081
8093.000 0.081
8094.000 0.082
8096.000 0.081
8097.000 0.081
8098.000 0.082
8099.000 0.082
8100.000 0.081
8101.000 0.080
8103.000 0.080
8104.000 0.079
8105.000 0.080
8106.000 0.078
8108.000 0.078
8109.000 0.077
8110.000 0.076
8111.000 0.076
8113.000 0.075
8114.000 0.075
8115.000 0.074
8116.000 0.074
8117.000 0.072
8119.000 0.072
8120.000 0.072
8121.000 0.070
8122.000 0.070
8123.000 0.069
8125.000 0.069
8126.000 0.068
8127.000 0.068
8128.000 0.068
8129.000 0.068
8131.000 0.066
8132.000 0.067
8133.000 0.065
8134.000 0.065
8135.000 0.064
8137.000 0.065
8138.000 0.065
8139.000 0.064
8140.000 0.065
8141.000 0.064
8142.000 0.063
8144.000 0.063
8145.000 0.063
8146.000 0.064
8147.000 0.063
8148.000 0.061
8149.000 0.062
8151.000 0.062
8152.000 0.061
8153.000 0.061
8154.000 0.061
8155.000 0.060
8157.000 0.060
8158.000 0.060
8159.000 0.060
8160.000 0.059
8161.000 0.060
8163.000 0.059
8164.000 0.059
8165.000 0.059
8166.000 0.059
8167.000 0.058
8169.000 0.058
8170.000 0.057
8171.000 0.058
8172.000 0.058
8174.000 0.059
8175.000 0.058
8176.000 0.058
8177.000 0.057
8178.000 0.058
8179.000 0.057
8181.000 0.056
8182.000 0.056
8183.000 0.057
8184.000 0.057
8185.000 0.056
8187.000 0.056
8188.000 0.056
8189.000 0.056
8190.000 0.055
8191.000 0.056
8193.000 0.056
8194.000 0.056
8195.000 0.056
8196.000 0.055
8197.000 0.056
8199.000 0.056
8200.000 0.056
8201.000 0.056
8202.000 0.055
8203.000 0.055
8205.000 0.054
8206.000 0.055
8207.000 0.055
8208.000 0.055
8209.000 0.055
8210.000 0.053
8211.000 0.053
8213.000 0.053
8214.000 0.056
8215.000 0.054
8216.000 0.055
8217.000 0.054
8219.000 0.054
8220.000 0.053
8221.000 0.053
8223.000 0.054
8224.000 0.055
8225.000 0.053
8226.000 0.054
8227.000 0.053
8229.000 0.054
8230.000 0.053
8231.000 0.054
8232.000 0.054
8233.000 0.054
8235.000 0.054
8236.000 0.053
8237.000 0.054
8239.000 0.054
8240.000 0.054
8241.000 0.052
8242.000 0.054
8244.000 0.053
8245.000 0.053
8246.000 0.053
8247.000 0.054
8248.000 0.054
8249.000 0.054
8251.000 0.054
8252.000 0.053
8253.000 0.054
8254.000 0.054
8256.000 0.053
8257.000 0.053
8258.000 0.054
8259.000 0.054
8260.000 0.054
8262.000 0.054
8263.000 0.053
8264.000 0.055
8265.000 0.054
8267.000 0.053
8268.000 0.053
8269.000 0.054
8270.000 0.055
8272.000 0.054
8273.000 0.054
8274.000 0.055
8275.000 0.053
8277.000 0.055
8278.000 0.053
8279.000 0.054
8280.000 0.054
8282.000 0.054
8283.000 0.054
8284.000 0.055
8285.000 0.054
8287.000 0.054
8288.000 0.055
8289.000 0.055
8290.000 0.056
8292.000 0.055
8293.000 0.055
8294.000 0.055
8295.000 0.055
8296.000 0.055
8297.000 0.055
8299.000 0.056
8300.000 0.056
8301.000 0.055
8302.000 0.055
8303.000 0.055
8305.000 0.056
8306.000 0.057
8307.000 0.056
8308.000 0.057
8309.000 0.057
8311.000 0.057
8312.000 0.058
8313.000 0.057
8314.000 0.057
8315.000 0.057
8317.000 0.057
8318.000 0.059
8319.000 0.058
8320.000 0.058
8321.000 0.058
8323.000 0.058
8324.000 0.059
8325.000 0.059
8326.000 0.060
8327.000 0.061
8328.000 0.059
8330.000 0.060
8331.000 0.061
8332.000 0.060
8333.000 0.062
8334.000 0.061
8336.000 0.062
8337.000 0.063
8338.000 0.062
8339.000 0.062
8341.000 0.063
8342.000 0.063
8343.000 0.064
8344.000 0.064
8345.000 0.066
8347.000 0.066
8348.000 0.067
8349.000 0.066
8350.000 0.068
8351.000 0.068
8353.000 0.069
8354.000 0.071
8355.000 0.070
8356.000 0.073
8358.000 0.074
8359.000 0.074
8360.000 0.077
8361.000 0.079
8362.000 0.081
8364.000 0.082
8365.000 0.086
8366.000 0.089
8367.000 0.090
8368.000 0.094
8370.000 0.100
8371.000 0.107
8372.000 0.107
8373.000 0.108
8374.000 0.104
8376.000 0.088
8377.000 0.044
8378.000 0.025
8379.000 0.035
8380.000 0.036
8382.000 0.039
8383.000 0.044
8384.000 0.046
8385.000 0.050
8387.000 0.051
8388.000 0.052
8389.000 0.055
8390.000 0.055
8391.000 0.057
8393.000 0.056
8394.000 0.059
8395.000 0.060
8396.000 0.062
8397.000 0.062
8399.000 0.063
8400.000 0.065
8401.000 0.065
8402.000 0.066
8403.000 0.068
8405.000 0.068
8406.000 0.070
8407.000 0.070
8408.000 0.071
8409.000 0.072
8411.000 0.074
8412.000 0.076
8413.000 0.076
8414.000 0.077
8416.000 0.077
8417.000 0.080
8418.000 0.081
8419.000 0.082
8421.000 0.082
8422.000 0.085
8423.000 0.086
8424.000 0.087
8426.000 0.089
8427.000 0.091
8428.000 0.092
8429.000 0.095
8430.000 0.096
8432.000 0.098
8433.000 0.101
8434.000 0.102
8435.000 0.104
8437.000 0.105
8438.000 0.109
8439.000 0.112
8440.000 0.115
8442.000 0.118
8443.000 0.121
8444.000 0.125
8445.000 0.130
8446.000 0.133
8448.000 0.135
8449.000 0.142
8450.000 0.148
8451.000 0.153
8452.000 0.157
8454.000 0.166
8455.000 0.174
8456.000 0.182
8457.000 0.187
8459.000 0.200
8460.000 0.214
8461.000 0.227
8462.000 0.241
8464.000 0.257
8465.000 0.276
8466.000 0.297
8467.000 0.324
8468.000 0.352
8470.000 0.377
8471.000 0.410
8472.000 0.438
8473.000 0.463
8474.000 0.478
8476.000 0.478
8477.000 0.459
8478.000 0.422
8479.000 0.400
8480.000 0.353
8482.000 0.315
8483.000 0.262
8484.000 0.232
8485.000 0.208
8487.000 0.190
8488.000 0.173
8489.000 0.156
8490.000 0.143
8492.000 0.134
8493.000 0.121
8494.000 0.114
8495.000 0.105
8497.000 0.097
8498.000 0.088
8499.000 0.082
8500.000 0.076
8502.000 0.073
8503.000 0.068
8504.000 0.063
8505.000 0.059
8507.000 0.056
8508.000 0.053
8509.000 0.051
8510.000 0.046
8512.000 0.046
8513.000 0.041
8514.000 0.039
8515.000 0.036
8517.000 0.036
8518.000 0.033
8519.000 0.031
8520.000 0.030
8522.000 0.027
8523.000 0.025
8524.000 0.024
8525.000 0.022
8527.000 0.021
8528.000 0.019
8529.000 0.019
8530.000 0.017
8532.000 0.016
8533.000 0.016
8534.000 0.015
8535.000 0.013
8536.000 0.012
8538.000 0.011
8539.000 0.009
8540.000 0.008
8541.000 0.009
8543.000 0.006
8544.000 0.006
8545.000 0.006
8546.000 0.005
8548.000 0.005
8549.000 0.005
8550.000 0.005
8551.000 0.004
8553.000 0.005
8554.000 0.005
8555.000 0.007
8556.000 0.008
8558.000 0.007
8559.000 0.008
8560.000 0.009
8561.000 0.009
8563.000 0.010
8564.000 0.010
8565.000 0.011
8566.000 0.010
8568.000 0.012
8569.000 0.013
8570.000 0.014
8571.000 0.014
8573.000 0.013
8574.000 0.015
8575.000 0.016
8576.000 0.016
8578.000 0.017
8579.000 0.018
8580.000 0.019
8581.000 0.018
8583.000 0.019
8584.000 0.020
8585.000 0.020
8586.000 0.021
8588.000 0.021
8589.000 0.023
8590.000 0.022
8591.000 0.022
8593.000 0.023
8594.000 0.024
8595.000 0.024
8596.000 0.025
8597.000 0.026
8598.000 0.026
8600.000 0.027
8601.000 0.027
8602.000 0.028
8603.000 0.028
8604.000 0.028
8606.000 0.029
8607.000 0.030
8608.000 0.030
8609.000 0.031
8611.000 0.031
8612.000 0.032
8613.000 0.033
8614.000 0.033
8616.000 0.033
8617.000 0.033
8618.000 0.036
8619.000 0.036
8621.000 0.036
8622.000 0.037
8623.000 0.038
8624.000 0.039
8626.000 0.040
8627.000 0.041
8628.000 0.041
8629.000 0.043
8631.000 0.044
8632.000 0.045
8633.000 0.045
8634.000 0.047
8636.000 0.047
8637.000 0.050
8638.000 0.051
8639.000 0.052
8641.000 0.053
8642.000 0.057
8643.000 0.058
8644.000 0.060
8646.000 0.063
8647.000 0.065
8648.000 0.070
8649.000 0.074
8651.000 0.077
8652.000 0.082
8653.000 0.087
8654.000 0.095
8656.000 0.101
8657.000 0.116
8658.000 0.121
8659.000 0.132
8661.000 0.142
8662.000 0.155
8663.000 0.154
8664.000 0.148
8666.000 0.117
8667.000 0.087
8668.000 0.062
8669.000 0.047
8671.000 0.037
8672.000 0.029
8673.000 0.024
8674.000 0.018
8676.000 0.016
8677.000 0.014
8678.000 0.013
8679.000 0.013
8681.000 0.015
8682.000 0.016
8683.000 0.017
8684.000 0.018
8686.000 0.020
8687.000 0.022
8688.000 0.022
8689.000 0.023
8691.000 0.025
8692.000 0.026
8693.000 0.027
8694.000 0.029
8696.000 0.029
8697.000 0.030
8698.000 0.032
8699.000 0.033
8701.000 0.033
8702.000 0.035
8703.000 0.035
8704.000 0.037
8706.000 0.039
8707.000 0.039
8708.000 0.040
8709.000 0.041
8711.000 0.041
8712.000 0.043
8713.000 0.044
8715.000 0.043
8716.000 0.044
8717.000 0.046
8718.000 0.047
8719.000 0.048
8721.000 0.048
8722.000 0.048
8723.000 0.050
8724.000 0.051
8725.000 0.053
8727.000 0.053
8728.000 0.053
8729.000 0.055
8730.000 0.055
8731.000 0.056
8733.000 0.057
8734.000 0.058
8735.000 0.059
8736.000 0.061
8738.000 0.062
8739.000 0.063
8740.000 0.065
8741.000 0.065
8743.000 0.066
8744.000 0.068
8745.000 0.070
8746.000 0.071
8748.000 0.071
8749.000 0.073
8750.000 0.074
8751.000 0.076
8753.000 0.078
8754.000 0.079
8755.000 0.080
8756.000 0.080
8757.000 0.082
8758.000 0.084
8760.000 0.086
8761.000 0.089
8762.000 0.090
8763.000 0.091
8764.000 0.091
8766.000 0.093
8767.000 0.098
8768.000 0.101
8769.000 0.101
8771.000 0.102
8772.000 0.106
8773.000 0.108
8774.000 0.111
8776.000 0.112
8777.000 0.115
8778.000 0.117
8779.000 0.121
8780.000 0.122
8782.000 0.125
8783.000 0.130
8784.000 0.131
8786.000 0.135
8787.000 0.139
8788.000 0.142
8789.000 0.144
8791.000 0.147
8792.000 0.151
8793.000 0.155
8794.000 0.157
8796.000 0.160
8797.000 0.163
8798.000 0.166
8799.000 0.168
8801.000 0.169
8802.000 0.171
8803.000 0.171
8804.000 0.171
8805.000 0.172
8807.000 0.169
8808.000 0.164
8809.000 0.162
8810.000 0.158
8811.000 0.157
8813.000 0.151
8814.000 0.147
8815.000 0.142
8816.000 0.138
8817.000 0.132
8819.000 0.132
8820.000 0.125
8821.000 0.121
8822.000 0.119
8824.000 0.116
8825.000 0.113
8826.000 0.114
8827.000 0.113
8829.000 0.113
8830.000 0.113
8831.000 0.116
8832.000 0.118
8834.000 0.119
8835.000 0.127
8836.000 0.129
8837.000 0.136
8839.000 0.140
8840.000 0.145
8841.000 0.150
8842.000 0.156
8843.000 0.164
8845.000 0.170
8846.000 0.179
8847.000 0.185
8848.000 0.189
8850.000 0.195
8851.000 0.197
8852.000 0.198
8853.000 0.196
8854.000 0.195
8856.000 0.195
8857.000 0.191
8858.000 0.184
8860.000 0.176
8861.000 0.171
8862.000 0.164
8863.000 0.157
8865.000 0.153
8866.000 0.146
8867.000 0.138
8868.000 0.131
8870.000 0.127
8871.000 0.122
8872.000 0.116
8873.000 0.111
8875.000 0.106
8876.000 0.099
8877.000 0.096
8878.000 0.092
8880.000 0.088
8881.000 0.084
8882.000 0.080
8883.000 0.075
8885.000 0.075
8886.000 0.071
8887.000 0.068
8888.000 0.065
8890.000 0.062
8891.000 0.059
8892.000 0.055
8893.000 0.055
8895.000 0.053
8896.000 0.052
8897.000 0.048
8898.000 0.047
8899.000 0.046
8901.000 0.044
8902.000 0.042
8903.000 0.041
8904.000 0.040
8906.000 0.041
8907.000 0.040
8908.000 0.039
8909.000 0.039
8910.000 0.040
8912.000 0.041
8913.000 0.042
8914.000 0.042
8916.000 0.044
8917.000 0.046
8918.000 0.049
8919.000 0.050
8921.000 0.053
8922.000 0.056
8923.000 0.060
8924.000 0.063
8926.000 0.066
8927.000 0.071
8928.000 0.074
8929.000 0.078
8931.000 0.082
8932.000 0.086
8933.000 0.092
8934.000 0.097
8936.000 0.102
8937.000 0.108
8938.000 0.114
8939.000 0.120
8941.000 0.126
8942.000 0.131
8943.000 0.137
8944.000 0.142
8946.000 0.147
8947.000 0.152
8948.000 0.158
8949.000 0.163
8951.000 0.167
8952.000 0.170
8953.000 0.173
8954.000 0.174
8955.000 0.177
8957.000 0.177
8958.000 0.177
8959.000 0.175
8960.000 0.174
8962.000 0.173
8963.000 0.171
8964.000 0.168
8965.000 0.166
8967.000 0.161
8968.000 0.159
8969.000 0.155
8970.000 0.152
8972.000 0.149
8973.000 0.146
8974.000 0.143
8975.000 0.140
8977.000 0.136
8978.000 0.131
8979.000 0.129
8980.000 0.127
8982.000 0.124
8983.000 0.120
8984.000 0.118
8985.000 0.116
8986.000 0.112
8988.000 0.112
8989.000 0.110
8990.000 0.107
8991.000 0.104
8993.000 0.102
8994.000 0.100
8995.000 0.098
8996.000 0.098
8998.000 0.095
8999.000 0.092
9000.000 0.090
9001.000 0.089
9003.000 0.086
9004.000 0.086
9005.000 0.084
9006.000 0.082
9008.000 0.082
9009.000 0.080
9010.000 0.078
9011.000 0.077
9013.000 0.076
9014.000 0.073
9015.000 0.073
9016.000 0.071
9018.000 0.072
9019.000 0.069
9020.000 0.068
9021.000 0.067
9023.000 0.067
9024.000 0.065
9025.000 0.065
9026.000 0.063
9028.000 0.062
9029.000 0.062
9030.000 0.060
9031.000 0.060
9033.000 0.059
9034.000 0.057
9035.000 0.057
9036.000 0.055
9038.000 0.054
9039.000 0.053
9040.000 0.052
9041.000 0.052
9043.000 0.051
9044.000 0.050
9045.000 0.050
9046.000 0.049
9048.000 0.048
9049.000 0.046
9050.000 0.046
9051.000 0.045
9053.000 0.045
9054.000 0.044
9055.000 0.042
9056.000 0.044
9058.000 0.041
9059.000 0.040
9060.000 0.040
9061.000 0.038
9063.000 0.038
9064.000 0.038
9065.000 0.037
9066.000 0.035
9067.000 0.035
9069.000 0.034
9070.000 0.037
9071.000 0.034
9072.000 0.033
9074.000 0.034
9075.000 0.033
9076.000 0.033
9077.000 0.032
9079.000 0.031
9080.000 0.033
9081.000 0.033
9082.000 0.033
9084.000 0.033
9085.000 0.034
9086.000 0.034
9087.000 0.037
9089.000 0.037
9090.000 0.038
9091.000 0.040
9092.000 0.041
9094.000 0.043
9095.000 0.046
9096.000 0.048
9097.000 0.049
9099.000 0.052
9100.000 0.056
9101.000 0.059
9102.000 0.061
9104.000 0.064
9105.000 0.067
9106.000 0.070
9107.000 0.074
9109.000 0.076
9110.000 0.082
9111.000 0.085
9112.000 0.090
9114.000 0.093
9115.000 0.100
9116.000 0.108
9117.000 0.114
9119.000 0.120
9120.000 0.127
9121.000 0.131
9122.000 0.129
9123.000 0.124
9125.000 0.117
9126.000 0.110
9127.000 0.104
9128.000 0.099
9130.000 0.097
9131.000 0.096
9132.000 0.092
9133.000 0.091
9135.000 0.090
9136.000 0.086
9137.000 0.086
9138.000 0.084
9140.000 0.082
9141.000 0.081
9142.000 0.080
9143.000 0.079
9145.000 0.077
9146.000 0.078
9147.000 0.076
9148.000 0.074
9150.000 0.073
9151.000 0.072
9152.000 0.072
9153.000 0.071
9155.000 0.070
9156.000 0.069
9157.000 0.069
9158.000 0.068
9160.000 0.068
9161.000 0.068
9162.000 0.067
9163.000 0.067
9165.000 0.067
9166.000 0.068
9167.000 0.068
9168.000 0.066
9170.000 0.068
9171.000 0.067
9172.000 0.068
9173.000 0.069
9175.000 0.069
9176.000 0.068
9177.000 0.068
9178.000 0.068
9179.000 0.068
9181.000 0.069
9182.000 0.069
9183.000 0.069
9184.000 0.069
9186.000 0.068
9187.000 0.069
9188.000 0.069
9189.000 0.068
9191.000 0.068
9192.000 0.068
9193.000 0.068
9194.000 0.068
9196.000 0.067
9197.000 0.067
9198.000 0.066
9199.000 0.066
9201.000 0.064
9202.000 0.065
9203.000 0.065
9205.000 0.064
9206.000 0.065
9207.000 0.062
9208.000 0.062
9210.000 0.063
9211.000 0.061
9212.000 0.061
9213.000 0.060
9215.000 0.060
9216.000 0.061
9217.000 0.060
9218.000 0.059
9220.000 0.058
9221.000 0.059
9222.000 0.058
9223.000 0.058
9225.000 0.056
9226.000 0.058
9227.000 0.057
9228.000 0.057
9230.000 0.057
9231.000 0.056
9232.000 0.056
9233.000 0.056
9235.000 0.057
9236.000 0.057
9237.000 0.057
9238.000 0.058
9240.000 0.058
9241.000 0.058
9242.000 0.060
9243.000 0.060
9245.000 0.061
9246.000 0.060
9247.000 0.061
9248.000 0.062
9250.000 0.062
9251.000 0.063
9252.000 0.063
9253.000 0.064
9255.000 0.063
9256.000 0.064
9257.000 0.063
9258.000 0.063
9260.000 0.063
9261.000 0.062
9262.000 0.063
9263.000 0.063
9265.000 0.062
9266.000 0.061
9267.000 0.062
9268.000 0.060
9270.000 0.060
9271.000 0.061
9272.000 0.061
9273.000 0.061
9275.000 0.062
9276.000 0.059
9277.000 0.060
9278.000 0.059
9280.000 0.059
9281.000 0.058
9282.000 0.059
9283.000 0.059
9285.000 0.058
9286.000 0.058
9287.000 0.058
9288.000 0.056
9290.000 0.059
9291.000 0.058
9292.000 0.057
9293.000 0.056
9295.000 0.056
9296.000 0.056
9297.000 0.057
9298.000 0.055
9299.000 0.057
9301.000 0.056
9302.000 0.055
9303.000 0.055
9305.000 0.055
9306.000 0.055
9307.000 0.056
9308.000 0.056
9310.000 0.055
9311.000 0.055
9312.000 0.055
9313.000 0.055
9315.000 0.054
9316.000 0.054
9317.000 0.054
9318.000 0.054
9320.000 0.053
9321.000 0.053
9322.000 0.054
9323.000 0.054
9325.000 0.055
9326.000 0.054
9327.000 0.055
9328.000 0.055
9330.000 0.053
9331.000 0.054
9332.000 0.052
9333.000 0.053
9335.000 0.053
9336.000 0.053
9337.000 0.053
9338.000 0.052
9340.000 0.054
9341.000 0.053
9342.000 0.053
9344.000 0.053
9345.000 0.053
9346.000 0.054
9347.000 0.053
9349.000 0.053
9350.000 0.053
9351.000 0.052
9352.000 0.053
9354.000 0.053
9355.000 0.053
9356.000 0.053
9357.000 0.053
9359.000 0.053
9360.000 0.052
9361.000 0.053
9362.000 0.052
9363.000 0.052
9365.000 0.052
9366.000 0.052
9367.000 0.050
9369.000 0.052
9370.000 0.052
9371.000 0.051
9373.000 0.052
9374.000 0.052
9375.000 0.052
9376.000 0.051
9378.000 0.051
9379.000 0.053
9380.000 0.051
9381.000 0.051
9383.000 0.052
9384.000 0.053
9385.000 0.052
9386.000 0.052
9388.000 0.052
9389.000 0.051
9390.000 0.052
9391.000 0.051
9393.000 0.052
9394.000 0.052
9395.000 0.052
9396.000 0.052
9398.000 0.051
9399.000 0.053
9400.000 0.053
9401.000 0.052
9403.000 0.052
9404.000 0.052
9405.000 0.052
9407.000 0.053
9408.000 0.052
9409.000 0.052
9410.000 0.052
9412.000 0.053
9413.000 0.053
9414.000 0.052
9415.000 0.053
9417.000 0.052
9418.000 0.053
9419.000 0.052
9421.000 0.052
9422.000 0.052
9423.000 0.053
9425.000 0.053
9426.000 0.053
9427.000 0.053
9428.000 0.053
9430.000 0.053
9431.000 0.053
9432.000 0.053
9433.000 0.053
9435.000 0.053
9436.000 0.053
9437.000 0.053
9439.000 0.053
9440.000 0.053
9441.000 0.054
9442.000 0.053
9444.000 0.055
9445.000 0.054
9446.000 0.054
9447.000 0.054
9449.000 0.055
9450.000 0.054
9451.000 0.054
9452.000 0.054
9454.000 0.054
9455.000 0.054
9456.000 0.055
9457.000 0.055
9459.000 0.055
9460.000 0.054
9461.000 0.054
9462.000 0.053
9464.000 0.055
9465.000 0.055
9466.000 0.056
9467.000 0.054
9469.000 0.055
9470.000 0.056
9471.000 0.056
9472.000 0.054
9474.000 0.054
9475.000 0.056
9476.000 0.056
9477.000 0.057
9479.000 0.055
9480.000 0.057
9481.000 0.057
9482.000 0.057
9484.000 0.056
9485.000 0.057
9486.000 0.058
9487.000 0.057
9489.000 0.058
9490.000 0.057
9491.000 0.057
9492.000 0.057
9494.000 0.058
9495.000 0.057
9496.000 0.057
9497.000 0.058
9499.000 0.059
9500.000 0.058
9501.000 0.059
9502.000 0.058
9504.000 0.059
9505.000 0.061
9506.000 0.059
9507.000 0.059
9508.000 0.059
9510.000 0.060
9511.000 0.060
9512.000 0.059
9513.000 0.062
9515.000 0.061
9516.000 0.061
9517.000 0.061
9518.000 0.061
9520.000 0.061
9521.000 0.061
9522.000 0.062
9524.000 0.062
9525.000 0.062
9526.000 0.062
9527.000 0.064
9529.000 0.062
9530.000 0.064
9531.000 0.064
9532.000 0.065
9534.000 0.064
9535.000 0.064
9536.000 0.064
9537.000 0.065
9539.000 0.065
9540.000 0.065
9541.000 0.066
9543.000 0.066
9544.000 0.065
9545.000 0.066
9546.000 0.068
9548.000 0.068
9549.000 0.067
9550.000 0.068
9551.000 0.068
9553.000 0.069
9554.000 0.070
9555.000 0.070
9556.000 0.069
9558.000 0.070
9559.000 0.071
9560.000 0.072
9562.000 0.072
9563.000 0.073
9564.000 0.073
9565.000 0.075
9567.000 0.075
9568.000 0.075
9569.000 0.077
9570.000 0.077
9572.000 0.078
9573.000 0.078
9574.000 0.079
9575.000 0.081
9577.000 0.081
9578.000 0.081
9579.000 0.081
9580.000 0.082
9582.000 0.083
9583.000 0.085
9584.000 0.085
9585.000 0.087
9587.000 0.087
9588.000 0.088
9589.000 0.089
9590.000 0.091
9592.000 0.092
9593.000 0.093
9594.000 0.094
9596.000 0.095
9597.000 0.097
9598.000 0.099
9599.000 0.100
9601.000 0.102
9602.000 0.103
9603.000 0.105
9604.000 0.108
9606.000 0.110
9607.000 0.112
9608.000 0.114
9610.000 0.117
9611.000 0.119
9612.000 0.122
9613.000 0.127
9615.000 0.129
9616.000 0.133
9617.000 0.135
9619.000 0.135
9620.000 0.134
9621.000 0.130
9623.000 0.125
9624.000 0.117
9625.000 0.115
9627.000 0.117
9628.000 0.123
9629.000 0.128
9631.000 0.137
9632.000 0.142
9633.000 0.150
9634.000 0.155
9636.000 0.163
9637.000 0.172
9638.000 0.180
9640.000 0.194
9641.000 0.206
9642.000 0.218
9644.000 0.235
9645.000 0.250
9646.000 0.268
9648.000 0.284
9649.000 0.316
9650.000 0.328
9651.000 0.352
9653.000 0.381
9654.000 0.402
9655.000 0.416
9657.000 0.419
9658.000 0.401
9659.000 0.371
9660.000 0.353
9662.000 0.300
9663.000 0.264
9664.000 0.233
9665.000 0.205
9667.000 0.188
9668.000 0.160
9669.000 0.143
9670.000 0.130
9672.000 0.118
9673.000 0.107
9674.000 0.098
9676.000 0.086
9677.000 0.077
9678.000 0.070
9679.000 0.064
9681.000 0.060
9682.000 0.053
9683.000 0.048
9684.000 0.043
9686.000 0.039
9687.000 0.035
9688.000 0.032
9690.000 0.026
9691.000 0.023
9692.000 0.021
9693.000 0.019
9695.000 0.018
9696.000 0.014
9697.000 0.013
9699.000 0.012
9700.000 0.011
9701.000 0.011
9702.000 0.012
9704.000 0.014
9705.000 0.014
9706.000 0.015
9708.000 0.017
9709.000 0.019
9710.000 0.022
9711.000 0.022
9713.000 0.025
9714.000 0.028
9715.000 0.029
9717.000 0.031
9718.000 0.032
9719.000 0.034
9721.000 0.036
9722.000 0.038
9723.000 0.040
9725.000 0.042
9726.000 0.045
9727.000 0.047
9728.000 0.049
9730.000 0.052
9731.000 0.055
9732.000 0.058
9734.000 0.059
9735.000 0.063
9736.000 0.068
9737.000 0.070
9739.000 0.073
9740.000 0.077
9741.000 0.081
9743.000 0.084
9744.000 0.088
9745.000 0.092
9746.000 0.098
9748.000 0.100
9749.000 0.107
9750.000 0.111
9752.000 0.117
9753.000 0.126
9755.000 0.132
9756.000 0.143
9757.000 0.147
9759.000 0.160
9760.000 0.168
9761.000 0.178
9763.000 0.189
9764.000 0.206
9765.000 0.217
9766.000 0.228
9768.000 0.235
9769.000 0.244
9770.000 0.250
9772.000 0.251
9773.000 0.247
9774.000 0.239
9776.000 0.220
9777.000 0.204
9778.000 0.189
9779.000 0.173
9781.000 0.164
9782.000 0.143
9783.000 0.132
9785.000 0.123
9786.000 0.114
9787.000 0.105
9788.000 0.098
9790.000 0.092
9791.000 0.083
9792.000 0.077
9794.000 0.071
9795.000 0.065
9796.000 0.061
9798.000 0.057
9799.000 0.054
9800.000 0.050
9801.000 0.046
9803.000 0.042
9804.000 0.039
9805.000 0.037
9807.000 0.035
9808.000 0.031
9809.000 0.030
9811.000 0.027
9812.000 0.025
9813.000 0.023
9815.000 0.023
9816.000 0.021
9817.000 0.021
9819.000 0.019
9820.000 0.019
9821.000 0.018
9822.000 0.017
9824.000 0.017
9825.000 0.017
9826.000 0.018
9828.000 0.018
9829.000 0.019
9830.000 0.020
9831.000 0.021
9833.000 0.021
9834.000 0.023
9835.000 0.023
9836.000 0.025
9838.000 0.026
9839.000 0.028
9840.000 0.029
9842.000 0.031
9843.000 0.032
9844.000 0.034
9845.000 0.036
9847.000 0.035
9848.000 0.038
9849.000 0.039
9850.000 0.041
9852.000 0.042
9853.000 0.044
9854.000 0.046
9856.000 0.047
9857.000 0.049
9858.000 0.050
9859.000 0.053
9861.000 0.053
9862.000 0.053
9863.000 0.056
9864.000 0.057
9866.000 0.057
9867.000 0.058
9868.000 0.058
9870.000 0.060
9871.000 0.061
9872.000 0.061
9874.000 0.060
9875.000 0.059
9876.000 0.059
9878.000 0.061
9879.000 0.059
9880.000 0.057
9882.000 0.057
9883.000 0.056
9884.000 0.056
9886.000 0.054
9887.000 0.053
9888.000 0.052
9890.000 0.052
9891.000 0.049
9892.000 0.048
9894.000 0.048
9895.000 0.047
9896.000 0.043
9897.000 0.043
9899.000 0.041
9900.000 0.040
9901.000 0.039
9903.000 0.038
9904.000 0.036
9905.000 0.037
9907.000 0.036
9908.000 0.035
9909.000 0.035
9911.000 0.035
9912.000 0.036
9913.000 0.037
9915.000 0.036
9916.000 0.037
9917.000 0.037
9919.000 0.038
9920.000 0.038
9921.000 0.040
9923.000 0.041
9924.000 0.042
9926.000 0.043
9927.000 0.046
9928.000 0.048
9930.000 0.048
9931.000 0.052
9932.000 0.053
9934.000 0.055
9935.000 0.055
9936.000 0.058
9937.000 0.062
9939.000 0.062
9940.000 0.066
9941.000 0.068
9943.000 0.071
9944.000 0.074
9945.000 0.078
9946.000 0.081
9948.000 0.083
9949.000 0.085
9950.000 0.088
9952.000 0.091
9953.000 0.097
9954.000 0.101
9956.000 0.103
9957.000 0.108
9958.000 0.111
9959.000 0.114
9961.000 0.119
9962.000 0.124
9963.000 0.126
9964.000 0.132
9966.000 0.135
9967.000 0.140
9968.000 0.144
9970.000 0.146
9971.000 0.149
9972.000 0.152
9974.000 0.155
9975.000 0.156
9976.000 0.157
9978.000 0.159
9979.000 0.158
9980.000 0.157
9981.000 0.156
9983.000 0.155
9984.000 0.153
9985.000 0.149
9987.000 0.147
9988.000 0.144
9989.000 0.141
9991.000 0.136
9992.000 0.133
9993.000 0.130
9995.000 0.126
9996.000 0.120
9997.000 0.116
9999.000 0.115
